timestamp,node,event,rssi_dbm,snr_db,rx_count,data,periode_ms,detail,raw_line
08:58:45.136,S1,INIT,,,,,,=== LoRa SLAVE 1 ===,=== LoRa SLAVE 1 ===
08:58:45.144,S2,INIT,,,,,,=== LoRa SLAVE 2 ===,=== LoRa SLAVE 2 ===
08:58:45.156,S1,INIT,,,,,,Init LoRa ... OK,Init LoRa ... OK
08:58:45.160,S1,LAIN,,,,,,,Freq: 433.00 MHz
08:58:45.160,S1,LAIN,,,,,,,Menunggu POLL:1 dari Master (Raspberry Pi)...
08:58:45.165,S2,INIT,,,,,,Init LoRa ... OK,Init LoRa ... OK
08:58:45.165,S2,LAIN,,,,,,,Freq: 433.00 MHz
08:58:45.169,S2,LAIN,,,,,,,Menunggu POLL:2 dari Master (Raspberry Pi)...
08:59:09.170,S2,INIT,,,,,,=== LoRa SLAVE 2 ===,=== LoRa SLAVE 2 ===
08:59:09.191,S2,INIT,,,,,,Init LoRa ... OK,Init LoRa ... OK
08:59:09.191,S2,LAIN,,,,,,,Freq: 433.00 MHz
08:59:09.195,S2,LAIN,,,,,,,Menunggu POLL:2 dari Master (Raspberry Pi)...
08:59:12.384,S1,INIT,,,,,,=== LoRa SLAVE 1 ===,=== LoRa SLAVE 1 ===
08:59:12.401,S1,INIT,,,,,,Init LoRa ... OK,Init LoRa ... OK
08:59:12.405,S1,LAIN,,,,,,,Freq: 433.00 MHz
08:59:12.409,S1,LAIN,,,,,,,Menunggu POLL:1 dari Master (Raspberry Pi)...
08:59:39.188,S2,IGNORE_POLL,,,,,,POLL:1,[IGNORE] POLL:1
08:59:39.191,S1,RX_POLL,-66,8.75,1,,,,[RX] POLL:1 | RSSI: -66 dBm | SNR: 8.75 dB | RX#: 1
08:59:39.191,S1,TX_DATA,,,,1,,,[TX] S1:DATA:1
08:59:39.225,S2,IGNORE_REPLY,,,,,,S1:DATA:1,[IGNORE] S1:DATA:1
08:59:39.260,S1,IGNORE_POLL,,,,,,POLL:2,[IGNORE] POLL:2
08:59:39.262,S2,RX_POLL,-74,9.25,1,,,,[RX] POLL:2 | RSSI: -74 dBm | SNR: 9.25 dB | RX#: 1
08:59:39.262,S2,TX_DATA,,,,1,,,[TX] S2:DATA:1
08:59:39.298,S1,IGNORE_REPLY,,,,,,S2:DATA:1,[IGNORE] S2:DATA:1
08:59:39.831,S2,IGNORE_POLL,,,,,,POLL:1,[IGNORE] POLL:1
08:59:39.834,S1,RX_POLL,-71,9.0,2,,643,,[RX] POLL:1 | RSSI: -71 dBm | SNR: 9.00 dB | RX#: 2
08:59:39.838,S1,TX_DATA,,,,2,,,[TX] S1:DATA:2
08:59:39.872,S2,IGNORE_REPLY,,,,,,S1:DATA:2,[IGNORE] S1:DATA:2
08:59:39.904,S1,IGNORE_POLL,,,,,,POLL:2,[IGNORE] POLL:2
08:59:39.909,S2,RX_POLL,-75,8.75,2,,647,,[RX] POLL:2 | RSSI: -75 dBm | SNR: 8.75 dB | RX#: 2
08:59:39.909,S2,TX_DATA,,,,2,,,[TX] S2:DATA:2
08:59:39.945,S1,IGNORE_REPLY,,,,,,S2:DATA:2,[IGNORE] S2:DATA:2
08:59:40.478,S2,IGNORE_POLL,,,,,,POLL:1,[IGNORE] POLL:1
08:59:40.482,S1,RX_POLL,-71,8.75,3,,648,,[RX] POLL:1 | RSSI: -71 dBm | SNR: 8.75 dB | RX#: 3
08:59:40.482,S1,TX_DATA,,,,3,,,[TX] S1:DATA:3
08:59:40.515,S2,IGNORE_REPLY,,,,,,S1:DATA:3,[IGNORE] S1:DATA:3
08:59:40.551,S1,IGNORE_POLL,,,,,,POLL:2,[IGNORE] POLL:2
08:59:40.552,S2,RX_POLL,-76,8.75,3,,643,,[RX] POLL:2 | RSSI: -76 dBm | SNR: 8.75 dB | RX#: 3
08:59:40.553,S2,TX_DATA,,,,3,,,[TX] S2:DATA:3
08:59:40.588,S1,IGNORE_REPLY,,,,,,S2:DATA:3,[IGNORE] S2:DATA:3
08:59:41.121,S2,IGNORE_POLL,,,,,,POLL:1,[IGNORE] POLL:1
08:59:41.125,S1,RX_POLL,-71,9.0,4,,643,,[RX] POLL:1 | RSSI: -71 dBm | SNR: 9.00 dB | RX#: 4
08:59:41.128,S1,TX_DATA,,,,4,,,[TX] S1:DATA:4
08:59:41.163,S2,IGNORE_REPLY,,,,,,S1:DATA:4,[IGNORE] S1:DATA:4
08:59:41.194,S1,IGNORE_POLL,,,,,,POLL:2,[IGNORE] POLL:2
08:59:41.200,S2,RX_POLL,-77,9.0,4,,647,,[RX] POLL:2 | RSSI: -77 dBm | SNR: 9.00 dB | RX#: 4
08:59:41.200,S2,TX_DATA,,,,4,,,[TX] S2:DATA:4
08:59:41.235,S1,IGNORE_REPLY,,,,,,S2:DATA:4,[IGNORE] S2:DATA:4
08:59:41.769,S2,IGNORE_POLL,,,,,,POLL:1,[IGNORE] POLL:1
08:59:41.772,S1,RX_POLL,-71,8.75,5,,647,,[RX] POLL:1 | RSSI: -71 dBm | SNR: 8.75 dB | RX#: 5
08:59:41.772,S1,TX_DATA,,,,5,,,[TX] S1:DATA:5
08:59:41.805,S2,IGNORE_REPLY,,,,,,S1:DATA:5,[IGNORE] S1:DATA:5
08:59:41.841,S1,IGNORE_POLL,,,,,,POLL:2,[IGNORE] POLL:2
08:59:41.842,S2,RX_POLL,-77,9.0,5,,643,,[RX] POLL:2 | RSSI: -77 dBm | SNR: 9.00 dB | RX#: 5
08:59:41.843,S2,TX_DATA,,,,5,,,[TX] S2:DATA:5
08:59:41.878,S1,IGNORE_REPLY,,,,,,S2:DATA:5,[IGNORE] S2:DATA:5
08:59:42.412,S2,IGNORE_POLL,,,,,,POLL:1,[IGNORE] POLL:1
08:59:42.415,S1,RX_POLL,-71,8.5,6,,643,,[RX] POLL:1 | RSSI: -71 dBm | SNR: 8.50 dB | RX#: 6
08:59:42.415,S1,TX_DATA,,,,6,,,[TX] S1:DATA:6
08:59:42.452,S2,IGNORE_REPLY,,,,,,S1:DATA:6,[IGNORE] S1:DATA:6
08:59:42.484,S1,IGNORE_POLL,,,,,,POLL:2,[IGNORE] POLL:2
08:59:42.489,S2,RX_POLL,-75,9.0,6,,647,,[RX] POLL:2 | RSSI: -75 dBm | SNR: 9.00 dB | RX#: 6
08:59:42.490,S2,TX_DATA,,,,6,,,[TX] S2:DATA:6
08:59:42.525,S1,IGNORE_REPLY,,,,,,S2:DATA:6,[IGNORE] S2:DATA:6
08:59:43.058,S2,IGNORE_POLL,,,,,,POLL:1,[IGNORE] POLL:1
08:59:43.061,S1,RX_POLL,-70,8.75,7,,647,,[RX] POLL:1 | RSSI: -70 dBm | SNR: 8.75 dB | RX#: 7
08:59:43.062,S1,TX_DATA,,,,7,,,[TX] S1:DATA:7
08:59:43.095,S2,IGNORE_REPLY,,,,,,S1:DATA:7,[IGNORE] S1:DATA:7
08:59:43.131,S1,IGNORE_POLL,,,,,,POLL:2,[IGNORE] POLL:2
08:59:43.132,S2,RX_POLL,-74,8.5,7,,643,,[RX] POLL:2 | RSSI: -74 dBm | SNR: 8.50 dB | RX#: 7
08:59:43.133,S2,TX_DATA,,,,7,,,[TX] S2:DATA:7
08:59:43.168,S1,IGNORE_REPLY,,,,,,S2:DATA:7,[IGNORE] S2:DATA:7
08:59:43.702,S2,IGNORE_POLL,,,,,,POLL:1,[IGNORE] POLL:1
08:59:43.705,S1,RX_POLL,-70,8.75,8,,643,,[RX] POLL:1 | RSSI: -70 dBm | SNR: 8.75 dB | RX#: 8
08:59:43.710,S1,TX_DATA,,,,8,,,[TX] S1:DATA:8
08:59:43.743,S2,IGNORE_REPLY,,,,,,S1:DATA:8,[IGNORE] S1:DATA:8
08:59:43.775,S1,IGNORE_POLL,,,,,,POLL:2,[IGNORE] POLL:2
08:59:43.780,S2,RX_POLL,-74,9.0,8,,647,,[RX] POLL:2 | RSSI: -74 dBm | SNR: 9.00 dB | RX#: 8
08:59:43.780,S2,TX_DATA,,,,8,,,[TX] S2:DATA:8
08:59:43.815,S1,IGNORE_REPLY,,,,,,S2:DATA:8,[IGNORE] S2:DATA:8
08:59:44.349,S2,IGNORE_POLL,,,,,,POLL:1,[IGNORE] POLL:1
08:59:44.352,S1,RX_POLL,-70,8.75,9,,647,,[RX] POLL:1 | RSSI: -70 dBm | SNR: 8.75 dB | RX#: 9
08:59:44.353,S1,TX_DATA,,,,9,,,[TX] S1:DATA:9
08:59:44.386,S2,IGNORE_REPLY,,,,,,S1:DATA:9,[IGNORE] S1:DATA:9
08:59:44.418,S1,IGNORE_POLL,,,,,,POLL:2,[IGNORE] POLL:2
08:59:44.423,S2,RX_POLL,-75,8.75,9,,644,,[RX] POLL:2 | RSSI: -75 dBm | SNR: 8.75 dB | RX#: 9
08:59:44.424,S2,TX_DATA,,,,9,,,[TX] S2:DATA:9
08:59:44.458,S1,IGNORE_REPLY,,,,,,S2:DATA:9,[IGNORE] S2:DATA:9
08:59:44.992,S2,IGNORE_POLL,,,,,,POLL:1,[IGNORE] POLL:1
08:59:44.995,S1,RX_POLL,-70,8.75,10,,643,,[RX] POLL:1 | RSSI: -70 dBm | SNR: 8.75 dB | RX#: 10
08:59:44.995,S1,TX_DATA,,,,10,,,[TX] S1:DATA:10
08:59:45.033,S2,IGNORE_REPLY,,,,,,S1:DATA:10,[IGNORE] S1:DATA:10
08:59:45.065,S1,IGNORE_POLL,,,,,,POLL:2,[IGNORE] POLL:2
08:59:45.070,S2,RX_POLL,-75,8.75,10,,647,,[RX] POLL:2 | RSSI: -75 dBm | SNR: 8.75 dB | RX#: 10
08:59:45.070,S2,TX_DATA,,,,10,,,[TX] S2:DATA:10
08:59:45.105,S1,IGNORE_REPLY,,,,,,S2:DATA:10,[IGNORE] S2:DATA:10
08:59:45.639,S2,IGNORE_POLL,,,,,,POLL:1,[IGNORE] POLL:1
08:59:45.642,S1,RX_POLL,-70,9.0,11,,647,,[RX] POLL:1 | RSSI: -70 dBm | SNR: 9.00 dB | RX#: 11
08:59:45.642,S1,TX_DATA,,,,11,,,[TX] S1:DATA:11
08:59:45.676,S2,IGNORE_REPLY,,,,,,S1:DATA:11,[IGNORE] S1:DATA:11
08:59:45.711,S1,IGNORE_POLL,,,,,,POLL:2,[IGNORE] POLL:2
08:59:45.713,S2,RX_POLL,-76,9.0,11,,643,,[RX] POLL:2 | RSSI: -76 dBm | SNR: 9.00 dB | RX#: 11
08:59:45.713,S2,TX_DATA,,,,11,,,[TX] S2:DATA:11
08:59:45.748,S1,IGNORE_REPLY,,,,,,S2:DATA:11,[IGNORE] S2:DATA:11
08:59:46.282,S2,IGNORE_POLL,,,,,,POLL:1,[IGNORE] POLL:1
08:59:46.286,S1,RX_POLL,-70,8.75,12,,644,,[RX] POLL:1 | RSSI: -70 dBm | SNR: 8.75 dB | RX#: 12
08:59:46.286,S1,TX_DATA,,,,12,,,[TX] S1:DATA:12
08:59:46.323,S2,IGNORE_REPLY,,,,,,S1:DATA:12,[IGNORE] S1:DATA:12
08:59:46.355,S1,IGNORE_POLL,,,,,,POLL:2,[IGNORE] POLL:2
08:59:46.360,S2,RX_POLL,-74,9.25,12,,647,,[RX] POLL:2 | RSSI: -74 dBm | SNR: 9.25 dB | RX#: 12
08:59:46.360,S2,TX_DATA,,,,12,,,[TX] S2:DATA:12
08:59:46.396,S1,IGNORE_REPLY,,,,,,S2:DATA:12,[IGNORE] S2:DATA:12
08:59:46.929,S2,IGNORE_POLL,,,,,,POLL:1,[IGNORE] POLL:1
08:59:46.932,S1,RX_POLL,-70,8.75,13,,646,,[RX] POLL:1 | RSSI: -70 dBm | SNR: 8.75 dB | RX#: 13
08:59:46.932,S1,TX_DATA,,,,13,,,[TX] S1:DATA:13
08:59:46.967,S2,IGNORE_REPLY,,,,,,S1:DATA:13,[IGNORE] S1:DATA:13
08:59:47.002,S1,IGNORE_POLL,,,,,,POLL:2,[IGNORE] POLL:2
08:59:47.003,S2,RX_POLL,-73,9.0,13,,643,,[RX] POLL:2 | RSSI: -73 dBm | SNR: 9.00 dB | RX#: 13
08:59:47.007,S2,TX_DATA,,,,13,,,[TX] S2:DATA:13
08:59:47.039,S1,IGNORE_REPLY,,,,,,S2:DATA:13,[IGNORE] S2:DATA:13
08:59:47.572,S2,IGNORE_POLL,,,,,,POLL:1,[IGNORE] POLL:1
08:59:47.575,S1,RX_POLL,-70,8.75,14,,643,,[RX] POLL:1 | RSSI: -70 dBm | SNR: 8.75 dB | RX#: 14
08:59:47.579,S1,TX_DATA,,,,14,,,[TX] S1:DATA:14
08:59:47.613,S2,IGNORE_REPLY,,,,,,S1:DATA:14,[IGNORE] S1:DATA:14
08:59:48.107,S1,IGNORE_POLL,,,,,,POLL:2,[IGNORE] POLL:2
08:59:48.109,S2,RX_POLL,-73,9.25,14,,1106,,[RX] POLL:2 | RSSI: -73 dBm | SNR: 9.25 dB | RX#: 14
08:59:48.109,S2,TX_DATA,,,,14,,,[TX] S2:DATA:14
08:59:48.144,S1,IGNORE_REPLY,,,,,,S2:DATA:14,[IGNORE] S2:DATA:14
08:59:48.678,S2,IGNORE_POLL,,,,,,POLL:1,[IGNORE] POLL:1
08:59:48.682,S1,RX_POLL,-70,8.5,15,,1106,,[RX] POLL:1 | RSSI: -70 dBm | SNR: 8.50 dB | RX#: 15
08:59:48.682,S1,TX_DATA,,,,15,,,[TX] S1:DATA:15
08:59:48.719,S2,IGNORE_REPLY,,,,,,S1:DATA:15,[IGNORE] S1:DATA:15
08:59:48.751,S1,IGNORE_POLL,,,,,,POLL:2,[IGNORE] POLL:2
08:59:48.752,S2,RX_POLL,-73,9.25,15,,643,,[RX] POLL:2 | RSSI: -73 dBm | SNR: 9.25 dB | RX#: 15
08:59:48.756,S2,TX_DATA,,,,15,,,[TX] S2:DATA:15
08:59:48.791,S1,IGNORE_REPLY,,,,,,S2:DATA:15,[IGNORE] S2:DATA:15
08:59:49.321,S2,IGNORE_POLL,,,,,,POLL:1,[IGNORE] POLL:1
08:59:49.328,S1,RX_POLL,-70,8.75,16,,647,,[RX] POLL:1 | RSSI: -70 dBm | SNR: 8.75 dB | RX#: 16
08:59:49.329,S1,TX_DATA,,,,16,,,[TX] S1:DATA:16
08:59:49.362,S2,IGNORE_REPLY,,,,,,S1:DATA:16,[IGNORE] S1:DATA:16
08:59:49.394,S1,IGNORE_POLL,,,,,,POLL:2,[IGNORE] POLL:2
08:59:49.399,S2,RX_POLL,-73,9.25,16,,647,,[RX] POLL:2 | RSSI: -73 dBm | SNR: 9.25 dB | RX#: 16
08:59:49.399,S2,TX_DATA,,,,16,,,[TX] S2:DATA:16
08:59:49.435,S1,IGNORE_REPLY,,,,,,S2:DATA:16,[IGNORE] S2:DATA:16
08:59:49.968,S2,IGNORE_POLL,,,,,,POLL:1,[IGNORE] POLL:1
08:59:49.971,S1,RX_POLL,-70,8.75,17,,643,,[RX] POLL:1 | RSSI: -70 dBm | SNR: 8.75 dB | RX#: 17
08:59:49.972,S1,TX_DATA,,,,17,,,[TX] S1:DATA:17
08:59:50.009,S2,IGNORE_REPLY,,,,,,S1:DATA:17,[IGNORE] S1:DATA:17
08:59:50.041,S1,IGNORE_POLL,,,,,,POLL:2,[IGNORE] POLL:2
08:59:50.042,S2,RX_POLL,-73,9.0,17,,643,,[RX] POLL:2 | RSSI: -73 dBm | SNR: 9.00 dB | RX#: 17
08:59:50.046,S2,TX_DATA,,,,17,,,[TX] S2:DATA:17
08:59:50.082,S1,IGNORE_REPLY,,,,,,S2:DATA:17,[IGNORE] S2:DATA:17
08:59:50.611,S2,IGNORE_POLL,,,,,,POLL:1,[IGNORE] POLL:1
08:59:50.615,S1,RX_POLL,-70,8.75,18,,644,,[RX] POLL:1 | RSSI: -70 dBm | SNR: 8.75 dB | RX#: 18
08:59:50.619,S1,TX_DATA,,,,18,,,[TX] S1:DATA:18
08:59:50.652,S2,IGNORE_REPLY,,,,,,S1:DATA:18,[IGNORE] S1:DATA:18
08:59:50.684,S1,IGNORE_POLL,,,,,,POLL:2,[IGNORE] POLL:2
08:59:50.689,S2,RX_POLL,-73,9.0,18,,647,,[RX] POLL:2 | RSSI: -73 dBm | SNR: 9.00 dB | RX#: 18
08:59:50.689,S2,TX_DATA,,,,18,,,[TX] S2:DATA:18
08:59:50.725,S1,IGNORE_REPLY,,,,,,S2:DATA:18,[IGNORE] S2:DATA:18
08:59:51.258,S2,IGNORE_POLL,,,,,,POLL:1,[IGNORE] POLL:1
08:59:51.261,S1,RX_POLL,-70,8.75,19,,646,,[RX] POLL:1 | RSSI: -70 dBm | SNR: 8.75 dB | RX#: 19
08:59:51.262,S1,TX_DATA,,,,19,,,[TX] S1:DATA:19
08:59:51.295,S2,IGNORE_REPLY,,,,,,S1:DATA:19,[IGNORE] S1:DATA:19
08:59:51.331,S1,IGNORE_POLL,,,,,,POLL:2,[IGNORE] POLL:2
08:59:51.332,S2,RX_POLL,-73,9.0,19,,643,,[RX] POLL:2 | RSSI: -73 dBm | SNR: 9.00 dB | RX#: 19
08:59:51.333,S2,TX_DATA,,,,19,,,[TX] S2:DATA:19
08:59:51.368,S1,IGNORE_REPLY,,,,,,S2:DATA:19,[IGNORE] S2:DATA:19
08:59:51.901,S2,IGNORE_POLL,,,,,,POLL:1,[IGNORE] POLL:1
08:59:51.905,S1,RX_POLL,-70,8.5,20,,643,,[RX] POLL:1 | RSSI: -70 dBm | SNR: 8.50 dB | RX#: 20
08:59:51.908,S1,TX_DATA,,,,20,,,[TX] S1:DATA:20
08:59:51.942,S2,IGNORE_REPLY,,,,,,S1:DATA:20,[IGNORE] S1:DATA:20
08:59:51.974,S1,IGNORE_POLL,,,,,,POLL:2,[IGNORE] POLL:2
08:59:51.979,S2,RX_POLL,-73,9.25,20,,647,,[RX] POLL:2 | RSSI: -73 dBm | SNR: 9.25 dB | RX#: 20
08:59:51.979,S2,TX_DATA,,,,20,,,[TX] S2:DATA:20
08:59:52.015,S1,IGNORE_REPLY,,,,,,S2:DATA:20,[IGNORE] S2:DATA:20
08:59:52.548,S2,IGNORE_POLL,,,,,,POLL:1,[IGNORE] POLL:1
08:59:52.551,S1,RX_POLL,-70,9.0,21,,647,,[RX] POLL:1 | RSSI: -70 dBm | SNR: 9.00 dB | RX#: 21
08:59:52.552,S1,TX_DATA,,,,21,,,[TX] S1:DATA:21
08:59:52.585,S2,IGNORE_REPLY,,,,,,S1:DATA:21,[IGNORE] S1:DATA:21
08:59:52.617,S1,IGNORE_POLL,,,,,,POLL:2,[IGNORE] POLL:2
08:59:52.622,S2,RX_POLL,-72,9.0,21,,643,,[RX] POLL:2 | RSSI: -72 dBm | SNR: 9.00 dB | RX#: 21
08:59:52.623,S2,TX_DATA,,,,21,,,[TX] S2:DATA:21
08:59:52.658,S1,IGNORE_REPLY,,,,,,S2:DATA:21,[IGNORE] S2:DATA:21
08:59:53.192,S2,IGNORE_POLL,,,,,,POLL:1,[IGNORE] POLL:1
08:59:53.195,S1,RX_POLL,-70,8.75,22,,644,,[RX] POLL:1 | RSSI: -70 dBm | SNR: 8.75 dB | RX#: 22
08:59:53.195,S1,TX_DATA,,,,22,,,[TX] S1:DATA:22
08:59:53.233,S2,IGNORE_REPLY,,,,,,S1:DATA:22,[IGNORE] S1:DATA:22
08:59:53.264,S1,IGNORE_POLL,,,,,,POLL:2,[IGNORE] POLL:2
08:59:53.269,S2,RX_POLL,-72,9.0,22,,647,,[RX] POLL:2 | RSSI: -72 dBm | SNR: 9.00 dB | RX#: 22
08:59:53.270,S2,TX_DATA,,,,22,,,[TX] S2:DATA:22
08:59:53.305,S1,IGNORE_REPLY,,,,,,S2:DATA:22,[IGNORE] S2:DATA:22
08:59:53.839,S2,IGNORE_POLL,,,,,,POLL:1,[IGNORE] POLL:1
08:59:53.842,S1,RX_POLL,-70,8.5,23,,647,,[RX] POLL:1 | RSSI: -70 dBm | SNR: 8.50 dB | RX#: 23
08:59:53.842,S1,TX_DATA,,,,23,,,[TX] S1:DATA:23
08:59:53.876,S2,IGNORE_REPLY,,,,,,S1:DATA:23,[IGNORE] S1:DATA:23
08:59:53.911,S1,IGNORE_POLL,,,,,,POLL:2,[IGNORE] POLL:2
08:59:53.912,S2,RX_POLL,-73,8.75,23,,643,,[RX] POLL:2 | RSSI: -73 dBm | SNR: 8.75 dB | RX#: 23
08:59:53.913,S2,TX_DATA,,,,23,,,[TX] S2:DATA:23
08:59:53.949,S1,IGNORE_REPLY,,,,,,S2:DATA:23,[IGNORE] S2:DATA:23
08:59:54.482,S2,IGNORE_POLL,,,,,,POLL:1,[IGNORE] POLL:1
08:59:54.485,S1,RX_POLL,-70,8.5,24,,643,,[RX] POLL:1 | RSSI: -70 dBm | SNR: 8.50 dB | RX#: 24
08:59:54.489,S1,TX_DATA,,,,24,,,[TX] S1:DATA:24
08:59:54.523,S2,IGNORE_REPLY,,,,,,S1:DATA:24,[IGNORE] S1:DATA:24
08:59:54.554,S1,IGNORE_POLL,,,,,,POLL:2,[IGNORE] POLL:2
08:59:54.560,S2,RX_POLL,-73,8.75,24,,647,,[RX] POLL:2 | RSSI: -73 dBm | SNR: 8.75 dB | RX#: 24
08:59:54.560,S2,TX_DATA,,,,24,,,[TX] S2:DATA:24
08:59:54.595,S1,IGNORE_REPLY,,,,,,S2:DATA:24,[IGNORE] S2:DATA:24
08:59:55.129,S2,IGNORE_POLL,,,,,,POLL:1,[IGNORE] POLL:1
08:59:55.132,S1,RX_POLL,-70,8.5,25,,647,,[RX] POLL:1 | RSSI: -70 dBm | SNR: 8.50 dB | RX#: 25
08:59:55.132,S1,TX_DATA,,,,25,,,[TX] S1:DATA:25
08:59:55.166,S2,IGNORE_REPLY,,,,,,S1:DATA:25,[IGNORE] S1:DATA:25
08:59:55.201,S1,IGNORE_POLL,,,,,,POLL:2,[IGNORE] POLL:2
08:59:55.203,S2,RX_POLL,-73,8.75,25,,643,,[RX] POLL:2 | RSSI: -73 dBm | SNR: 8.75 dB | RX#: 25
08:59:55.206,S2,TX_DATA,,,,25,,,[TX] S2:DATA:25
08:59:55.242,S1,IGNORE_REPLY,,,,,,S2:DATA:25,[IGNORE] S2:DATA:25
08:59:55.772,S2,IGNORE_POLL,,,,,,POLL:1,[IGNORE] POLL:1
08:59:55.776,S1,RX_POLL,-70,8.75,26,,644,,[RX] POLL:1 | RSSI: -70 dBm | SNR: 8.75 dB | RX#: 26
08:59:55.779,S1,TX_DATA,,,,26,,,[TX] S1:DATA:26
08:59:55.813,S2,IGNORE_REPLY,,,,,,S1:DATA:26,[IGNORE] S1:DATA:26
08:59:55.845,S1,IGNORE_POLL,,,,,,POLL:2,[IGNORE] POLL:2
08:59:55.850,S2,RX_POLL,-73,9.5,26,,648,,[RX] POLL:2 | RSSI: -73 dBm | SNR: 9.50 dB | RX#: 26
08:59:55.851,S2,TX_DATA,,,,26,,,[TX] S2:DATA:26
08:59:55.885,S1,IGNORE_REPLY,,,,,,S2:DATA:26,[IGNORE] S2:DATA:26
08:59:56.419,S2,IGNORE_POLL,,,,,,POLL:1,[IGNORE] POLL:1
08:59:56.423,S1,RX_POLL,-70,8.75,27,,647,,[RX] POLL:1 | RSSI: -70 dBm | SNR: 8.75 dB | RX#: 27
08:59:56.423,S1,TX_DATA,,,,27,,,[TX] S1:DATA:27
08:59:56.460,S2,IGNORE_REPLY,,,,,,S1:DATA:27,[IGNORE] S1:DATA:27
08:59:56.492,S1,IGNORE_POLL,,,,,,POLL:2,[IGNORE] POLL:2
08:59:56.493,S2,RX_POLL,-73,9.0,27,,643,,[RX] POLL:2 | RSSI: -73 dBm | SNR: 9.00 dB | RX#: 27
08:59:56.497,S2,TX_DATA,,,,27,,,[TX] S2:DATA:27
08:59:56.532,S1,IGNORE_REPLY,,,,,,S2:DATA:27,[IGNORE] S2:DATA:27
08:59:57.063,S2,IGNORE_POLL,,,,,,POLL:1,[IGNORE] POLL:1
08:59:57.065,S1,RX_POLL,-67,8.0,28,,643,,[RX] POLL:1 | RSSI: -67 dBm | SNR: 8.00 dB | RX#: 28
08:59:57.069,S1,TX_DATA,,,,28,,,[TX] S1:DATA:28
08:59:57.103,S2,IGNORE_REPLY,,,,,,S1:DATA:28,[IGNORE] S1:DATA:28
08:59:57.135,S1,IGNORE_POLL,,,,,,POLL:2,[IGNORE] POLL:2
08:59:57.140,S2,RX_POLL,-73,9.0,28,,647,,[RX] POLL:2 | RSSI: -73 dBm | SNR: 9.00 dB | RX#: 28
08:59:57.140,S2,TX_DATA,,,,28,,,[TX] S2:DATA:28
08:59:57.176,S1,IGNORE_REPLY,,,,,,S2:DATA:28,[IGNORE] S2:DATA:28
08:59:57.709,S2,IGNORE_POLL,,,,,,POLL:1,[IGNORE] POLL:1
08:59:57.712,S1,RX_POLL,-70,8.25,29,,647,,[RX] POLL:1 | RSSI: -70 dBm | SNR: 8.25 dB | RX#: 29
08:59:57.713,S1,TX_DATA,,,,29,,,[TX] S1:DATA:29
08:59:57.750,S2,IGNORE_REPLY,,,,,,S1:DATA:29,[IGNORE] S1:DATA:29
08:59:57.782,S1,IGNORE_POLL,,,,,,POLL:2,[IGNORE] POLL:2
08:59:57.787,S2,RX_POLL,-73,9.0,29,,647,,[RX] POLL:2 | RSSI: -73 dBm | SNR: 9.00 dB | RX#: 29
08:59:57.787,S2,TX_DATA,,,,29,,,[TX] S2:DATA:29
08:59:57.823,S1,IGNORE_REPLY,,,,,,S2:DATA:29,[IGNORE] S2:DATA:29
08:59:58.356,S2,IGNORE_POLL,,,,,,POLL:1,[IGNORE] POLL:1
08:59:58.359,S1,RX_POLL,-70,8.5,30,,647,,[RX] POLL:1 | RSSI: -70 dBm | SNR: 8.50 dB | RX#: 30
08:59:58.360,S1,TX_DATA,,,,30,,,[TX] S1:DATA:30
08:59:58.394,S2,IGNORE_REPLY,,,,,,S1:DATA:30,[IGNORE] S1:DATA:30
08:59:58.425,S1,IGNORE_POLL,,,,,,POLL:2,[IGNORE] POLL:2
08:59:58.431,S2,RX_POLL,-73,9.25,30,,644,,[RX] POLL:2 | RSSI: -73 dBm | SNR: 9.25 dB | RX#: 30
08:59:58.431,S2,TX_DATA,,,,30,,,[TX] S2:DATA:30
08:59:58.466,S1,IGNORE_REPLY,,,,,,S2:DATA:30,[IGNORE] S2:DATA:30
08:59:58.999,S2,IGNORE_POLL,,,,,,POLL:1,[IGNORE] POLL:1
08:59:59.002,S1,RX_POLL,-70,8.5,31,,643,,[RX] POLL:1 | RSSI: -70 dBm | SNR: 8.50 dB | RX#: 31
08:59:59.003,S1,TX_DATA,,,,31,,,[TX] S1:DATA:31
08:59:59.040,S2,IGNORE_REPLY,,,,,,S1:DATA:31,[IGNORE] S1:DATA:31
08:59:59.072,S1,IGNORE_POLL,,,,,,POLL:2,[IGNORE] POLL:2
08:59:59.073,S2,RX_POLL,-72,9.0,31,,643,,[RX] POLL:2 | RSSI: -72 dBm | SNR: 9.00 dB | RX#: 31
08:59:59.078,S2,TX_DATA,,,,31,,,[TX] S2:DATA:31
08:59:59.113,S1,IGNORE_REPLY,,,,,,S2:DATA:31,[IGNORE] S2:DATA:31
08:59:59.642,S2,IGNORE_POLL,,,,,,POLL:1,[IGNORE] POLL:1
08:59:59.646,S1,RX_POLL,-70,8.75,32,,643,,[RX] POLL:1 | RSSI: -70 dBm | SNR: 8.75 dB | RX#: 32
08:59:59.649,S1,TX_DATA,,,,32,,,[TX] S1:DATA:32
08:59:59.684,S2,IGNORE_REPLY,,,,,,S1:DATA:32,[IGNORE] S1:DATA:32
08:59:59.715,S1,IGNORE_POLL,,,,,,POLL:2,[IGNORE] POLL:2
08:59:59.720,S2,RX_POLL,-73,9.0,32,,647,,[RX] POLL:2 | RSSI: -73 dBm | SNR: 9.00 dB | RX#: 32
08:59:59.720,S2,TX_DATA,,,,32,,,[TX] S2:DATA:32
08:59:59.756,S1,IGNORE_REPLY,,,,,,S2:DATA:32,[IGNORE] S2:DATA:32
09:00:00.289,S2,IGNORE_POLL,,,,,,POLL:1,[IGNORE] POLL:1
09:00:00.293,S1,RX_POLL,-70,9.0,33,,647,,[RX] POLL:1 | RSSI: -70 dBm | SNR: 9.00 dB | RX#: 33
09:00:00.293,S1,TX_DATA,,,,33,,,[TX] S1:DATA:33
09:00:00.330,S2,IGNORE_REPLY,,,,,,S1:DATA:33,[IGNORE] S1:DATA:33
09:00:00.362,S1,IGNORE_POLL,,,,,,POLL:2,[IGNORE] POLL:2
09:00:00.363,S2,RX_POLL,-72,9.0,33,,643,,[RX] POLL:2 | RSSI: -72 dBm | SNR: 9.00 dB | RX#: 33
09:00:00.367,S2,TX_DATA,,,,33,,,[TX] S2:DATA:33
09:00:00.399,S1,IGNORE_REPLY,,,,,,S2:DATA:33,[IGNORE] S2:DATA:33
09:00:00.933,S2,IGNORE_POLL,,,,,,POLL:1,[IGNORE] POLL:1
09:00:00.936,S1,RX_POLL,-70,8.75,34,,644,,[RX] POLL:1 | RSSI: -70 dBm | SNR: 8.75 dB | RX#: 34
09:00:00.940,S1,TX_DATA,,,,34,,,[TX] S1:DATA:34
09:00:00.974,S2,IGNORE_REPLY,,,,,,S1:DATA:34,[IGNORE] S1:DATA:34
09:00:01.006,S1,IGNORE_POLL,,,,,,POLL:2,[IGNORE] POLL:2
09:00:01.011,S2,RX_POLL,-72,9.25,34,,647,,[RX] POLL:2 | RSSI: -72 dBm | SNR: 9.25 dB | RX#: 34
09:00:01.011,S2,TX_DATA,,,,34,,,[TX] S2:DATA:34
09:00:01.046,S1,IGNORE_REPLY,,,,,,S2:DATA:34,[IGNORE] S2:DATA:34
09:00:01.579,S2,IGNORE_POLL,,,,,,POLL:1,[IGNORE] POLL:1
09:00:01.583,S1,RX_POLL,-70,8.5,35,,646,,[RX] POLL:1 | RSSI: -70 dBm | SNR: 8.50 dB | RX#: 35
09:00:01.583,S1,TX_DATA,,,,35,,,[TX] S1:DATA:35
09:00:01.617,S2,IGNORE_REPLY,,,,,,S1:DATA:35,[IGNORE] S1:DATA:35
09:00:01.652,S1,IGNORE_POLL,,,,,,POLL:2,[IGNORE] POLL:2
09:00:01.653,S2,RX_POLL,-73,9.25,35,,643,,[RX] POLL:2 | RSSI: -73 dBm | SNR: 9.25 dB | RX#: 35
09:00:01.654,S2,TX_DATA,,,,35,,,[TX] S2:DATA:35
09:00:01.689,S1,IGNORE_REPLY,,,,,,S2:DATA:35,[IGNORE] S2:DATA:35
09:00:02.223,S2,IGNORE_POLL,,,,,,POLL:1,[IGNORE] POLL:1
09:00:02.226,S1,RX_POLL,-70,8.75,36,,643,,[RX] POLL:1 | RSSI: -70 dBm | SNR: 8.75 dB | RX#: 36
09:00:02.226,S1,TX_DATA,,,,36,,,[TX] S1:DATA:36
09:00:02.264,S2,IGNORE_REPLY,,,,,,S1:DATA:36,[IGNORE] S1:DATA:36
09:00:02.295,S1,IGNORE_POLL,,,,,,POLL:2,[IGNORE] POLL:2
09:00:02.297,S2,RX_POLL,-72,9.0,36,,643,,[RX] POLL:2 | RSSI: -72 dBm | SNR: 9.00 dB | RX#: 36
09:00:02.300,S2,TX_DATA,,,,36,,,[TX] S2:DATA:36
09:00:02.336,S1,IGNORE_REPLY,,,,,,S2:DATA:36,[IGNORE] S2:DATA:36
09:00:02.867,S2,IGNORE_POLL,,,,,,POLL:1,[IGNORE] POLL:1
09:00:02.873,S1,RX_POLL,-69,8.75,37,,647,,[RX] POLL:1 | RSSI: -69 dBm | SNR: 8.75 dB | RX#: 37
09:00:02.873,S1,TX_DATA,,,,37,,,[TX] S1:DATA:37
09:00:02.907,S2,IGNORE_REPLY,,,,,,S1:DATA:37,[IGNORE] S1:DATA:37
09:00:02.938,S1,IGNORE_POLL,,,,,,POLL:2,[IGNORE] POLL:2
09:00:02.944,S2,RX_POLL,-72,8.75,37,,647,,[RX] POLL:2 | RSSI: -72 dBm | SNR: 8.75 dB | RX#: 37
09:00:02.944,S2,TX_DATA,,,,37,,,[TX] S2:DATA:37
09:00:02.979,S1,IGNORE_REPLY,,,,,,S2:DATA:37,[IGNORE] S2:DATA:37
09:00:03.513,S2,IGNORE_POLL,,,,,,POLL:1,[IGNORE] POLL:1
09:00:03.516,S1,RX_POLL,-70,8.5,38,,643,,[RX] POLL:1 | RSSI: -70 dBm | SNR: 8.50 dB | RX#: 38
09:00:03.516,S1,TX_DATA,,,,38,,,[TX] S1:DATA:38
09:00:03.554,S2,IGNORE_REPLY,,,,,,S1:DATA:38,[IGNORE] S1:DATA:38
09:00:03.585,S1,IGNORE_POLL,,,,,,POLL:2,[IGNORE] POLL:2
09:00:03.591,S2,RX_POLL,-73,8.75,38,,647,,[RX] POLL:2 | RSSI: -73 dBm | SNR: 8.75 dB | RX#: 38
09:00:03.591,S2,TX_DATA,,,,38,,,[TX] S2:DATA:38
09:00:03.626,S1,IGNORE_REPLY,,,,,,S2:DATA:38,[IGNORE] S2:DATA:38
09:00:04.160,S2,IGNORE_POLL,,,,,,POLL:1,[IGNORE] POLL:1
09:00:04.163,S1,RX_POLL,-70,9.25,39,,647,,[RX] POLL:1 | RSSI: -70 dBm | SNR: 9.25 dB | RX#: 39
09:00:04.164,S1,TX_DATA,,,,39,,,[TX] S1:DATA:39
09:00:04.197,S2,IGNORE_REPLY,,,,,,S1:DATA:39,[IGNORE] S1:DATA:39
09:00:04.232,S1,IGNORE_POLL,,,,,,POLL:2,[IGNORE] POLL:2
09:00:04.234,S2,RX_POLL,-75,8.75,39,,644,,[RX] POLL:2 | RSSI: -75 dBm | SNR: 8.75 dB | RX#: 39
09:00:04.235,S2,TX_DATA,,,,39,,,[TX] S2:DATA:39
09:00:04.270,S1,IGNORE_REPLY,,,,,,S2:DATA:39,[IGNORE] S2:DATA:39
09:00:04.803,S2,IGNORE_POLL,,,,,,POLL:1,[IGNORE] POLL:1
09:00:04.806,S1,RX_POLL,-70,8.75,40,,643,,[RX] POLL:1 | RSSI: -70 dBm | SNR: 8.75 dB | RX#: 40
09:00:04.810,S1,TX_DATA,,,,40,,,[TX] S1:DATA:40
09:00:04.844,S2,IGNORE_REPLY,,,,,,S1:DATA:40,[IGNORE] S1:DATA:40
09:00:04.876,S1,IGNORE_POLL,,,,,,POLL:2,[IGNORE] POLL:2
09:00:04.881,S2,RX_POLL,-75,8.25,40,,647,,[RX] POLL:2 | RSSI: -75 dBm | SNR: 8.25 dB | RX#: 40
09:00:04.881,S2,TX_DATA,,,,40,,,[TX] S2:DATA:40
09:00:04.917,S1,IGNORE_REPLY,,,,,,S2:DATA:40,[IGNORE] S2:DATA:40
09:00:05.450,S2,IGNORE_POLL,,,,,,POLL:1,[IGNORE] POLL:1
09:00:05.453,S1,RX_POLL,-70,8.75,41,,647,,[RX] POLL:1 | RSSI: -70 dBm | SNR: 8.75 dB | RX#: 41
09:00:05.453,S1,TX_DATA,,,,41,,,[TX] S1:DATA:41
09:00:05.491,S2,IGNORE_REPLY,,,,,,S1:DATA:41,[IGNORE] S1:DATA:41
09:00:05.523,S1,IGNORE_POLL,,,,,,POLL:2,[IGNORE] POLL:2
09:00:05.524,S2,RX_POLL,-74,9.25,41,,643,,[RX] POLL:2 | RSSI: -74 dBm | SNR: 9.25 dB | RX#: 41
09:00:05.528,S2,TX_DATA,,,,41,,,[TX] S2:DATA:41
09:00:05.563,S1,IGNORE_REPLY,,,,,,S2:DATA:41,[IGNORE] S2:DATA:41
09:00:06.093,S2,IGNORE_POLL,,,,,,POLL:1,[IGNORE] POLL:1
09:00:06.096,S1,RX_POLL,-70,8.75,42,,643,,[RX] POLL:1 | RSSI: -70 dBm | SNR: 8.75 dB | RX#: 42
09:00:06.100,S1,TX_DATA,,,,42,,,[TX] S1:DATA:42
09:00:06.134,S2,IGNORE_REPLY,,,,,,S1:DATA:42,[IGNORE] S1:DATA:42
09:00:06.166,S1,IGNORE_POLL,,,,,,POLL:2,[IGNORE] POLL:2
09:00:06.172,S2,RX_POLL,-74,8.75,42,,648,,[RX] POLL:2 | RSSI: -74 dBm | SNR: 8.75 dB | RX#: 42
09:00:06.172,S2,TX_DATA,,,,42,,,[TX] S2:DATA:42
09:00:06.207,S1,IGNORE_REPLY,,,,,,S2:DATA:42,[IGNORE] S2:DATA:42
09:00:06.741,S2,IGNORE_POLL,,,,,,POLL:1,[IGNORE] POLL:1
09:00:06.744,S1,RX_POLL,-70,8.75,43,,647,,[RX] POLL:1 | RSSI: -70 dBm | SNR: 8.75 dB | RX#: 43
09:00:06.744,S1,TX_DATA,,,,43,,,[TX] S1:DATA:43
09:00:06.782,S2,IGNORE_REPLY,,,,,,S1:DATA:43,[IGNORE] S1:DATA:43
09:00:06.813,S1,IGNORE_POLL,,,,,,POLL:2,[IGNORE] POLL:2
09:00:06.815,S2,RX_POLL,-74,8.5,43,,643,,[RX] POLL:2 | RSSI: -74 dBm | SNR: 8.50 dB | RX#: 43
09:00:06.818,S2,TX_DATA,,,,43,,,[TX] S2:DATA:43
09:00:06.854,S1,IGNORE_REPLY,,,,,,S2:DATA:43,[IGNORE] S2:DATA:43
09:00:07.383,S2,IGNORE_POLL,,,,,,POLL:1,[IGNORE] POLL:1
09:00:07.390,S1,RX_POLL,-70,8.75,44,,647,,[RX] POLL:1 | RSSI: -70 dBm | SNR: 8.75 dB | RX#: 44
09:00:07.391,S1,TX_DATA,,,,44,,,[TX] S1:DATA:44
09:00:07.424,S2,IGNORE_REPLY,,,,,,S1:DATA:44,[IGNORE] S1:DATA:44
09:00:07.456,S1,IGNORE_POLL,,,,,,POLL:2,[IGNORE] POLL:2
09:00:07.461,S2,RX_POLL,-75,8.75,44,,646,,[RX] POLL:2 | RSSI: -75 dBm | SNR: 8.75 dB | RX#: 44
09:00:07.461,S2,TX_DATA,,,,44,,,[TX] S2:DATA:44
09:00:07.497,S1,IGNORE_REPLY,,,,,,S2:DATA:44,[IGNORE] S2:DATA:44
09:00:08.031,S2,IGNORE_POLL,,,,,,POLL:1,[IGNORE] POLL:1
09:00:08.034,S1,RX_POLL,-71,8.75,45,,643,,[RX] POLL:1 | RSSI: -71 dBm | SNR: 8.75 dB | RX#: 45
09:00:08.034,S1,TX_DATA,,,,45,,,[TX] S1:DATA:45
09:00:08.071,S2,IGNORE_REPLY,,,,,,S1:DATA:45,[IGNORE] S1:DATA:45
09:00:08.103,S1,IGNORE_POLL,,,,,,POLL:2,[IGNORE] POLL:2
09:00:08.108,S2,RX_POLL,-75,9.0,45,,647,,[RX] POLL:2 | RSSI: -75 dBm | SNR: 9.00 dB | RX#: 45
09:00:08.109,S2,TX_DATA,,,,45,,,[TX] S2:DATA:45
09:00:08.144,S1,IGNORE_REPLY,,,,,,S2:DATA:45,[IGNORE] S2:DATA:45
09:00:08.680,S2,IGNORE_POLL,,,,,,POLL:1,[IGNORE] POLL:1
09:00:08.680,S1,RX_POLL,-70,8.5,46,,647,,[RX] POLL:1 | RSSI: -70 dBm | SNR: 8.50 dB | RX#: 46
09:00:08.681,S1,TX_DATA,,,,46,,,[TX] S1:DATA:46
09:00:08.714,S2,IGNORE_REPLY,,,,,,S1:DATA:46,[IGNORE] S1:DATA:46
09:00:08.750,S1,IGNORE_POLL,,,,,,POLL:2,[IGNORE] POLL:2
09:00:08.752,S2,RX_POLL,-75,8.25,46,,644,,[RX] POLL:2 | RSSI: -75 dBm | SNR: 8.25 dB | RX#: 46
09:00:08.753,S2,TX_DATA,,,,46,,,[TX] S2:DATA:46
09:00:08.788,S1,IGNORE_REPLY,,,,,,S2:DATA:46,[IGNORE] S2:DATA:46
09:00:09.321,S2,IGNORE_POLL,,,,,,POLL:1,[IGNORE] POLL:1
09:00:09.324,S1,RX_POLL,-70,9.0,47,,643,,[RX] POLL:1 | RSSI: -70 dBm | SNR: 9.00 dB | RX#: 47
09:00:09.327,S1,TX_DATA,,,,47,,,[TX] S1:DATA:47
09:00:09.362,S2,IGNORE_REPLY,,,,,,S1:DATA:47,[IGNORE] S1:DATA:47
09:00:09.856,S1,IGNORE_POLL,,,,,,POLL:2,[IGNORE] POLL:2
09:00:09.857,S2,RX_POLL,-75,8.5,47,,1105,,[RX] POLL:2 | RSSI: -75 dBm | SNR: 8.50 dB | RX#: 47
09:00:09.858,S2,TX_DATA,,,,47,,,[TX] S2:DATA:47
09:00:09.893,S1,IGNORE_REPLY,,,,,,S2:DATA:47,[IGNORE] S2:DATA:47
09:00:10.427,S2,IGNORE_POLL,,,,,,POLL:1,[IGNORE] POLL:1
09:00:10.430,S1,RX_POLL,-70,9.0,48,,1106,,[RX] POLL:1 | RSSI: -70 dBm | SNR: 9.00 dB | RX#: 48
09:00:10.430,S1,TX_DATA,,,,48,,,[TX] S1:DATA:48
09:00:10.468,S2,IGNORE_REPLY,,,,,,S1:DATA:48,[IGNORE] S1:DATA:48
09:00:10.500,S1,IGNORE_POLL,,,,,,POLL:2,[IGNORE] POLL:2
09:00:10.501,S2,RX_POLL,-74,8.75,48,,644,,[RX] POLL:2 | RSSI: -74 dBm | SNR: 8.75 dB | RX#: 48
09:00:10.505,S2,TX_DATA,,,,48,,,[TX] S2:DATA:48
09:00:10.540,S1,IGNORE_REPLY,,,,,,S2:DATA:48,[IGNORE] S2:DATA:48
09:00:11.070,S2,IGNORE_POLL,,,,,,POLL:1,[IGNORE] POLL:1
09:00:11.077,S1,RX_POLL,-70,9.0,49,,647,,[RX] POLL:1 | RSSI: -70 dBm | SNR: 9.00 dB | RX#: 49
09:00:11.077,S1,TX_DATA,,,,49,,,[TX] S1:DATA:49
09:00:11.111,S2,IGNORE_REPLY,,,,,,S1:DATA:49,[IGNORE] S1:DATA:49
09:00:11.143,S1,IGNORE_POLL,,,,,,POLL:2,[IGNORE] POLL:2
09:00:11.148,S2,RX_POLL,-75,8.5,49,,647,,[RX] POLL:2 | RSSI: -75 dBm | SNR: 8.50 dB | RX#: 49
09:00:11.149,S2,TX_DATA,,,,49,,,[TX] S2:DATA:49
09:00:11.183,S1,IGNORE_REPLY,,,,,,S2:DATA:49,[IGNORE] S2:DATA:49
09:00:11.717,S2,IGNORE_POLL,,,,,,POLL:1,[IGNORE] POLL:1
09:00:11.720,S1,RX_POLL,-70,9.0,50,,643,,[RX] POLL:1 | RSSI: -70 dBm | SNR: 9.00 dB | RX#: 50
09:00:11.720,S1,TX_DATA,,,,50,,,[TX] S1:DATA:50
09:00:11.757,S2,IGNORE_REPLY,,,,,,S1:DATA:50,[IGNORE] S1:DATA:50
09:00:11.790,S1,IGNORE_POLL,,,,,,POLL:2,[IGNORE] POLL:2
09:00:11.791,S2,RX_POLL,-75,8.75,50,,643,,[RX] POLL:2 | RSSI: -75 dBm | SNR: 8.75 dB | RX#: 50
09:00:11.795,S2,TX_DATA,,,,50,,,[TX] S2:DATA:50
09:00:11.830,S1,IGNORE_REPLY,,,,,,S2:DATA:50,[IGNORE] S2:DATA:50
09:00:12.360,S2,IGNORE_POLL,,,,,,POLL:1,[IGNORE] POLL:1
09:00:12.363,S1,RX_POLL,-70,9.0,51,,643,,[RX] POLL:1 | RSSI: -70 dBm | SNR: 9.00 dB | RX#: 51
09:00:12.367,S1,TX_DATA,,,,51,,,[TX] S1:DATA:51
09:00:12.401,S2,IGNORE_REPLY,,,,,,S1:DATA:51,[IGNORE] S1:DATA:51
09:00:12.432,S1,IGNORE_POLL,,,,,,POLL:2,[IGNORE] POLL:2
09:00:12.438,S2,RX_POLL,-74,8.75,51,,647,,[RX] POLL:2 | RSSI: -74 dBm | SNR: 8.75 dB | RX#: 51
09:00:12.438,S2,TX_DATA,,,,51,,,[TX] S2:DATA:51
09:00:12.473,S1,IGNORE_REPLY,,,,,,S2:DATA:51,[IGNORE] S2:DATA:51
09:00:13.009,S2,IGNORE_POLL,,,,,,POLL:1,[IGNORE] POLL:1
09:00:13.010,S1,RX_POLL,-70,8.75,52,,647,,[RX] POLL:1 | RSSI: -70 dBm | SNR: 8.75 dB | RX#: 52
09:00:13.010,S1,TX_DATA,,,,52,,,[TX] S1:DATA:52
09:00:13.044,S2,IGNORE_REPLY,,,,,,S1:DATA:52,[IGNORE] S1:DATA:52
09:00:13.080,S1,IGNORE_POLL,,,,,,POLL:2,[IGNORE] POLL:2
09:00:13.081,S2,RX_POLL,-75,9.0,52,,643,,[RX] POLL:2 | RSSI: -75 dBm | SNR: 9.00 dB | RX#: 52
09:00:13.081,S2,TX_DATA,,,,52,,,[TX] S2:DATA:52
09:00:13.116,S1,IGNORE_REPLY,,,,,,S2:DATA:52,[IGNORE] S2:DATA:52
09:00:13.650,S2,IGNORE_POLL,,,,,,POLL:1,[IGNORE] POLL:1
09:00:13.653,S1,RX_POLL,-71,9.0,53,,643,,[RX] POLL:1 | RSSI: -71 dBm | SNR: 9.00 dB | RX#: 53
09:00:13.657,S1,TX_DATA,,,,53,,,[TX] S1:DATA:53
09:00:13.691,S2,IGNORE_REPLY,,,,,,S1:DATA:53,[IGNORE] S1:DATA:53
09:00:13.722,S1,IGNORE_POLL,,,,,,POLL:2,[IGNORE] POLL:2
09:00:13.728,S2,RX_POLL,-75,8.75,53,,648,,[RX] POLL:2 | RSSI: -75 dBm | SNR: 8.75 dB | RX#: 53
09:00:13.729,S2,TX_DATA,,,,53,,,[TX] S2:DATA:53
09:00:13.763,S1,IGNORE_REPLY,,,,,,S2:DATA:53,[IGNORE] S2:DATA:53
09:00:14.293,S2,IGNORE_POLL,,,,,,POLL:1,[IGNORE] POLL:1
09:00:14.300,S1,RX_POLL,-70,9.0,54,,647,,[RX] POLL:1 | RSSI: -70 dBm | SNR: 9.00 dB | RX#: 54
09:00:14.300,S1,TX_DATA,,,,54,,,[TX] S1:DATA:54
09:00:14.334,S2,IGNORE_REPLY,,,,,,S1:DATA:54,[IGNORE] S1:DATA:54
09:00:14.365,S1,IGNORE_POLL,,,,,,POLL:2,[IGNORE] POLL:2
09:00:14.371,S2,RX_POLL,-74,8.75,54,,643,,[RX] POLL:2 | RSSI: -74 dBm | SNR: 8.75 dB | RX#: 54
09:00:14.371,S2,TX_DATA,,,,54,,,[TX] S2:DATA:54
09:00:14.407,S1,IGNORE_REPLY,,,,,,S2:DATA:54,[IGNORE] S2:DATA:54
09:00:14.940,S2,IGNORE_POLL,,,,,,POLL:1,[IGNORE] POLL:1
09:00:14.943,S1,RX_POLL,-70,9.0,55,,643,,[RX] POLL:1 | RSSI: -70 dBm | SNR: 9.00 dB | RX#: 55
09:00:14.943,S1,TX_DATA,,,,55,,,[TX] S1:DATA:55
09:00:14.981,S2,IGNORE_REPLY,,,,,,S1:DATA:55,[IGNORE] S1:DATA:55
09:00:15.013,S1,IGNORE_POLL,,,,,,POLL:2,[IGNORE] POLL:2
09:00:15.014,S2,RX_POLL,-75,8.75,55,,643,,[RX] POLL:2 | RSSI: -75 dBm | SNR: 8.75 dB | RX#: 55
09:00:15.018,S2,TX_DATA,,,,55,,,[TX] S2:DATA:55
09:00:15.053,S1,IGNORE_REPLY,,,,,,S2:DATA:55,[IGNORE] S2:DATA:55
09:00:15.587,S2,IGNORE_POLL,,,,,,POLL:1,[IGNORE] POLL:1
09:00:15.590,S1,RX_POLL,-70,8.75,56,,647,,[RX] POLL:1 | RSSI: -70 dBm | SNR: 8.75 dB | RX#: 56
09:00:15.591,S1,TX_DATA,,,,56,,,[TX] S1:DATA:56
09:00:15.625,S2,IGNORE_REPLY,,,,,,S1:DATA:56,[IGNORE] S1:DATA:56
09:00:15.659,S1,IGNORE_POLL,,,,,,POLL:2,[IGNORE] POLL:2
09:00:15.661,S2,RX_POLL,-75,8.5,56,,647,,[RX] POLL:2 | RSSI: -75 dBm | SNR: 8.50 dB | RX#: 56
09:00:15.661,S2,TX_DATA,,,,56,,,[TX] S2:DATA:56
09:00:15.697,S1,IGNORE_REPLY,,,,,,S2:DATA:56,[IGNORE] S2:DATA:56
09:00:16.230,S2,IGNORE_POLL,,,,,,POLL:1,[IGNORE] POLL:1
09:00:16.234,S1,RX_POLL,-70,9.0,57,,643,,[RX] POLL:1 | RSSI: -70 dBm | SNR: 9.00 dB | RX#: 57
09:00:16.237,S1,TX_DATA,,,,57,,,[TX] S1:DATA:57
09:00:16.271,S2,IGNORE_REPLY,,,,,,S1:DATA:57,[IGNORE] S1:DATA:57
09:00:16.304,S1,IGNORE_POLL,,,,,,POLL:2,[IGNORE] POLL:2
09:00:16.309,S2,RX_POLL,-75,8.25,57,,648,,[RX] POLL:2 | RSSI: -75 dBm | SNR: 8.25 dB | RX#: 57
09:00:16.309,S2,TX_DATA,,,,57,,,[TX] S2:DATA:57
09:00:16.344,S1,IGNORE_REPLY,,,,,,S2:DATA:57,[IGNORE] S2:DATA:57
09:00:16.877,S2,IGNORE_POLL,,,,,,POLL:1,[IGNORE] POLL:1
09:00:16.880,S1,RX_POLL,-70,8.75,58,,647,,[RX] POLL:1 | RSSI: -70 dBm | SNR: 8.75 dB | RX#: 58
09:00:16.881,S1,TX_DATA,,,,58,,,[TX] S1:DATA:58
09:00:16.915,S2,IGNORE_REPLY,,,,,,S1:DATA:58,[IGNORE] S1:DATA:58
09:00:16.950,S1,IGNORE_POLL,,,,,,POLL:2,[IGNORE] POLL:2
09:00:16.951,S2,RX_POLL,-75,8.75,58,,643,,[RX] POLL:2 | RSSI: -75 dBm | SNR: 8.75 dB | RX#: 58
09:00:16.955,S2,TX_DATA,,,,58,,,[TX] S2:DATA:58
09:00:16.987,S1,IGNORE_REPLY,,,,,,S2:DATA:58,[IGNORE] S2:DATA:58
09:00:17.521,S2,IGNORE_POLL,,,,,,POLL:1,[IGNORE] POLL:1
09:00:17.524,S1,RX_POLL,-70,8.75,59,,643,,[RX] POLL:1 | RSSI: -70 dBm | SNR: 8.75 dB | RX#: 59
09:00:17.527,S1,TX_DATA,,,,59,,,[TX] S1:DATA:59
09:00:17.561,S2,IGNORE_REPLY,,,,,,S1:DATA:59,[IGNORE] S1:DATA:59
09:00:17.596,S1,IGNORE_POLL,,,,,,POLL:2,[IGNORE] POLL:2
09:00:17.598,S2,RX_POLL,-75,9.25,59,,647,,[RX] POLL:2 | RSSI: -75 dBm | SNR: 9.25 dB | RX#: 59
09:00:17.598,S2,TX_DATA,,,,59,,,[TX] S2:DATA:59
09:00:17.634,S1,IGNORE_REPLY,,,,,,S2:DATA:59,[IGNORE] S2:DATA:59
09:00:18.167,S2,IGNORE_POLL,,,,,,POLL:1,[IGNORE] POLL:1
09:00:18.170,S1,RX_POLL,-70,8.75,60,,647,,[RX] POLL:1 | RSSI: -70 dBm | SNR: 8.75 dB | RX#: 60
09:00:18.171,S1,TX_DATA,,,,60,,,[TX] S1:DATA:60
09:00:18.208,S2,IGNORE_REPLY,,,,,,S1:DATA:60,[IGNORE] S1:DATA:60
09:00:18.240,S1,IGNORE_POLL,,,,,,POLL:2,[IGNORE] POLL:2
09:00:18.241,S2,RX_POLL,-74,8.75,60,,643,,[RX] POLL:2 | RSSI: -74 dBm | SNR: 8.75 dB | RX#: 60
09:00:18.245,S2,TX_DATA,,,,60,,,[TX] S2:DATA:60
09:00:18.281,S1,IGNORE_REPLY,,,,,,S2:DATA:60,[IGNORE] S2:DATA:60
09:00:18.811,S2,IGNORE_POLL,,,,,,POLL:1,[IGNORE] POLL:1
09:00:18.814,S1,RX_POLL,-70,8.75,61,,644,,[RX] POLL:1 | RSSI: -70 dBm | SNR: 8.75 dB | RX#: 61
09:00:18.818,S1,TX_DATA,,,,61,,,[TX] S1:DATA:61
09:00:18.852,S2,IGNORE_REPLY,,,,,,S1:DATA:61,[IGNORE] S1:DATA:61
09:00:18.883,S1,IGNORE_POLL,,,,,,POLL:2,[IGNORE] POLL:2
09:00:18.888,S2,RX_POLL,-74,8.5,61,,647,,[RX] POLL:2 | RSSI: -74 dBm | SNR: 8.50 dB | RX#: 61
09:00:18.889,S2,TX_DATA,,,,61,,,[TX] S2:DATA:61
09:00:18.925,S1,IGNORE_REPLY,,,,,,S2:DATA:61,[IGNORE] S2:DATA:61
09:00:19.458,S2,IGNORE_POLL,,,,,,POLL:1,[IGNORE] POLL:1
09:00:19.461,S1,RX_POLL,-70,8.75,62,,646,,[RX] POLL:1 | RSSI: -70 dBm | SNR: 8.75 dB | RX#: 62
09:00:19.461,S1,TX_DATA,,,,62,,,[TX] S1:DATA:62
09:00:19.499,S2,IGNORE_REPLY,,,,,,S1:DATA:62,[IGNORE] S1:DATA:62
09:00:19.530,S1,IGNORE_POLL,,,,,,POLL:2,[IGNORE] POLL:2
09:00:19.532,S2,RX_POLL,-74,8.5,62,,643,,[RX] POLL:2 | RSSI: -74 dBm | SNR: 8.50 dB | RX#: 62
09:00:19.535,S2,TX_DATA,,,,62,,,[TX] S2:DATA:62
09:00:19.571,S1,IGNORE_REPLY,,,,,,S2:DATA:62,[IGNORE] S2:DATA:62
09:00:20.101,S2,IGNORE_POLL,,,,,,POLL:1,[IGNORE] POLL:1
09:00:20.108,S1,RX_POLL,-70,8.5,63,,647,,[RX] POLL:1 | RSSI: -70 dBm | SNR: 8.50 dB | RX#: 63
09:00:20.108,S1,TX_DATA,,,,63,,,[TX] S1:DATA:63
09:00:20.145,S2,IGNORE_REPLY,,,,,,S1:DATA:63,[IGNORE] S1:DATA:63
09:00:20.173,S1,IGNORE_POLL,,,,,,POLL:2,[IGNORE] POLL:2
09:00:20.179,S2,RX_POLL,-74,8.75,63,,647,,[RX] POLL:2 | RSSI: -74 dBm | SNR: 8.75 dB | RX#: 63
09:00:20.179,S2,TX_DATA,,,,63,,,[TX] S2:DATA:63
09:00:20.214,S1,IGNORE_REPLY,,,,,,S2:DATA:63,[IGNORE] S2:DATA:63
09:00:20.748,S2,IGNORE_POLL,,,,,,POLL:1,[IGNORE] POLL:1
09:00:20.751,S1,RX_POLL,-70,8.75,64,,644,,[RX] POLL:1 | RSSI: -70 dBm | SNR: 8.75 dB | RX#: 64
09:00:20.752,S1,TX_DATA,,,,64,,,[TX] S1:DATA:64
09:00:20.789,S2,IGNORE_REPLY,,,,,,S1:DATA:64,[IGNORE] S1:DATA:64
09:00:20.821,S1,IGNORE_POLL,,,,,,POLL:2,[IGNORE] POLL:2
09:00:20.822,S2,RX_POLL,-75,8.75,64,,643,,[RX] POLL:2 | RSSI: -75 dBm | SNR: 8.75 dB | RX#: 64
09:00:20.826,S2,TX_DATA,,,,64,,,[TX] S2:DATA:64
09:00:20.861,S1,IGNORE_REPLY,,,,,,S2:DATA:64,[IGNORE] S2:DATA:64
09:00:21.395,S2,IGNORE_POLL,,,,,,POLL:1,[IGNORE] POLL:1
09:00:21.398,S1,RX_POLL,-70,9.0,65,,647,,[RX] POLL:1 | RSSI: -70 dBm | SNR: 9.00 dB | RX#: 65
09:00:21.399,S1,TX_DATA,,,,65,,,[TX] S1:DATA:65
09:00:21.432,S2,IGNORE_REPLY,,,,,,S1:DATA:65,[IGNORE] S1:DATA:65
09:00:21.468,S1,IGNORE_POLL,,,,,,POLL:2,[IGNORE] POLL:2
09:00:21.469,S2,RX_POLL,-75,8.75,65,,647,,[RX] POLL:2 | RSSI: -75 dBm | SNR: 8.75 dB | RX#: 65
09:00:21.469,S2,TX_DATA,,,,65,,,[TX] S2:DATA:65
09:00:21.504,S1,IGNORE_REPLY,,,,,,S2:DATA:65,[IGNORE] S2:DATA:65
09:00:22.038,S2,IGNORE_POLL,,,,,,POLL:1,[IGNORE] POLL:1
09:00:22.041,S1,RX_POLL,-70,9.0,66,,643,,[RX] POLL:1 | RSSI: -70 dBm | SNR: 9.00 dB | RX#: 66
09:00:22.045,S1,TX_DATA,,,,66,,,[TX] S1:DATA:66
09:00:22.079,S2,IGNORE_REPLY,,,,,,S1:DATA:66,[IGNORE] S1:DATA:66
09:00:22.110,S1,IGNORE_POLL,,,,,,POLL:2,[IGNORE] POLL:2
09:00:22.116,S2,RX_POLL,-75,8.5,66,,647,,[RX] POLL:2 | RSSI: -75 dBm | SNR: 8.50 dB | RX#: 66
09:00:22.116,S2,TX_DATA,,,,66,,,[TX] S2:DATA:66
09:00:22.151,S1,IGNORE_REPLY,,,,,,S2:DATA:66,[IGNORE] S2:DATA:66
09:00:22.685,S2,IGNORE_POLL,,,,,,POLL:1,[IGNORE] POLL:1
09:00:22.691,S1,RX_POLL,-70,9.0,67,,650,,[RX] POLL:1 | RSSI: -70 dBm | SNR: 9.00 dB | RX#: 67
09:00:22.692,S1,TX_DATA,,,,67,,,[TX] S1:DATA:67
09:00:22.723,S2,IGNORE_REPLY,,,,,,S1:DATA:67,[IGNORE] S1:DATA:67
09:00:22.757,S1,IGNORE_POLL,,,,,,POLL:2,[IGNORE] POLL:2
09:00:22.759,S2,RX_POLL,-74,8.75,67,,643,,[RX] POLL:2 | RSSI: -74 dBm | SNR: 8.75 dB | RX#: 67
09:00:22.759,S2,TX_DATA,,,,67,,,[TX] S2:DATA:67
09:00:22.795,S1,IGNORE_REPLY,,,,,,S2:DATA:67,[IGNORE] S2:DATA:67
09:00:23.328,S2,IGNORE_POLL,,,,,,POLL:1,[IGNORE] POLL:1
09:00:23.331,S1,RX_POLL,-70,8.5,68,,640,,[RX] POLL:1 | RSSI: -70 dBm | SNR: 8.50 dB | RX#: 68
09:00:23.335,S1,TX_DATA,,,,68,,,[TX] S1:DATA:68
09:00:23.369,S2,IGNORE_REPLY,,,,,,S1:DATA:68,[IGNORE] S1:DATA:68
09:00:23.401,S1,IGNORE_POLL,,,,,,POLL:2,[IGNORE] POLL:2
09:00:23.406,S2,RX_POLL,-74,8.25,68,,647,,[RX] POLL:2 | RSSI: -74 dBm | SNR: 8.25 dB | RX#: 68
09:00:23.406,S2,TX_DATA,,,,68,,,[TX] S2:DATA:68
09:00:23.442,S1,IGNORE_REPLY,,,,,,S2:DATA:68,[IGNORE] S2:DATA:68
09:00:23.975,S2,IGNORE_POLL,,,,,,POLL:1,[IGNORE] POLL:1
09:00:23.979,S1,RX_POLL,-70,8.75,69,,647,,[RX] POLL:1 | RSSI: -70 dBm | SNR: 8.75 dB | RX#: 69
09:00:23.979,S1,TX_DATA,,,,69,,,[TX] S1:DATA:69
09:00:24.016,S2,IGNORE_REPLY,,,,,,S1:DATA:69,[IGNORE] S1:DATA:69
09:00:24.048,S1,IGNORE_POLL,,,,,,POLL:2,[IGNORE] POLL:2
09:00:24.050,S2,RX_POLL,-75,8.5,69,,644,,[RX] POLL:2 | RSSI: -75 dBm | SNR: 8.50 dB | RX#: 69
09:00:24.054,S2,TX_DATA,,,,69,,,[TX] S2:DATA:69
09:00:24.089,S1,IGNORE_REPLY,,,,,,S2:DATA:69,[IGNORE] S2:DATA:69
09:00:24.619,S2,IGNORE_POLL,,,,,,POLL:1,[IGNORE] POLL:1
09:00:24.622,S1,RX_POLL,-70,8.5,70,,643,,[RX] POLL:1 | RSSI: -70 dBm | SNR: 8.50 dB | RX#: 70
09:00:24.625,S1,TX_DATA,,,,70,,,[TX] S1:DATA:70
09:00:24.659,S2,IGNORE_REPLY,,,,,,S1:DATA:70,[IGNORE] S1:DATA:70
09:00:24.691,S1,IGNORE_POLL,,,,,,POLL:2,[IGNORE] POLL:2
09:00:24.696,S2,RX_POLL,-75,8.75,70,,646,,[RX] POLL:2 | RSSI: -75 dBm | SNR: 8.75 dB | RX#: 70
09:00:24.697,S2,TX_DATA,,,,70,,,[TX] S2:DATA:70
09:00:24.732,S1,IGNORE_REPLY,,,,,,S2:DATA:70,[IGNORE] S2:DATA:70
09:00:25.266,S2,IGNORE_POLL,,,,,,POLL:1,[IGNORE] POLL:1
09:00:25.268,S1,RX_POLL,-70,8.75,71,,647,,[RX] POLL:1 | RSSI: -70 dBm | SNR: 8.75 dB | RX#: 71
09:00:25.269,S1,TX_DATA,,,,71,,,[TX] S1:DATA:71
09:00:25.306,S2,IGNORE_REPLY,,,,,,S1:DATA:71,[IGNORE] S1:DATA:71
09:00:25.338,S1,IGNORE_POLL,,,,,,POLL:2,[IGNORE] POLL:2
09:00:25.340,S2,RX_POLL,-75,8.75,71,,643,,[RX] POLL:2 | RSSI: -75 dBm | SNR: 8.75 dB | RX#: 71
09:00:25.343,S2,TX_DATA,,,,71,,,[TX] S2:DATA:71
09:00:25.379,S1,IGNORE_REPLY,,,,,,S2:DATA:71,[IGNORE] S2:DATA:71
09:00:25.912,S2,IGNORE_POLL,,,,,,POLL:1,[IGNORE] POLL:1
09:00:25.916,S1,RX_POLL,-67,8.25,72,,647,,[RX] POLL:1 | RSSI: -67 dBm | SNR: 8.25 dB | RX#: 72
09:00:25.916,S1,TX_DATA,,,,72,,,[TX] S1:DATA:72
09:00:25.949,S2,IGNORE_REPLY,,,,,,S1:DATA:72,[IGNORE] S1:DATA:72
09:00:25.985,S1,IGNORE_POLL,,,,,,POLL:2,[IGNORE] POLL:2
09:00:25.987,S2,RX_POLL,-74,8.5,72,,647,,[RX] POLL:2 | RSSI: -74 dBm | SNR: 8.50 dB | RX#: 72
09:00:25.987,S2,TX_DATA,,,,72,,,[TX] S2:DATA:72
09:00:26.022,S1,IGNORE_REPLY,,,,,,S2:DATA:72,[IGNORE] S2:DATA:72
09:00:26.556,S2,IGNORE_POLL,,,,,,POLL:1,[IGNORE] POLL:1
09:00:26.559,S1,RX_POLL,-70,8.75,73,,643,,[RX] POLL:1 | RSSI: -70 dBm | SNR: 8.75 dB | RX#: 73
09:00:26.563,S1,TX_DATA,,,,73,,,[TX] S1:DATA:73
09:00:26.597,S2,IGNORE_REPLY,,,,,,S1:DATA:73,[IGNORE] S1:DATA:73
09:00:26.629,S1,IGNORE_POLL,,,,,,POLL:2,[IGNORE] POLL:2
09:00:26.634,S2,RX_POLL,-75,8.75,73,,647,,[RX] POLL:2 | RSSI: -75 dBm | SNR: 8.75 dB | RX#: 73
09:00:26.634,S2,TX_DATA,,,,73,,,[TX] S2:DATA:73
09:00:26.669,S1,IGNORE_REPLY,,,,,,S2:DATA:73,[IGNORE] S2:DATA:73
09:00:27.203,S2,IGNORE_POLL,,,,,,POLL:1,[IGNORE] POLL:1
09:00:27.206,S1,RX_POLL,-71,8.5,74,,646,,[RX] POLL:1 | RSSI: -71 dBm | SNR: 8.50 dB | RX#: 74
09:00:27.206,S1,TX_DATA,,,,74,,,[TX] S1:DATA:74
09:00:27.240,S2,IGNORE_REPLY,,,,,,S1:DATA:74,[IGNORE] S1:DATA:74
09:00:27.279,S1,IGNORE_POLL,,,,,,POLL:2,[IGNORE] POLL:2
09:00:27.279,S2,RX_POLL,-75,9.0,74,,646,,[RX] POLL:2 | RSSI: -75 dBm | SNR: 9.00 dB | RX#: 74
09:00:27.279,S2,TX_DATA,,,,74,,,[TX] S2:DATA:74
09:00:27.312,S1,IGNORE_REPLY,,,,,,S2:DATA:74,[IGNORE] S2:DATA:74
09:00:27.846,S2,IGNORE_POLL,,,,,,POLL:1,[IGNORE] POLL:1
09:00:27.849,S1,RX_POLL,-71,8.75,75,,643,,[RX] POLL:1 | RSSI: -71 dBm | SNR: 8.75 dB | RX#: 75
09:00:27.853,S1,TX_DATA,,,,75,,,[TX] S1:DATA:75
09:00:27.887,S2,IGNORE_REPLY,,,,,,S1:DATA:75,[IGNORE] S1:DATA:75
09:00:27.919,S1,IGNORE_POLL,,,,,,POLL:2,[IGNORE] POLL:2
09:00:27.924,S2,RX_POLL,-78,9.0,75,,644,,[RX] POLL:2 | RSSI: -78 dBm | SNR: 9.00 dB | RX#: 75
09:00:27.924,S2,TX_DATA,,,,75,,,[TX] S2:DATA:75
09:00:27.959,S1,IGNORE_REPLY,,,,,,S2:DATA:75,[IGNORE] S2:DATA:75
09:00:28.494,S2,IGNORE_POLL,,,,,,POLL:1,[IGNORE] POLL:1
09:00:28.496,S1,RX_POLL,-71,8.75,76,,647,,[RX] POLL:1 | RSSI: -71 dBm | SNR: 8.75 dB | RX#: 76
09:00:28.496,S1,TX_DATA,,,,76,,,[TX] S1:DATA:76
09:00:28.534,S2,IGNORE_REPLY,,,,,,S1:DATA:76,[IGNORE] S1:DATA:76
09:00:28.566,S1,IGNORE_POLL,,,,,,POLL:2,[IGNORE] POLL:2
09:00:28.567,S2,RX_POLL,-78,8.75,76,,643,,[RX] POLL:2 | RSSI: -78 dBm | SNR: 8.75 dB | RX#: 76
09:00:28.571,S2,TX_DATA,,,,76,,,[TX] S2:DATA:76
09:00:28.606,S1,IGNORE_REPLY,,,,,,S2:DATA:76,[IGNORE] S2:DATA:76
09:00:29.136,S2,IGNORE_POLL,,,,,,POLL:1,[IGNORE] POLL:1
09:00:29.140,S1,RX_POLL,-71,8.25,77,,644,,[RX] POLL:1 | RSSI: -71 dBm | SNR: 8.25 dB | RX#: 77
09:00:29.143,S1,TX_DATA,,,,77,,,[TX] S1:DATA:77
09:00:29.177,S2,IGNORE_REPLY,,,,,,S1:DATA:77,[IGNORE] S1:DATA:77
09:00:29.209,S1,IGNORE_POLL,,,,,,POLL:2,[IGNORE] POLL:2
09:00:29.214,S2,RX_POLL,-78,9.0,77,,647,,[RX] POLL:2 | RSSI: -78 dBm | SNR: 9.00 dB | RX#: 77
09:00:29.214,S2,TX_DATA,,,,77,,,[TX] S2:DATA:77
09:00:29.250,S1,IGNORE_REPLY,,,,,,S2:DATA:77,[IGNORE] S2:DATA:77
09:00:29.783,S2,IGNORE_POLL,,,,,,POLL:1,[IGNORE] POLL:1
09:00:29.786,S1,RX_POLL,-71,9.0,78,,647,,[RX] POLL:1 | RSSI: -71 dBm | SNR: 9.00 dB | RX#: 78
09:00:29.786,S1,TX_DATA,,,,78,,,[TX] S1:DATA:78
09:00:29.827,S2,IGNORE_REPLY,,,,,,S1:DATA:78,[IGNORE] S1:DATA:78
09:00:29.856,S1,IGNORE_POLL,,,,,,POLL:2,[IGNORE] POLL:2
09:00:29.857,S2,RX_POLL,-79,8.75,78,,643,,[RX] POLL:2 | RSSI: -79 dBm | SNR: 8.75 dB | RX#: 78
09:00:29.861,S2,TX_DATA,,,,78,,,[TX] S2:DATA:78
09:00:29.896,S1,IGNORE_REPLY,,,,,,S2:DATA:78,[IGNORE] S2:DATA:78
09:00:30.426,S2,IGNORE_POLL,,,,,,POLL:1,[IGNORE] POLL:1
09:00:30.433,S1,RX_POLL,-70,8.75,79,,647,,[RX] POLL:1 | RSSI: -70 dBm | SNR: 8.75 dB | RX#: 79
09:00:30.433,S1,TX_DATA,,,,79,,,[TX] S1:DATA:79
09:00:30.467,S2,IGNORE_REPLY,,,,,,S1:DATA:79,[IGNORE] S1:DATA:79
09:00:30.503,S1,IGNORE_POLL,,,,,,POLL:2,[IGNORE] POLL:2
09:00:30.504,S2,RX_POLL,-75,9.25,79,,647,,[RX] POLL:2 | RSSI: -75 dBm | SNR: 9.25 dB | RX#: 79
09:00:30.505,S2,TX_DATA,,,,79,,,[TX] S2:DATA:79
09:00:30.540,S1,IGNORE_REPLY,,,,,,S2:DATA:79,[IGNORE] S2:DATA:79
09:00:31.073,S2,IGNORE_POLL,,,,,,POLL:1,[IGNORE] POLL:1
09:00:31.077,S1,RX_POLL,-70,9.0,80,,644,,[RX] POLL:1 | RSSI: -70 dBm | SNR: 9.00 dB | RX#: 80
09:00:31.080,S1,TX_DATA,,,,80,,,[TX] S1:DATA:80
09:00:31.114,S2,IGNORE_REPLY,,,,,,S1:DATA:80,[IGNORE] S1:DATA:80
09:00:31.146,S1,IGNORE_POLL,,,,,,POLL:2,[IGNORE] POLL:2
09:00:31.151,S2,RX_POLL,-75,8.25,80,,647,,[RX] POLL:2 | RSSI: -75 dBm | SNR: 8.25 dB | RX#: 80
09:00:31.152,S2,TX_DATA,,,,80,,,[TX] S2:DATA:80
09:00:31.187,S1,IGNORE_REPLY,,,,,,S2:DATA:80,[IGNORE] S2:DATA:80
09:00:31.720,S2,IGNORE_POLL,,,,,,POLL:1,[IGNORE] POLL:1
09:00:31.723,S1,RX_POLL,-70,8.75,81,,646,,[RX] POLL:1 | RSSI: -70 dBm | SNR: 8.75 dB | RX#: 81
09:00:31.724,S1,TX_DATA,,,,81,,,[TX] S1:DATA:81
09:00:31.758,S2,IGNORE_REPLY,,,,,,S1:DATA:81,[IGNORE] S1:DATA:81
09:00:31.793,S1,IGNORE_POLL,,,,,,POLL:2,[IGNORE] POLL:2
09:00:31.794,S2,RX_POLL,-75,8.5,81,,643,,[RX] POLL:2 | RSSI: -75 dBm | SNR: 8.50 dB | RX#: 81
09:00:31.795,S2,TX_DATA,,,,81,,,[TX] S2:DATA:81
09:00:31.830,S1,IGNORE_REPLY,,,,,,S2:DATA:81,[IGNORE] S2:DATA:81
09:00:32.364,S2,IGNORE_POLL,,,,,,POLL:1,[IGNORE] POLL:1
09:00:32.367,S1,RX_POLL,-71,9.0,82,,643,,[RX] POLL:1 | RSSI: -71 dBm | SNR: 9.00 dB | RX#: 82
09:00:32.370,S1,TX_DATA,,,,82,,,[TX] S1:DATA:82
09:00:32.405,S2,IGNORE_REPLY,,,,,,S1:DATA:82,[IGNORE] S1:DATA:82
09:00:32.436,S1,IGNORE_POLL,,,,,,POLL:2,[IGNORE] POLL:2
09:00:32.441,S2,RX_POLL,-75,8.5,82,,647,,[RX] POLL:2 | RSSI: -75 dBm | SNR: 8.50 dB | RX#: 82
09:00:32.442,S2,TX_DATA,,,,82,,,[TX] S2:DATA:82
09:00:32.477,S1,IGNORE_REPLY,,,,,,S2:DATA:82,[IGNORE] S2:DATA:82
09:00:33.011,S2,IGNORE_POLL,,,,,,POLL:1,[IGNORE] POLL:1
09:00:33.013,S1,RX_POLL,-71,9.0,83,,647,,[RX] POLL:1 | RSSI: -71 dBm | SNR: 9.00 dB | RX#: 83
09:00:33.014,S1,TX_DATA,,,,83,,,[TX] S1:DATA:83
09:00:33.048,S2,IGNORE_REPLY,,,,,,S1:DATA:83,[IGNORE] S1:DATA:83
09:00:33.083,S1,IGNORE_POLL,,,,,,POLL:2,[IGNORE] POLL:2
09:00:33.085,S2,RX_POLL,-74,8.75,83,,644,,[RX] POLL:2 | RSSI: -74 dBm | SNR: 8.75 dB | RX#: 83
09:00:33.089,S2,TX_DATA,,,,83,,,[TX] S2:DATA:83
09:00:33.124,S1,IGNORE_REPLY,,,,,,S2:DATA:83,[IGNORE] S2:DATA:83
09:00:33.654,S2,IGNORE_POLL,,,,,,POLL:1,[IGNORE] POLL:1
09:00:33.657,S1,RX_POLL,-70,8.75,84,,643,,[RX] POLL:1 | RSSI: -70 dBm | SNR: 8.75 dB | RX#: 84
09:00:33.660,S1,TX_DATA,,,,84,,,[TX] S1:DATA:84
09:00:33.695,S2,IGNORE_REPLY,,,,,,S1:DATA:84,[IGNORE] S1:DATA:84
09:00:33.726,S1,IGNORE_POLL,,,,,,POLL:2,[IGNORE] POLL:2
09:00:33.732,S2,RX_POLL,-74,8.5,84,,647,,[RX] POLL:2 | RSSI: -74 dBm | SNR: 8.50 dB | RX#: 84
09:00:33.732,S2,TX_DATA,,,,84,,,[TX] S2:DATA:84
09:00:33.767,S1,IGNORE_REPLY,,,,,,S2:DATA:84,[IGNORE] S2:DATA:84
09:00:34.301,S2,IGNORE_POLL,,,,,,POLL:1,[IGNORE] POLL:1
09:00:34.304,S1,RX_POLL,-71,8.5,85,,647,,[RX] POLL:1 | RSSI: -71 dBm | SNR: 8.50 dB | RX#: 85
09:00:34.304,S1,TX_DATA,,,,85,,,[TX] S1:DATA:85
09:00:34.342,S2,IGNORE_REPLY,,,,,,S1:DATA:85,[IGNORE] S1:DATA:85
09:00:34.373,S1,IGNORE_POLL,,,,,,POLL:2,[IGNORE] POLL:2
09:00:34.375,S2,RX_POLL,-74,8.5,85,,643,,[RX] POLL:2 | RSSI: -74 dBm | SNR: 8.50 dB | RX#: 85
09:00:34.379,S2,TX_DATA,,,,85,,,[TX] S2:DATA:85
09:00:34.414,S1,IGNORE_REPLY,,,,,,S2:DATA:85,[IGNORE] S2:DATA:85
09:00:34.944,S2,IGNORE_POLL,,,,,,POLL:1,[IGNORE] POLL:1
09:00:34.951,S1,RX_POLL,-71,8.75,86,,646,,[RX] POLL:1 | RSSI: -71 dBm | SNR: 8.75 dB | RX#: 86
09:00:34.951,S1,TX_DATA,,,,86,,,[TX] S1:DATA:86
09:00:34.985,S2,IGNORE_REPLY,,,,,,S1:DATA:86,[IGNORE] S1:DATA:86
09:00:35.016,S1,IGNORE_POLL,,,,,,POLL:2,[IGNORE] POLL:2
09:00:35.022,S2,RX_POLL,-74,8.5,86,,647,,[RX] POLL:2 | RSSI: -74 dBm | SNR: 8.50 dB | RX#: 86
09:00:35.022,S2,TX_DATA,,,,86,,,[TX] S2:DATA:86
09:00:35.057,S1,IGNORE_REPLY,,,,,,S2:DATA:86,[IGNORE] S2:DATA:86
09:00:35.591,S2,IGNORE_POLL,,,,,,POLL:1,[IGNORE] POLL:1
09:00:35.594,S1,RX_POLL,-70,9.25,87,,643,,[RX] POLL:1 | RSSI: -70 dBm | SNR: 9.25 dB | RX#: 87
09:00:35.594,S1,TX_DATA,,,,87,,,[TX] S1:DATA:87
09:00:35.632,S2,IGNORE_REPLY,,,,,,S1:DATA:87,[IGNORE] S1:DATA:87
09:00:35.663,S1,IGNORE_POLL,,,,,,POLL:2,[IGNORE] POLL:2
09:00:35.665,S2,RX_POLL,-71,8.5,87,,643,,[RX] POLL:2 | RSSI: -71 dBm | SNR: 8.50 dB | RX#: 87
09:00:35.669,S2,TX_DATA,,,,87,,,[TX] S2:DATA:87
09:00:35.704,S1,IGNORE_REPLY,,,,,,S2:DATA:87,[IGNORE] S2:DATA:87
09:00:36.238,S2,IGNORE_POLL,,,,,,POLL:1,[IGNORE] POLL:1
09:00:36.241,S1,RX_POLL,-71,8.5,88,,647,,[RX] POLL:1 | RSSI: -71 dBm | SNR: 8.50 dB | RX#: 88
09:00:36.241,S1,TX_DATA,,,,88,,,[TX] S1:DATA:88
09:00:36.275,S2,IGNORE_REPLY,,,,,,S1:DATA:88,[IGNORE] S1:DATA:88
09:00:36.310,S1,IGNORE_POLL,,,,,,POLL:2,[IGNORE] POLL:2
09:00:36.312,S2,RX_POLL,-75,8.75,88,,647,,[RX] POLL:2 | RSSI: -75 dBm | SNR: 8.75 dB | RX#: 88
09:00:36.312,S2,TX_DATA,,,,88,,,[TX] S2:DATA:88
09:00:36.347,S1,IGNORE_REPLY,,,,,,S2:DATA:88,[IGNORE] S2:DATA:88
09:00:36.881,S2,IGNORE_POLL,,,,,,POLL:1,[IGNORE] POLL:1
09:00:36.884,S1,RX_POLL,-72,9.0,89,,643,,[RX] POLL:1 | RSSI: -72 dBm | SNR: 9.00 dB | RX#: 89
09:00:36.888,S1,TX_DATA,,,,89,,,[TX] S1:DATA:89
09:00:36.922,S2,IGNORE_REPLY,,,,,,S1:DATA:89,[IGNORE] S1:DATA:89
09:00:36.954,S1,IGNORE_POLL,,,,,,POLL:2,[IGNORE] POLL:2
09:00:36.961,S2,RX_POLL,-80,8.5,89,,649,,[RX] POLL:2 | RSSI: -80 dBm | SNR: 8.50 dB | RX#: 89
09:00:36.961,S2,TX_DATA,,,,89,,,[TX] S2:DATA:89
09:00:36.994,S1,IGNORE_REPLY,,,,,,S2:DATA:89,[IGNORE] S2:DATA:89
09:00:37.528,S2,IGNORE_POLL,,,,,,POLL:1,[IGNORE] POLL:1
09:00:37.531,S1,RX_POLL,-72,8.75,90,,647,,[RX] POLL:1 | RSSI: -72 dBm | SNR: 8.75 dB | RX#: 90
09:00:37.531,S1,TX_DATA,,,,90,,,[TX] S1:DATA:90
09:00:37.565,S2,IGNORE_REPLY,,,,,,S1:DATA:90,[IGNORE] S1:DATA:90
09:00:37.601,S1,IGNORE_POLL,,,,,,POLL:2,[IGNORE] POLL:2
09:00:37.602,S2,RX_POLL,-81,9.0,90,,641,,[RX] POLL:2 | RSSI: -81 dBm | SNR: 9.00 dB | RX#: 90
09:00:37.602,S2,TX_DATA,,,,90,,,[TX] S2:DATA:90
09:00:37.638,S1,IGNORE_REPLY,,,,,,S2:DATA:90,[IGNORE] S2:DATA:90
09:00:38.171,S2,IGNORE_POLL,,,,,,POLL:1,[IGNORE] POLL:1
09:00:38.174,S1,RX_POLL,-71,8.75,91,,643,,[RX] POLL:1 | RSSI: -71 dBm | SNR: 8.75 dB | RX#: 91
09:00:38.178,S1,TX_DATA,,,,91,,,[TX] S1:DATA:91
09:00:38.212,S2,IGNORE_REPLY,,,,,,S1:DATA:91,[IGNORE] S1:DATA:91
09:00:38.244,S1,IGNORE_POLL,,,,,,POLL:2,[IGNORE] POLL:2
09:00:38.249,S2,RX_POLL,-81,8.75,91,,647,,[RX] POLL:2 | RSSI: -81 dBm | SNR: 8.75 dB | RX#: 91
09:00:38.250,S2,TX_DATA,,,,91,,,[TX] S2:DATA:91
09:00:38.285,S1,IGNORE_REPLY,,,,,,S2:DATA:91,[IGNORE] S2:DATA:91
09:00:38.818,S2,IGNORE_POLL,,,,,,POLL:1,[IGNORE] POLL:1
09:00:38.821,S1,RX_POLL,-72,8.75,92,,647,,[RX] POLL:1 | RSSI: -72 dBm | SNR: 8.75 dB | RX#: 92
09:00:38.822,S1,TX_DATA,,,,92,,,[TX] S1:DATA:92
09:00:38.859,S2,IGNORE_REPLY,,,,,,S1:DATA:92,[IGNORE] S1:DATA:92
09:00:38.891,S1,IGNORE_POLL,,,,,,POLL:2,[IGNORE] POLL:2
09:00:38.892,S2,RX_POLL,-82,9.0,92,,643,,[RX] POLL:2 | RSSI: -82 dBm | SNR: 9.00 dB | RX#: 92
09:00:38.896,S2,TX_DATA,,,,92,,,[TX] S2:DATA:92
09:00:38.932,S1,IGNORE_REPLY,,,,,,S2:DATA:92,[IGNORE] S2:DATA:92
09:00:39.462,S2,IGNORE_POLL,,,,,,POLL:1,[IGNORE] POLL:1
09:00:39.465,S1,RX_POLL,-71,8.75,93,,643,,[RX] POLL:1 | RSSI: -71 dBm | SNR: 8.75 dB | RX#: 93
09:00:39.468,S1,TX_DATA,,,,93,,,[TX] S1:DATA:93
09:00:39.502,S2,IGNORE_REPLY,,,,,,S1:DATA:93,[IGNORE] S1:DATA:93
09:00:39.535,S1,IGNORE_POLL,,,,,,POLL:2,[IGNORE] POLL:2
09:00:39.539,S2,RX_POLL,-82,8.75,93,,647,,[RX] POLL:2 | RSSI: -82 dBm | SNR: 8.75 dB | RX#: 93
09:00:39.540,S2,TX_DATA,,,,93,,,[TX] S2:DATA:93
09:00:39.575,S1,IGNORE_REPLY,,,,,,S2:DATA:93,[IGNORE] S2:DATA:93
09:00:40.109,S2,IGNORE_POLL,,,,,,POLL:1,[IGNORE] POLL:1
09:00:40.112,S1,RX_POLL,-72,9.0,94,,647,,[RX] POLL:1 | RSSI: -72 dBm | SNR: 9.00 dB | RX#: 94
09:00:40.112,S1,TX_DATA,,,,94,,,[TX] S1:DATA:94
09:00:40.149,S2,IGNORE_REPLY,,,,,,S1:DATA:94,[IGNORE] S1:DATA:94
09:00:40.181,S1,IGNORE_POLL,,,,,,POLL:2,[IGNORE] POLL:2
09:00:40.183,S2,RX_POLL,-82,8.75,94,,643,,[RX] POLL:2 | RSSI: -82 dBm | SNR: 8.75 dB | RX#: 94
09:00:40.186,S2,TX_DATA,,,,94,,,[TX] S2:DATA:94
09:00:40.222,S1,IGNORE_REPLY,,,,,,S2:DATA:94,[IGNORE] S2:DATA:94
09:00:40.752,S2,IGNORE_POLL,,,,,,POLL:1,[IGNORE] POLL:1
09:00:40.759,S1,RX_POLL,-71,8.75,95,,647,,[RX] POLL:1 | RSSI: -71 dBm | SNR: 8.75 dB | RX#: 95
09:00:40.759,S1,TX_DATA,,,,95,,,[TX] S1:DATA:95
09:00:40.793,S2,IGNORE_REPLY,,,,,,S1:DATA:95,[IGNORE] S1:DATA:95
09:00:40.828,S1,IGNORE_POLL,,,,,,POLL:2,[IGNORE] POLL:2
09:00:40.830,S2,RX_POLL,-82,8.75,95,,647,,[RX] POLL:2 | RSSI: -82 dBm | SNR: 8.75 dB | RX#: 95
09:00:40.830,S2,TX_DATA,,,,95,,,[TX] S2:DATA:95
09:00:40.866,S1,IGNORE_REPLY,,,,,,S2:DATA:95,[IGNORE] S2:DATA:95
09:00:41.399,S2,IGNORE_POLL,,,,,,POLL:1,[IGNORE] POLL:1
09:00:41.402,S1,RX_POLL,-72,8.5,96,,643,,[RX] POLL:1 | RSSI: -72 dBm | SNR: 8.50 dB | RX#: 96
09:00:41.402,S1,TX_DATA,,,,96,,,[TX] S1:DATA:96
09:00:41.440,S2,IGNORE_REPLY,,,,,,S1:DATA:96,[IGNORE] S1:DATA:96
09:00:41.471,S1,IGNORE_POLL,,,,,,POLL:2,[IGNORE] POLL:2
09:00:41.473,S2,RX_POLL,-82,8.75,96,,643,,[RX] POLL:2 | RSSI: -82 dBm | SNR: 8.75 dB | RX#: 96
09:00:41.477,S2,TX_DATA,,,,96,,,[TX] S2:DATA:96
09:00:41.512,S1,IGNORE_REPLY,,,,,,S2:DATA:96,[IGNORE] S2:DATA:96
09:00:42.046,S2,IGNORE_POLL,,,,,,POLL:1,[IGNORE] POLL:1
09:00:42.049,S1,RX_POLL,-71,9.0,97,,647,,[RX] POLL:1 | RSSI: -71 dBm | SNR: 9.00 dB | RX#: 97
09:00:42.049,S1,TX_DATA,,,,97,,,[TX] S1:DATA:97
09:00:42.083,S2,IGNORE_REPLY,,,,,,S1:DATA:97,[IGNORE] S1:DATA:97
09:00:42.118,S1,IGNORE_POLL,,,,,,POLL:2,[IGNORE] POLL:2
09:00:42.120,S2,RX_POLL,-82,8.75,97,,647,,[RX] POLL:2 | RSSI: -82 dBm | SNR: 8.75 dB | RX#: 97
09:00:42.120,S2,TX_DATA,,,,97,,,[TX] S2:DATA:97
09:00:42.155,S1,IGNORE_REPLY,,,,,,S2:DATA:97,[IGNORE] S2:DATA:97
09:00:42.689,S2,IGNORE_POLL,,,,,,POLL:1,[IGNORE] POLL:1
09:00:42.692,S1,RX_POLL,-72,8.75,98,,643,,[RX] POLL:1 | RSSI: -72 dBm | SNR: 8.75 dB | RX#: 98
09:00:42.696,S1,TX_DATA,,,,98,,,[TX] S1:DATA:98
09:00:42.730,S2,IGNORE_REPLY,,,,,,S1:DATA:98,[IGNORE] S1:DATA:98
09:00:42.762,S1,IGNORE_POLL,,,,,,POLL:2,[IGNORE] POLL:2
09:00:42.767,S2,RX_POLL,-82,8.75,98,,647,,[RX] POLL:2 | RSSI: -82 dBm | SNR: 8.75 dB | RX#: 98
09:00:42.767,S2,TX_DATA,,,,98,,,[TX] S2:DATA:98
09:00:42.802,S1,IGNORE_REPLY,,,,,,S2:DATA:98,[IGNORE] S2:DATA:98
09:00:43.336,S2,IGNORE_POLL,,,,,,POLL:1,[IGNORE] POLL:1
09:00:43.339,S1,RX_POLL,-72,9.0,99,,647,,[RX] POLL:1 | RSSI: -72 dBm | SNR: 9.00 dB | RX#: 99
09:00:43.340,S1,TX_DATA,,,,99,,,[TX] S1:DATA:99
09:00:43.373,S2,IGNORE_REPLY,,,,,,S1:DATA:99,[IGNORE] S1:DATA:99
09:00:43.408,S1,IGNORE_POLL,,,,,,POLL:2,[IGNORE] POLL:2
09:00:43.410,S2,RX_POLL,-82,9.0,99,,643,,[RX] POLL:2 | RSSI: -82 dBm | SNR: 9.00 dB | RX#: 99
09:00:43.414,S2,TX_DATA,,,,99,,,[TX] S2:DATA:99
09:00:43.449,S1,IGNORE_REPLY,,,,,,S2:DATA:99,[IGNORE] S2:DATA:99
09:00:43.980,S2,IGNORE_POLL,,,,,,POLL:1,[IGNORE] POLL:1
09:00:43.983,S1,RX_POLL,-72,8.5,100,,644,,[RX] POLL:1 | RSSI: -72 dBm | SNR: 8.50 dB | RX#: 100
09:00:43.986,S1,TX_DATA,,,,100,,,[TX] S1:DATA:100
09:00:44.025,S2,IGNORE_REPLY,,,,,,S1:DATA:100,[IGNORE] S1:DATA:100
09:00:44.059,S1,IGNORE_POLL,,,,,,POLL:2,[IGNORE] POLL:2
09:00:44.061,S2,RX_POLL,-82,9.0,100,,651,,[RX] POLL:2 | RSSI: -82 dBm | SNR: 9.00 dB | RX#: 100
09:00:44.062,S2,TX_DATA,,,,100,,,[TX] S2:DATA:100
09:00:44.105,S1,IGNORE_REPLY,,,,,,S2:DATA:100,[IGNORE] S2:DATA:100
09:00:44.635,S2,IGNORE_POLL,,,,,,POLL:1,[IGNORE] POLL:1
09:00:44.637,S1,RX_POLL,-72,8.75,101,,654,,[RX] POLL:1 | RSSI: -72 dBm | SNR: 8.75 dB | RX#: 101
09:00:44.642,S1,TX_DATA,,,,101,,,[TX] S1:DATA:101
09:00:44.680,S2,IGNORE_REPLY,,,,,,S1:DATA:101,[IGNORE] S1:DATA:101
09:00:44.715,S1,IGNORE_POLL,,,,,,POLL:2,[IGNORE] POLL:2
09:00:44.717,S2,RX_POLL,-82,9.0,101,,655,,[RX] POLL:2 | RSSI: -82 dBm | SNR: 9.00 dB | RX#: 101
09:00:44.717,S2,TX_DATA,,,,101,,,[TX] S2:DATA:101
09:00:44.760,S1,IGNORE_REPLY,,,,,,S2:DATA:101,[IGNORE] S2:DATA:101
09:00:45.290,S2,IGNORE_POLL,,,,,,POLL:1,[IGNORE] POLL:1
09:00:45.293,S1,RX_POLL,-72,9.0,102,,655,,[RX] POLL:1 | RSSI: -72 dBm | SNR: 9.00 dB | RX#: 102
09:00:45.297,S1,TX_DATA,,,,102,,,[TX] S1:DATA:102
09:00:45.335,S2,IGNORE_REPLY,,,,,,S1:DATA:102,[IGNORE] S1:DATA:102
09:00:45.370,S1,IGNORE_POLL,,,,,,POLL:2,[IGNORE] POLL:2
09:00:45.372,S2,RX_POLL,-82,9.5,102,,655,,[RX] POLL:2 | RSSI: -82 dBm | SNR: 9.50 dB | RX#: 102
09:00:45.372,S2,TX_DATA,,,,102,,,[TX] S2:DATA:102
09:00:45.415,S1,IGNORE_REPLY,,,,,,S2:DATA:102,[IGNORE] S2:DATA:102
09:00:45.945,S2,IGNORE_POLL,,,,,,POLL:1,[IGNORE] POLL:1
09:00:45.949,S1,RX_POLL,-71,9.25,103,,656,,[RX] POLL:1 | RSSI: -71 dBm | SNR: 9.25 dB | RX#: 103
09:00:45.952,S1,TX_DATA,,,,103,,,[TX] S1:DATA:103
09:00:45.990,S2,IGNORE_REPLY,,,,,,S1:DATA:103,[IGNORE] S1:DATA:103
09:00:46.022,S1,IGNORE_POLL,,,,,,POLL:2,[IGNORE] POLL:2
09:00:46.028,S2,RX_POLL,-82,9.0,103,,656,,[RX] POLL:2 | RSSI: -82 dBm | SNR: 9.00 dB | RX#: 103
09:00:46.028,S2,TX_DATA,,,,103,,,[TX] S2:DATA:103
09:00:46.067,S1,IGNORE_REPLY,,,,,,S2:DATA:103,[IGNORE] S2:DATA:103
09:00:46.601,S2,IGNORE_POLL,,,,,,POLL:1,[IGNORE] POLL:1
09:00:46.604,S1,RX_POLL,-71,9.0,104,,655,,[RX] POLL:1 | RSSI: -71 dBm | SNR: 9.00 dB | RX#: 104
09:00:46.608,S1,TX_DATA,,,,104,,,[TX] S1:DATA:104
09:00:46.646,S2,IGNORE_REPLY,,,,,,S1:DATA:104,[IGNORE] S1:DATA:104
09:00:46.677,S1,IGNORE_POLL,,,,,,POLL:2,[IGNORE] POLL:2
09:00:46.683,S2,RX_POLL,-83,9.0,104,,655,,[RX] POLL:2 | RSSI: -83 dBm | SNR: 9.00 dB | RX#: 104
09:00:46.683,S2,TX_DATA,,,,104,,,[TX] S2:DATA:104
09:00:46.722,S1,IGNORE_REPLY,,,,,,S2:DATA:104,[IGNORE] S2:DATA:104
09:00:47.256,S2,IGNORE_POLL,,,,,,POLL:1,[IGNORE] POLL:1
09:00:47.259,S1,RX_POLL,-68,8.0,105,,655,,[RX] POLL:1 | RSSI: -68 dBm | SNR: 8.00 dB | RX#: 105
09:00:47.262,S1,TX_DATA,,,,105,,,[TX] S1:DATA:105
09:00:47.301,S2,IGNORE_REPLY,,,,,,S1:DATA:105,[IGNORE] S1:DATA:105
09:00:47.333,S1,IGNORE_POLL,,,,,,POLL:2,[IGNORE] POLL:2
09:00:47.338,S2,RX_POLL,-83,9.25,105,,655,,[RX] POLL:2 | RSSI: -83 dBm | SNR: 9.25 dB | RX#: 105
09:00:47.338,S2,TX_DATA,,,,105,,,[TX] S2:DATA:105
09:00:47.377,S1,IGNORE_REPLY,,,,,,S2:DATA:105,[IGNORE] S2:DATA:105
09:00:47.911,S2,IGNORE_POLL,,,,,,POLL:1,[IGNORE] POLL:1
09:00:47.914,S1,RX_POLL,-72,9.0,106,,655,,[RX] POLL:1 | RSSI: -72 dBm | SNR: 9.00 dB | RX#: 106
09:00:47.914,S1,TX_DATA,,,,106,,,[TX] S1:DATA:106
09:00:47.957,S2,IGNORE_REPLY,,,,,,S1:DATA:106,[IGNORE] S1:DATA:106
09:00:47.988,S1,IGNORE_POLL,,,,,,POLL:2,[IGNORE] POLL:2
09:00:47.994,S2,RX_POLL,-82,9.0,106,,656,,[RX] POLL:2 | RSSI: -82 dBm | SNR: 9.00 dB | RX#: 106
09:00:47.994,S2,TX_DATA,,,,106,,,[TX] S2:DATA:106
09:00:48.033,S1,IGNORE_REPLY,,,,,,S2:DATA:106,[IGNORE] S2:DATA:106
09:00:48.566,S2,IGNORE_POLL,,,,,,POLL:1,[IGNORE] POLL:1
09:00:48.569,S1,RX_POLL,-71,9.25,107,,655,,[RX] POLL:1 | RSSI: -71 dBm | SNR: 9.25 dB | RX#: 107
09:00:48.569,S1,TX_DATA,,,,107,,,[TX] S1:DATA:107
09:00:48.612,S2,IGNORE_REPLY,,,,,,S1:DATA:107,[IGNORE] S1:DATA:107
09:00:48.643,S1,IGNORE_POLL,,,,,,POLL:2,[IGNORE] POLL:2
09:00:48.649,S2,RX_POLL,-82,9.25,107,,655,,[RX] POLL:2 | RSSI: -82 dBm | SNR: 9.25 dB | RX#: 107
09:00:48.649,S2,TX_DATA,,,,107,,,[TX] S2:DATA:107
09:00:48.688,S1,IGNORE_REPLY,,,,,,S2:DATA:107,[IGNORE] S2:DATA:107
09:00:49.222,S2,IGNORE_POLL,,,,,,POLL:1,[IGNORE] POLL:1
09:00:49.225,S1,RX_POLL,-72,9.0,108,,656,,[RX] POLL:1 | RSSI: -72 dBm | SNR: 9.00 dB | RX#: 108
09:00:49.225,S1,TX_DATA,,,,108,,,[TX] S1:DATA:108
09:00:49.267,S2,IGNORE_REPLY,,,,,,S1:DATA:108,[IGNORE] S1:DATA:108
09:00:49.298,S1,IGNORE_POLL,,,,,,POLL:2,[IGNORE] POLL:2
09:00:49.304,S2,RX_POLL,-82,9.0,108,,656,,[RX] POLL:2 | RSSI: -82 dBm | SNR: 9.00 dB | RX#: 108
09:00:49.305,S2,TX_DATA,,,,108,,,[TX] S2:DATA:108
09:00:49.343,S1,IGNORE_REPLY,,,,,,S2:DATA:108,[IGNORE] S2:DATA:108
09:00:49.877,S2,IGNORE_POLL,,,,,,POLL:1,[IGNORE] POLL:1
09:00:49.880,S1,RX_POLL,-71,9.25,109,,655,,[RX] POLL:1 | RSSI: -71 dBm | SNR: 9.25 dB | RX#: 109
09:00:49.880,S1,TX_DATA,,,,109,,,[TX] S1:DATA:109
09:00:49.922,S2,IGNORE_REPLY,,,,,,S1:DATA:109,[IGNORE] S1:DATA:109
09:00:49.954,S1,IGNORE_POLL,,,,,,POLL:2,[IGNORE] POLL:2
09:00:49.960,S2,RX_POLL,-82,9.0,109,,655,,[RX] POLL:2 | RSSI: -82 dBm | SNR: 9.00 dB | RX#: 109
09:00:49.960,S2,TX_DATA,,,,109,,,[TX] S2:DATA:109
09:00:49.999,S1,IGNORE_REPLY,,,,,,S2:DATA:109,[IGNORE] S2:DATA:109
09:00:50.533,S2,IGNORE_POLL,,,,,,POLL:1,[IGNORE] POLL:1
09:00:50.536,S1,RX_POLL,-71,8.75,110,,656,,[RX] POLL:1 | RSSI: -71 dBm | SNR: 8.75 dB | RX#: 110
09:00:50.539,S1,TX_DATA,,,,110,,,[TX] S1:DATA:110
09:00:50.578,S2,IGNORE_REPLY,,,,,,S1:DATA:110,[IGNORE] S1:DATA:110
09:00:50.609,S1,IGNORE_POLL,,,,,,POLL:2,[IGNORE] POLL:2
09:00:50.614,S2,RX_POLL,-82,9.0,110,,655,,[RX] POLL:2 | RSSI: -82 dBm | SNR: 9.00 dB | RX#: 110
09:00:50.615,S2,TX_DATA,,,,110,,,[TX] S2:DATA:110
09:00:50.654,S1,IGNORE_REPLY,,,,,,S2:DATA:110,[IGNORE] S2:DATA:110
09:00:51.188,S2,IGNORE_POLL,,,,,,POLL:1,[IGNORE] POLL:1
09:00:51.191,S1,RX_POLL,-71,9.0,111,,655,,[RX] POLL:1 | RSSI: -71 dBm | SNR: 9.00 dB | RX#: 111
09:00:51.195,S1,TX_DATA,,,,111,,,[TX] S1:DATA:111
09:00:51.233,S2,IGNORE_REPLY,,,,,,S1:DATA:111,[IGNORE] S1:DATA:111
09:00:51.264,S1,IGNORE_POLL,,,,,,POLL:2,[IGNORE] POLL:2
09:00:51.270,S2,RX_POLL,-81,8.75,111,,656,,[RX] POLL:2 | RSSI: -81 dBm | SNR: 8.75 dB | RX#: 111
09:00:51.271,S2,TX_DATA,,,,111,,,[TX] S2:DATA:111
09:00:51.310,S1,IGNORE_REPLY,,,,,,S2:DATA:111,[IGNORE] S2:DATA:111
09:00:51.843,S2,IGNORE_POLL,,,,,,POLL:1,[IGNORE] POLL:1
09:00:51.846,S1,RX_POLL,-71,9.0,112,,655,,[RX] POLL:1 | RSSI: -71 dBm | SNR: 9.00 dB | RX#: 112
09:00:51.850,S1,TX_DATA,,,,112,,,[TX] S1:DATA:112
09:00:51.888,S2,IGNORE_REPLY,,,,,,S1:DATA:112,[IGNORE] S1:DATA:112
09:00:51.923,S1,IGNORE_POLL,,,,,,POLL:2,[IGNORE] POLL:2
09:00:51.925,S2,RX_POLL,-81,9.0,112,,655,,[RX] POLL:2 | RSSI: -81 dBm | SNR: 9.00 dB | RX#: 112
09:00:51.925,S2,TX_DATA,,,,112,,,[TX] S2:DATA:112
09:00:51.968,S1,IGNORE_REPLY,,,,,,S2:DATA:112,[IGNORE] S2:DATA:112
09:00:52.499,S2,IGNORE_POLL,,,,,,POLL:1,[IGNORE] POLL:1
09:00:52.501,S1,RX_POLL,-71,8.75,113,,655,,[RX] POLL:1 | RSSI: -71 dBm | SNR: 8.75 dB | RX#: 113
09:00:52.506,S1,TX_DATA,,,,113,,,[TX] S1:DATA:113
09:00:52.544,S2,IGNORE_REPLY,,,,,,S1:DATA:113,[IGNORE] S1:DATA:113
09:00:52.579,S1,IGNORE_POLL,,,,,,POLL:2,[IGNORE] POLL:2
09:00:52.581,S2,RX_POLL,-81,9.0,113,,656,,[RX] POLL:2 | RSSI: -81 dBm | SNR: 9.00 dB | RX#: 113
09:00:52.581,S2,TX_DATA,,,,113,,,[TX] S2:DATA:113
09:00:52.624,S1,IGNORE_REPLY,,,,,,S2:DATA:113,[IGNORE] S2:DATA:113
09:00:53.154,S2,IGNORE_POLL,,,,,,POLL:1,[IGNORE] POLL:1
09:00:53.157,S1,RX_POLL,-71,8.75,114,,655,,[RX] POLL:1 | RSSI: -71 dBm | SNR: 8.75 dB | RX#: 114
09:00:53.161,S1,TX_DATA,,,,114,,,[TX] S1:DATA:114
09:00:53.199,S2,IGNORE_REPLY,,,,,,S1:DATA:114,[IGNORE] S1:DATA:114
09:00:53.234,S1,IGNORE_POLL,,,,,,POLL:2,[IGNORE] POLL:2
09:00:53.236,S2,RX_POLL,-81,8.75,114,,655,,[RX] POLL:2 | RSSI: -81 dBm | SNR: 8.75 dB | RX#: 114
09:00:53.236,S2,TX_DATA,,,,114,,,[TX] S2:DATA:114
09:00:53.279,S1,IGNORE_REPLY,,,,,,S2:DATA:114,[IGNORE] S2:DATA:114
09:00:53.810,S2,IGNORE_POLL,,,,,,POLL:1,[IGNORE] POLL:1
09:00:53.816,S1,RX_POLL,-71,8.75,115,,659,,[RX] POLL:1 | RSSI: -71 dBm | SNR: 8.75 dB | RX#: 115
09:00:53.816,S1,TX_DATA,,,,115,,,[TX] S1:DATA:115
09:00:53.854,S2,IGNORE_REPLY,,,,,,S1:DATA:115,[IGNORE] S1:DATA:115
09:00:53.889,S1,IGNORE_POLL,,,,,,POLL:2,[IGNORE] POLL:2
09:00:53.891,S2,RX_POLL,-82,8.75,115,,655,,[RX] POLL:2 | RSSI: -82 dBm | SNR: 8.75 dB | RX#: 115
09:00:53.895,S2,TX_DATA,,,,115,,,[TX] S2:DATA:115
09:00:53.934,S1,IGNORE_REPLY,,,,,,S2:DATA:115,[IGNORE] S2:DATA:115
09:00:54.465,S2,IGNORE_POLL,,,,,,POLL:1,[IGNORE] POLL:1
09:00:54.471,S1,RX_POLL,-71,9.0,116,,655,,[RX] POLL:1 | RSSI: -71 dBm | SNR: 9.00 dB | RX#: 116
09:00:54.471,S1,TX_DATA,,,,116,,,[TX] S1:DATA:116
09:00:54.510,S2,IGNORE_REPLY,,,,,,S1:DATA:116,[IGNORE] S1:DATA:116
09:00:54.545,S1,IGNORE_POLL,,,,,,POLL:2,[IGNORE] POLL:2
09:00:54.546,S2,RX_POLL,-84,9.0,116,,655,,[RX] POLL:2 | RSSI: -84 dBm | SNR: 9.00 dB | RX#: 116
09:00:54.550,S2,TX_DATA,,,,116,,,[TX] S2:DATA:116
09:00:54.590,S1,IGNORE_REPLY,,,,,,S2:DATA:116,[IGNORE] S2:DATA:116
09:00:55.124,S2,IGNORE_POLL,,,,,,POLL:1,[IGNORE] POLL:1
09:00:55.126,S1,RX_POLL,-71,8.75,117,,655,,[RX] POLL:1 | RSSI: -71 dBm | SNR: 8.75 dB | RX#: 117
09:00:55.127,S1,TX_DATA,,,,117,,,[TX] S1:DATA:117
09:00:55.169,S2,IGNORE_REPLY,,,,,,S1:DATA:117,[IGNORE] S1:DATA:117
09:00:55.200,S1,IGNORE_POLL,,,,,,POLL:2,[IGNORE] POLL:2
09:00:55.202,S2,RX_POLL,-83,8.25,117,,656,,[RX] POLL:2 | RSSI: -83 dBm | SNR: 8.25 dB | RX#: 117
09:00:55.206,S2,TX_DATA,,,,117,,,[TX] S2:DATA:117
09:00:55.245,S1,IGNORE_REPLY,,,,,,S2:DATA:117,[IGNORE] S2:DATA:117
09:00:55.779,S2,IGNORE_POLL,,,,,,POLL:1,[IGNORE] POLL:1
09:00:55.782,S1,RX_POLL,-71,9.0,118,,655,,[RX] POLL:1 | RSSI: -71 dBm | SNR: 9.00 dB | RX#: 118
09:00:55.782,S1,TX_DATA,,,,118,,,[TX] S1:DATA:118
09:00:55.824,S2,IGNORE_REPLY,,,,,,S1:DATA:118,[IGNORE] S1:DATA:118
09:00:55.855,S1,IGNORE_POLL,,,,,,POLL:2,[IGNORE] POLL:2
09:00:55.857,S2,RX_POLL,-83,9.0,118,,655,,[RX] POLL:2 | RSSI: -83 dBm | SNR: 9.00 dB | RX#: 118
09:00:55.861,S2,TX_DATA,,,,118,,,[TX] S2:DATA:118
09:00:55.901,S1,IGNORE_REPLY,,,,,,S2:DATA:118,[IGNORE] S2:DATA:118
09:00:56.434,S2,IGNORE_POLL,,,,,,POLL:1,[IGNORE] POLL:1
09:00:56.437,S1,RX_POLL,-72,9.0,119,,655,,[RX] POLL:1 | RSSI: -72 dBm | SNR: 9.00 dB | RX#: 119
09:00:56.437,S1,TX_DATA,,,,119,,,[TX] S1:DATA:119
09:00:56.479,S2,IGNORE_REPLY,,,,,,S1:DATA:119,[IGNORE] S1:DATA:119
09:00:56.511,S1,IGNORE_POLL,,,,,,POLL:2,[IGNORE] POLL:2
09:00:56.513,S2,RX_POLL,-80,9.25,119,,655,,[RX] POLL:2 | RSSI: -80 dBm | SNR: 9.25 dB | RX#: 119
09:00:56.517,S2,TX_DATA,,,,119,,,[TX] S2:DATA:119
09:00:56.556,S1,IGNORE_REPLY,,,,,,S2:DATA:119,[IGNORE] S2:DATA:119
09:00:57.094,S2,IGNORE_POLL,,,,,,POLL:1,[IGNORE] POLL:1
09:00:57.094,S1,RX_POLL,-71,8.75,120,,657,,[RX] POLL:1 | RSSI: -71 dBm | SNR: 8.75 dB | RX#: 120
09:00:57.095,S1,TX_DATA,,,,120,,,[TX] S1:DATA:120
09:00:57.135,S2,IGNORE_REPLY,,,,,,S1:DATA:120,[IGNORE] S1:DATA:120
09:00:57.166,S1,IGNORE_POLL,,,,,,POLL:2,[IGNORE] POLL:2
09:00:57.172,S2,RX_POLL,-80,8.75,120,,659,,[RX] POLL:2 | RSSI: -80 dBm | SNR: 8.75 dB | RX#: 120
09:00:57.172,S2,TX_DATA,,,,120,,,[TX] S2:DATA:120
09:00:57.211,S1,IGNORE_REPLY,,,,,,S2:DATA:120,[IGNORE] S2:DATA:120
09:00:57.745,S2,IGNORE_POLL,,,,,,POLL:1,[IGNORE] POLL:1
09:00:57.748,S1,RX_POLL,-72,8.5,121,,654,,[RX] POLL:1 | RSSI: -72 dBm | SNR: 8.50 dB | RX#: 121
09:00:57.748,S1,TX_DATA,,,,121,,,[TX] S1:DATA:121
09:00:57.790,S2,IGNORE_REPLY,,,,,,S1:DATA:121,[IGNORE] S1:DATA:121
09:00:57.821,S1,IGNORE_POLL,,,,,,POLL:2,[IGNORE] POLL:2
09:00:57.827,S2,RX_POLL,-81,9.0,121,,655,,[RX] POLL:2 | RSSI: -81 dBm | SNR: 9.00 dB | RX#: 121
09:00:57.827,S2,TX_DATA,,,,121,,,[TX] S2:DATA:121
09:00:57.867,S1,IGNORE_REPLY,,,,,,S2:DATA:121,[IGNORE] S2:DATA:121
09:00:58.401,S2,IGNORE_POLL,,,,,,POLL:1,[IGNORE] POLL:1
09:00:58.404,S1,RX_POLL,-72,9.0,122,,656,,[RX] POLL:1 | RSSI: -72 dBm | SNR: 9.00 dB | RX#: 122
09:00:58.404,S1,TX_DATA,,,,122,,,[TX] S1:DATA:122
09:00:58.446,S2,IGNORE_REPLY,,,,,,S1:DATA:122,[IGNORE] S1:DATA:122
09:00:58.477,S1,IGNORE_POLL,,,,,,POLL:2,[IGNORE] POLL:2
09:00:58.483,S2,RX_POLL,-81,8.75,122,,656,,[RX] POLL:2 | RSSI: -81 dBm | SNR: 8.75 dB | RX#: 122
09:00:58.484,S2,TX_DATA,,,,122,,,[TX] S2:DATA:122
09:00:58.522,S1,IGNORE_REPLY,,,,,,S2:DATA:122,[IGNORE] S2:DATA:122
09:00:59.056,S2,IGNORE_POLL,,,,,,POLL:1,[IGNORE] POLL:1
09:00:59.059,S1,RX_POLL,-72,8.75,123,,655,,[RX] POLL:1 | RSSI: -72 dBm | SNR: 8.75 dB | RX#: 123
09:00:59.063,S1,TX_DATA,,,,123,,,[TX] S1:DATA:123
09:00:59.101,S2,IGNORE_REPLY,,,,,,S1:DATA:123,[IGNORE] S1:DATA:123
09:00:59.133,S1,IGNORE_POLL,,,,,,POLL:2,[IGNORE] POLL:2
09:00:59.138,S2,RX_POLL,-80,8.75,123,,654,,[RX] POLL:2 | RSSI: -80 dBm | SNR: 8.75 dB | RX#: 123
09:00:59.138,S2,TX_DATA,,,,123,,,[TX] S2:DATA:123
09:00:59.178,S1,IGNORE_REPLY,,,,,,S2:DATA:123,[IGNORE] S2:DATA:123
09:00:59.711,S2,IGNORE_POLL,,,,,,POLL:1,[IGNORE] POLL:1
09:00:59.714,S1,RX_POLL,-72,9.0,124,,655,,[RX] POLL:1 | RSSI: -72 dBm | SNR: 9.00 dB | RX#: 124
09:00:59.718,S1,TX_DATA,,,,124,,,[TX] S1:DATA:124
09:00:59.756,S2,IGNORE_REPLY,,,,,,S1:DATA:124,[IGNORE] S1:DATA:124
09:00:59.787,S1,IGNORE_POLL,,,,,,POLL:2,[IGNORE] POLL:2
09:00:59.793,S2,RX_POLL,-80,9.0,124,,655,,[RX] POLL:2 | RSSI: -80 dBm | SNR: 9.00 dB | RX#: 124
09:00:59.793,S2,TX_DATA,,,,124,,,[TX] S2:DATA:124
09:00:59.836,S1,IGNORE_REPLY,,,,,,S2:DATA:124,[IGNORE] S2:DATA:124
09:01:00.367,S2,IGNORE_POLL,,,,,,POLL:1,[IGNORE] POLL:1
09:01:00.369,S1,RX_POLL,-72,8.5,125,,655,,[RX] POLL:1 | RSSI: -72 dBm | SNR: 8.50 dB | RX#: 125
09:01:00.373,S1,TX_DATA,,,,125,,,[TX] S1:DATA:125
09:01:00.411,S2,IGNORE_REPLY,,,,,,S1:DATA:125,[IGNORE] S1:DATA:125
09:01:00.447,S1,IGNORE_POLL,,,,,,POLL:2,[IGNORE] POLL:2
09:01:00.449,S2,RX_POLL,-80,9.0,125,,655,,[RX] POLL:2 | RSSI: -80 dBm | SNR: 9.00 dB | RX#: 125
09:01:00.449,S2,TX_DATA,,,,125,,,[TX] S2:DATA:125
09:01:00.492,S1,IGNORE_REPLY,,,,,,S2:DATA:125,[IGNORE] S2:DATA:125
09:01:01.022,S2,IGNORE_POLL,,,,,,POLL:1,[IGNORE] POLL:1
09:01:01.025,S1,RX_POLL,-72,8.75,126,,656,,[RX] POLL:1 | RSSI: -72 dBm | SNR: 8.75 dB | RX#: 126
09:01:01.028,S1,TX_DATA,,,,126,,,[TX] S1:DATA:126
09:01:01.067,S2,IGNORE_REPLY,,,,,,S1:DATA:126,[IGNORE] S1:DATA:126
09:01:01.102,S1,IGNORE_POLL,,,,,,POLL:2,[IGNORE] POLL:2
09:01:01.104,S2,RX_POLL,-80,8.75,126,,655,,[RX] POLL:2 | RSSI: -80 dBm | SNR: 8.75 dB | RX#: 126
09:01:01.104,S2,TX_DATA,,,,126,,,[TX] S2:DATA:126
09:01:01.147,S1,IGNORE_REPLY,,,,,,S2:DATA:126,[IGNORE] S2:DATA:126
09:01:01.677,S2,IGNORE_POLL,,,,,,POLL:1,[IGNORE] POLL:1
09:01:01.684,S1,RX_POLL,-72,8.75,127,,659,,[RX] POLL:1 | RSSI: -72 dBm | SNR: 8.75 dB | RX#: 127
09:01:01.684,S1,TX_DATA,,,,127,,,[TX] S1:DATA:127
09:01:01.722,S2,IGNORE_REPLY,,,,,,S1:DATA:127,[IGNORE] S1:DATA:127
09:01:01.758,S1,IGNORE_POLL,,,,,,POLL:2,[IGNORE] POLL:2
09:01:01.759,S2,RX_POLL,-81,8.5,127,,655,,[RX] POLL:2 | RSSI: -81 dBm | SNR: 8.50 dB | RX#: 127
09:01:01.760,S2,TX_DATA,,,,127,,,[TX] S2:DATA:127
09:01:01.802,S1,IGNORE_REPLY,,,,,,S2:DATA:127,[IGNORE] S2:DATA:127
09:01:02.332,S2,IGNORE_POLL,,,,,,POLL:1,[IGNORE] POLL:1
09:01:02.339,S1,RX_POLL,-72,8.75,128,,655,,[RX] POLL:1 | RSSI: -72 dBm | SNR: 8.75 dB | RX#: 128
09:01:02.339,S1,TX_DATA,,,,128,,,[TX] S1:DATA:128
09:01:02.377,S2,IGNORE_REPLY,,,,,,S1:DATA:128,[IGNORE] S1:DATA:128
09:01:02.413,S1,IGNORE_POLL,,,,,,POLL:2,[IGNORE] POLL:2
09:01:02.415,S2,RX_POLL,-80,9.0,128,,655,,[RX] POLL:2 | RSSI: -80 dBm | SNR: 9.00 dB | RX#: 128
09:01:02.419,S2,TX_DATA,,,,128,,,[TX] S2:DATA:128
09:01:02.458,S1,IGNORE_REPLY,,,,,,S2:DATA:128,[IGNORE] S2:DATA:128
09:01:02.988,S2,IGNORE_POLL,,,,,,POLL:1,[IGNORE] POLL:1
09:01:02.994,S1,RX_POLL,-72,8.75,129,,655,,[RX] POLL:1 | RSSI: -72 dBm | SNR: 8.75 dB | RX#: 129
09:01:02.995,S1,TX_DATA,,,,129,,,[TX] S1:DATA:129
09:01:03.037,S2,IGNORE_REPLY,,,,,,S1:DATA:129,[IGNORE] S1:DATA:129
09:01:03.068,S1,IGNORE_POLL,,,,,,POLL:2,[IGNORE] POLL:2
09:01:03.070,S2,RX_POLL,-81,8.75,129,,656,,[RX] POLL:2 | RSSI: -81 dBm | SNR: 8.75 dB | RX#: 129
09:01:03.074,S2,TX_DATA,,,,129,,,[TX] S2:DATA:129
09:01:03.113,S1,IGNORE_REPLY,,,,,,S2:DATA:129,[IGNORE] S2:DATA:129
09:01:03.647,S2,IGNORE_POLL,,,,,,POLL:1,[IGNORE] POLL:1
09:01:03.650,S1,RX_POLL,-71,9.0,130,,655,,[RX] POLL:1 | RSSI: -71 dBm | SNR: 9.00 dB | RX#: 130
09:01:03.650,S1,TX_DATA,,,,130,,,[TX] S1:DATA:130
09:01:03.692,S2,IGNORE_REPLY,,,,,,S1:DATA:130,[IGNORE] S1:DATA:130
09:01:03.723,S1,IGNORE_POLL,,,,,,POLL:2,[IGNORE] POLL:2
09:01:03.725,S2,RX_POLL,-80,8.75,130,,655,,[RX] POLL:2 | RSSI: -80 dBm | SNR: 8.75 dB | RX#: 130
09:01:03.729,S2,TX_DATA,,,,130,,,[TX] S2:DATA:130
09:01:03.769,S1,IGNORE_REPLY,,,,,,S2:DATA:130,[IGNORE] S2:DATA:130
09:01:04.303,S2,IGNORE_POLL,,,,,,POLL:1,[IGNORE] POLL:1
09:01:04.305,S1,RX_POLL,-71,9.0,131,,656,,[RX] POLL:1 | RSSI: -71 dBm | SNR: 9.00 dB | RX#: 131
09:01:04.306,S1,TX_DATA,,,,131,,,[TX] S1:DATA:131
09:01:04.347,S2,IGNORE_REPLY,,,,,,S1:DATA:131,[IGNORE] S1:DATA:131
09:01:04.379,S1,IGNORE_POLL,,,,,,POLL:2,[IGNORE] POLL:2
09:01:04.381,S2,RX_POLL,-80,8.75,131,,656,,[RX] POLL:2 | RSSI: -80 dBm | SNR: 8.75 dB | RX#: 131
09:01:04.384,S2,TX_DATA,,,,131,,,[TX] S2:DATA:131
09:01:04.424,S1,IGNORE_REPLY,,,,,,S2:DATA:131,[IGNORE] S2:DATA:131
09:01:04.958,S2,IGNORE_POLL,,,,,,POLL:1,[IGNORE] POLL:1
09:01:04.960,S1,RX_POLL,-72,9.0,132,,655,,[RX] POLL:1 | RSSI: -72 dBm | SNR: 9.00 dB | RX#: 132
09:01:04.961,S1,TX_DATA,,,,132,,,[TX] S1:DATA:132
09:01:05.003,S2,IGNORE_REPLY,,,,,,S1:DATA:132,[IGNORE] S1:DATA:132
09:01:05.034,S1,IGNORE_POLL,,,,,,POLL:2,[IGNORE] POLL:2
09:01:05.040,S2,RX_POLL,-80,8.5,132,,659,,[RX] POLL:2 | RSSI: -80 dBm | SNR: 8.50 dB | RX#: 132
09:01:05.040,S2,TX_DATA,,,,132,,,[TX] S2:DATA:132
09:01:05.079,S1,IGNORE_REPLY,,,,,,S2:DATA:132,[IGNORE] S2:DATA:132
09:01:05.614,S2,IGNORE_POLL,,,,,,POLL:1,[IGNORE] POLL:1
09:01:05.616,S1,RX_POLL,-71,9.0,133,,655,,[RX] POLL:1 | RSSI: -71 dBm | SNR: 9.00 dB | RX#: 133
09:01:05.616,S1,TX_DATA,,,,133,,,[TX] S1:DATA:133
09:01:05.658,S2,IGNORE_REPLY,,,,,,S1:DATA:133,[IGNORE] S1:DATA:133
09:01:05.690,S1,IGNORE_POLL,,,,,,POLL:2,[IGNORE] POLL:2
09:01:05.695,S2,RX_POLL,-80,8.75,133,,656,,[RX] POLL:2 | RSSI: -80 dBm | SNR: 8.75 dB | RX#: 133
09:01:05.696,S2,TX_DATA,,,,133,,,[TX] S2:DATA:133
09:01:05.736,S1,IGNORE_REPLY,,,,,,S2:DATA:133,[IGNORE] S2:DATA:133
09:01:06.268,S2,IGNORE_POLL,,,,,,POLL:1,[IGNORE] POLL:1
09:01:06.272,S1,RX_POLL,-71,8.75,134,,656,,[RX] POLL:1 | RSSI: -71 dBm | SNR: 8.75 dB | RX#: 134
09:01:06.272,S1,TX_DATA,,,,134,,,[TX] S1:DATA:134
09:01:06.314,S2,IGNORE_REPLY,,,,,,S1:DATA:134,[IGNORE] S1:DATA:134
09:01:06.345,S1,IGNORE_POLL,,,,,,POLL:2,[IGNORE] POLL:2
09:01:06.351,S2,RX_POLL,-80,8.75,134,,656,,[RX] POLL:2 | RSSI: -80 dBm | SNR: 8.75 dB | RX#: 134
09:01:06.351,S2,TX_DATA,,,,134,,,[TX] S2:DATA:134
09:01:06.390,S1,IGNORE_REPLY,,,,,,S2:DATA:134,[IGNORE] S2:DATA:134
09:01:06.924,S2,IGNORE_POLL,,,,,,POLL:1,[IGNORE] POLL:1
09:01:06.927,S1,RX_POLL,-71,8.75,135,,655,,[RX] POLL:1 | RSSI: -71 dBm | SNR: 8.75 dB | RX#: 135
09:01:06.930,S1,TX_DATA,,,,135,,,[TX] S1:DATA:135
09:01:06.969,S2,IGNORE_REPLY,,,,,,S1:DATA:135,[IGNORE] S1:DATA:135
09:01:07.001,S1,IGNORE_POLL,,,,,,POLL:2,[IGNORE] POLL:2
09:01:07.006,S2,RX_POLL,-80,9.0,135,,655,,[RX] POLL:2 | RSSI: -80 dBm | SNR: 9.00 dB | RX#: 135
09:01:07.006,S2,TX_DATA,,,,135,,,[TX] S2:DATA:135
09:01:07.045,S1,IGNORE_REPLY,,,,,,S2:DATA:135,[IGNORE] S2:DATA:135
09:01:07.579,S2,IGNORE_POLL,,,,,,POLL:1,[IGNORE] POLL:1
09:01:07.582,S1,RX_POLL,-71,9.25,136,,655,,[RX] POLL:1 | RSSI: -71 dBm | SNR: 9.25 dB | RX#: 136
09:01:07.586,S1,TX_DATA,,,,136,,,[TX] S1:DATA:136
09:01:07.625,S2,IGNORE_REPLY,,,,,,S1:DATA:136,[IGNORE] S1:DATA:136
09:01:07.656,S1,IGNORE_POLL,,,,,,POLL:2,[IGNORE] POLL:2
09:01:07.662,S2,RX_POLL,-80,9.0,136,,656,,[RX] POLL:2 | RSSI: -80 dBm | SNR: 9.00 dB | RX#: 136
09:01:07.662,S2,TX_DATA,,,,136,,,[TX] S2:DATA:136
09:01:07.704,S1,IGNORE_REPLY,,,,,,S2:DATA:136,[IGNORE] S2:DATA:136
09:01:08.234,S2,IGNORE_POLL,,,,,,POLL:1,[IGNORE] POLL:1
09:01:08.238,S1,RX_POLL,-71,8.75,137,,656,,[RX] POLL:1 | RSSI: -71 dBm | SNR: 8.75 dB | RX#: 137
09:01:08.242,S1,TX_DATA,,,,137,,,[TX] S1:DATA:137
09:01:08.280,S2,IGNORE_REPLY,,,,,,S1:DATA:137,[IGNORE] S1:DATA:137
09:01:08.315,S1,IGNORE_POLL,,,,,,POLL:2,[IGNORE] POLL:2
09:01:08.317,S2,RX_POLL,-80,8.75,137,,655,,[RX] POLL:2 | RSSI: -80 dBm | SNR: 8.75 dB | RX#: 137
09:01:08.317,S2,TX_DATA,,,,137,,,[TX] S2:DATA:137
09:01:08.360,S1,IGNORE_REPLY,,,,,,S2:DATA:137,[IGNORE] S2:DATA:137
09:01:08.890,S2,IGNORE_POLL,,,,,,POLL:1,[IGNORE] POLL:1
09:01:08.893,S1,RX_POLL,-71,9.0,138,,655,,[RX] POLL:1 | RSSI: -71 dBm | SNR: 9.00 dB | RX#: 138
09:01:08.896,S1,TX_DATA,,,,138,,,[TX] S1:DATA:138
09:01:08.935,S2,IGNORE_REPLY,,,,,,S1:DATA:138,[IGNORE] S1:DATA:138
09:01:08.970,S1,IGNORE_POLL,,,,,,POLL:2,[IGNORE] POLL:2
09:01:08.972,S2,RX_POLL,-80,8.75,138,,655,,[RX] POLL:2 | RSSI: -80 dBm | SNR: 8.75 dB | RX#: 138
09:01:08.972,S2,TX_DATA,,,,138,,,[TX] S2:DATA:138
09:01:09.015,S1,IGNORE_REPLY,,,,,,S2:DATA:138,[IGNORE] S2:DATA:138
09:01:09.545,S2,IGNORE_POLL,,,,,,POLL:1,[IGNORE] POLL:1
09:01:09.548,S1,RX_POLL,-72,9.0,139,,655,,[RX] POLL:1 | RSSI: -72 dBm | SNR: 9.00 dB | RX#: 139
09:01:09.552,S1,TX_DATA,,,,139,,,[TX] S1:DATA:139
09:01:09.591,S2,IGNORE_REPLY,,,,,,S1:DATA:139,[IGNORE] S1:DATA:139
09:01:09.625,S1,IGNORE_POLL,,,,,,POLL:2,[IGNORE] POLL:2
09:01:09.627,S2,RX_POLL,-80,8.75,139,,655,,[RX] POLL:2 | RSSI: -80 dBm | SNR: 8.75 dB | RX#: 139
09:01:09.628,S2,TX_DATA,,,,139,,,[TX] S2:DATA:139
09:01:09.670,S1,IGNORE_REPLY,,,,,,S2:DATA:139,[IGNORE] S2:DATA:139
09:01:10.201,S2,IGNORE_POLL,,,,,,POLL:1,[IGNORE] POLL:1
09:01:10.207,S1,RX_POLL,-71,8.75,140,,659,,[RX] POLL:1 | RSSI: -71 dBm | SNR: 8.75 dB | RX#: 140
09:01:10.207,S1,TX_DATA,,,,140,,,[TX] S1:DATA:140
09:01:10.246,S2,IGNORE_REPLY,,,,,,S1:DATA:140,[IGNORE] S1:DATA:140
09:01:10.281,S1,IGNORE_POLL,,,,,,POLL:2,[IGNORE] POLL:2
09:01:10.283,S2,RX_POLL,-80,9.0,140,,655,,[RX] POLL:2 | RSSI: -80 dBm | SNR: 9.00 dB | RX#: 140
09:01:10.286,S2,TX_DATA,,,,140,,,[TX] S2:DATA:140
09:01:10.326,S1,IGNORE_REPLY,,,,,,S2:DATA:140,[IGNORE] S2:DATA:140
09:01:10.856,S2,IGNORE_POLL,,,,,,POLL:1,[IGNORE] POLL:1
09:01:10.863,S1,RX_POLL,-71,9.25,141,,656,,[RX] POLL:1 | RSSI: -71 dBm | SNR: 9.25 dB | RX#: 141
09:01:10.863,S1,TX_DATA,,,,141,,,[TX] S1:DATA:141
09:01:10.905,S2,IGNORE_REPLY,,,,,,S1:DATA:141,[IGNORE] S1:DATA:141
09:01:10.937,S1,IGNORE_POLL,,,,,,POLL:2,[IGNORE] POLL:2
09:01:10.938,S2,RX_POLL,-81,9.0,141,,655,,[RX] POLL:2 | RSSI: -81 dBm | SNR: 9.00 dB | RX#: 141
09:01:10.942,S2,TX_DATA,,,,141,,,[TX] S2:DATA:141
09:01:10.982,S1,IGNORE_REPLY,,,,,,S2:DATA:141,[IGNORE] S2:DATA:141
09:01:11.515,S2,IGNORE_POLL,,,,,,POLL:1,[IGNORE] POLL:1
09:01:11.518,S1,RX_POLL,-71,8.75,142,,655,,[RX] POLL:1 | RSSI: -71 dBm | SNR: 8.75 dB | RX#: 142
09:01:11.519,S1,TX_DATA,,,,142,,,[TX] S1:DATA:142
09:01:11.561,S2,IGNORE_REPLY,,,,,,S1:DATA:142,[IGNORE] S1:DATA:142
09:01:11.592,S1,IGNORE_POLL,,,,,,POLL:2,[IGNORE] POLL:2
09:01:11.594,S2,RX_POLL,-81,9.0,142,,656,,[RX] POLL:2 | RSSI: -81 dBm | SNR: 9.00 dB | RX#: 142
09:01:11.597,S2,TX_DATA,,,,142,,,[TX] S2:DATA:142
09:01:11.637,S1,IGNORE_REPLY,,,,,,S2:DATA:142,[IGNORE] S2:DATA:142
09:01:12.171,S2,IGNORE_POLL,,,,,,POLL:1,[IGNORE] POLL:1
09:01:12.173,S1,RX_POLL,-71,8.75,143,,655,,[RX] POLL:1 | RSSI: -71 dBm | SNR: 8.75 dB | RX#: 143
09:01:12.173,S1,TX_DATA,,,,143,,,[TX] S1:DATA:143
09:01:12.216,S2,IGNORE_REPLY,,,,,,S1:DATA:143,[IGNORE] S1:DATA:143
09:01:12.247,S1,IGNORE_POLL,,,,,,POLL:2,[IGNORE] POLL:2
09:01:12.249,S2,RX_POLL,-81,8.75,143,,655,,[RX] POLL:2 | RSSI: -81 dBm | SNR: 8.75 dB | RX#: 143
09:01:12.252,S2,TX_DATA,,,,143,,,[TX] S2:DATA:143
09:01:12.292,S1,IGNORE_REPLY,,,,,,S2:DATA:143,[IGNORE] S2:DATA:143
09:01:12.826,S2,IGNORE_POLL,,,,,,POLL:1,[IGNORE] POLL:1
09:01:12.828,S1,RX_POLL,-72,8.75,144,,656,,[RX] POLL:1 | RSSI: -72 dBm | SNR: 8.75 dB | RX#: 144
09:01:12.829,S1,TX_DATA,,,,144,,,[TX] S1:DATA:144
09:01:12.871,S2,IGNORE_REPLY,,,,,,S1:DATA:144,[IGNORE] S1:DATA:144
09:01:12.902,S1,IGNORE_POLL,,,,,,POLL:2,[IGNORE] POLL:2
09:01:12.904,S2,RX_POLL,-80,8.5,144,,655,,[RX] POLL:2 | RSSI: -80 dBm | SNR: 8.50 dB | RX#: 144
09:01:12.908,S2,TX_DATA,,,,144,,,[TX] S2:DATA:144
09:01:12.947,S1,IGNORE_REPLY,,,,,,S2:DATA:144,[IGNORE] S2:DATA:144
09:01:13.481,S2,IGNORE_POLL,,,,,,POLL:1,[IGNORE] POLL:1
09:01:13.484,S1,RX_POLL,-71,9.0,145,,655,,[RX] POLL:1 | RSSI: -71 dBm | SNR: 9.00 dB | RX#: 145
09:01:13.484,S1,TX_DATA,,,,145,,,[TX] S1:DATA:145
09:01:13.526,S2,IGNORE_REPLY,,,,,,S1:DATA:145,[IGNORE] S1:DATA:145
09:01:13.558,S1,IGNORE_POLL,,,,,,POLL:2,[IGNORE] POLL:2
09:01:13.563,S2,RX_POLL,-80,9.25,145,,659,,[RX] POLL:2 | RSSI: -80 dBm | SNR: 9.25 dB | RX#: 145
09:01:13.563,S2,TX_DATA,,,,145,,,[TX] S2:DATA:145
09:01:13.603,S1,IGNORE_REPLY,,,,,,S2:DATA:145,[IGNORE] S2:DATA:145
09:01:14.137,S2,IGNORE_POLL,,,,,,POLL:1,[IGNORE] POLL:1
09:01:14.139,S1,RX_POLL,-71,9.0,146,,656,,[RX] POLL:1 | RSSI: -71 dBm | SNR: 9.00 dB | RX#: 146
09:01:14.139,S1,TX_DATA,,,,146,,,[TX] S1:DATA:146
09:01:14.182,S2,IGNORE_REPLY,,,,,,S1:DATA:146,[IGNORE] S1:DATA:146
09:01:14.213,S1,IGNORE_POLL,,,,,,POLL:2,[IGNORE] POLL:2
09:01:14.219,S2,RX_POLL,-80,9.25,146,,656,,[RX] POLL:2 | RSSI: -80 dBm | SNR: 9.25 dB | RX#: 146
09:01:14.220,S2,TX_DATA,,,,146,,,[TX] S2:DATA:146
09:01:14.258,S1,IGNORE_REPLY,,,,,,S2:DATA:146,[IGNORE] S2:DATA:146
09:01:14.792,S2,IGNORE_POLL,,,,,,POLL:1,[IGNORE] POLL:1
09:01:14.794,S1,RX_POLL,-71,9.5,147,,655,,[RX] POLL:1 | RSSI: -71 dBm | SNR: 9.50 dB | RX#: 147
09:01:14.798,S1,TX_DATA,,,,147,,,[TX] S1:DATA:147
09:01:14.837,S2,IGNORE_REPLY,,,,,,S1:DATA:147,[IGNORE] S1:DATA:147
09:01:14.868,S1,IGNORE_POLL,,,,,,POLL:2,[IGNORE] POLL:2
09:01:14.874,S2,RX_POLL,-80,8.75,147,,655,,[RX] POLL:2 | RSSI: -80 dBm | SNR: 8.75 dB | RX#: 147
09:01:14.875,S2,TX_DATA,,,,147,,,[TX] S2:DATA:147
09:01:14.913,S1,IGNORE_REPLY,,,,,,S2:DATA:147,[IGNORE] S2:DATA:147
09:01:15.447,S2,IGNORE_POLL,,,,,,POLL:1,[IGNORE] POLL:1
09:01:15.450,S1,RX_POLL,-71,8.75,148,,656,,[RX] POLL:1 | RSSI: -71 dBm | SNR: 8.75 dB | RX#: 148
09:01:15.453,S1,TX_DATA,,,,148,,,[TX] S1:DATA:148
09:01:15.492,S2,IGNORE_REPLY,,,,,,S1:DATA:148,[IGNORE] S1:DATA:148
09:01:15.524,S1,IGNORE_POLL,,,,,,POLL:2,[IGNORE] POLL:2
09:01:15.530,S2,RX_POLL,-80,9.0,148,,655,,[RX] POLL:2 | RSSI: -80 dBm | SNR: 9.00 dB | RX#: 148
09:01:15.530,S2,TX_DATA,,,,148,,,[TX] S2:DATA:148
09:01:15.568,S1,IGNORE_REPLY,,,,,,S2:DATA:148,[IGNORE] S2:DATA:148
09:01:16.103,S2,IGNORE_POLL,,,,,,POLL:1,[IGNORE] POLL:1
09:01:16.105,S1,RX_POLL,-72,8.75,149,,655,,[RX] POLL:1 | RSSI: -72 dBm | SNR: 8.75 dB | RX#: 149
09:01:16.109,S1,TX_DATA,,,,149,,,[TX] S1:DATA:149
09:01:16.148,S2,IGNORE_REPLY,,,,,,S1:DATA:149,[IGNORE] S1:DATA:149
09:01:16.179,S1,IGNORE_POLL,,,,,,POLL:2,[IGNORE] POLL:2
09:01:16.184,S2,RX_POLL,-80,8.5,149,,655,,[RX] POLL:2 | RSSI: -80 dBm | SNR: 8.50 dB | RX#: 149
09:01:16.185,S2,TX_DATA,,,,149,,,[TX] S2:DATA:149
09:01:16.228,S1,IGNORE_REPLY,,,,,,S2:DATA:149,[IGNORE] S2:DATA:149
09:01:16.759,S2,IGNORE_POLL,,,,,,POLL:1,[IGNORE] POLL:1
09:01:16.761,S1,RX_POLL,-71,9.0,150,,655,,[RX] POLL:1 | RSSI: -71 dBm | SNR: 9.00 dB | RX#: 150
09:01:16.764,S1,TX_DATA,,,,150,,,[TX] S1:DATA:150
09:01:16.803,S2,IGNORE_REPLY,,,,,,S1:DATA:150,[IGNORE] S1:DATA:150
09:01:16.838,S1,IGNORE_POLL,,,,,,POLL:2,[IGNORE] POLL:2
09:01:16.840,S2,RX_POLL,-80,8.75,150,,655,,[RX] POLL:2 | RSSI: -80 dBm | SNR: 8.75 dB | RX#: 150
09:01:16.840,S2,TX_DATA,,,,150,,,[TX] S2:DATA:150
09:01:16.883,S1,IGNORE_REPLY,,,,,,S2:DATA:150,[IGNORE] S2:DATA:150
09:01:17.413,S2,IGNORE_POLL,,,,,,POLL:1,[IGNORE] POLL:1
09:01:17.416,S1,RX_POLL,-71,8.75,151,,655,,[RX] POLL:1 | RSSI: -71 dBm | SNR: 8.75 dB | RX#: 151
09:01:17.420,S1,TX_DATA,,,,151,,,[TX] S1:DATA:151
09:01:17.458,S2,IGNORE_REPLY,,,,,,S1:DATA:151,[IGNORE] S1:DATA:151
09:01:17.493,S1,IGNORE_POLL,,,,,,POLL:2,[IGNORE] POLL:2
09:01:17.495,S2,RX_POLL,-80,8.75,151,,655,,[RX] POLL:2 | RSSI: -80 dBm | SNR: 8.75 dB | RX#: 151
09:01:17.495,S2,TX_DATA,,,,151,,,[TX] S2:DATA:151
09:01:17.538,S1,IGNORE_REPLY,,,,,,S2:DATA:151,[IGNORE] S2:DATA:151
09:01:18.068,S2,IGNORE_POLL,,,,,,POLL:1,[IGNORE] POLL:1
09:01:18.075,S1,RX_POLL,-71,8.75,152,,659,,[RX] POLL:1 | RSSI: -71 dBm | SNR: 8.75 dB | RX#: 152
09:01:18.075,S1,TX_DATA,,,,152,,,[TX] S1:DATA:152
09:01:18.113,S2,IGNORE_REPLY,,,,,,S1:DATA:152,[IGNORE] S1:DATA:152
09:01:18.149,S1,IGNORE_POLL,,,,,,POLL:2,[IGNORE] POLL:2
09:01:18.151,S2,RX_POLL,-80,9.0,152,,655,,[RX] POLL:2 | RSSI: -80 dBm | SNR: 9.00 dB | RX#: 152
09:01:18.155,S2,TX_DATA,,,,152,,,[TX] S2:DATA:152
09:01:18.194,S1,IGNORE_REPLY,,,,,,S2:DATA:152,[IGNORE] S2:DATA:152
09:01:18.724,S2,IGNORE_POLL,,,,,,POLL:1,[IGNORE] POLL:1
09:01:18.730,S1,RX_POLL,-71,9.0,153,,655,,[RX] POLL:1 | RSSI: -71 dBm | SNR: 9.00 dB | RX#: 153
09:01:18.730,S1,TX_DATA,,,,153,,,[TX] S1:DATA:153
09:01:18.773,S2,IGNORE_REPLY,,,,,,S1:DATA:153,[IGNORE] S1:DATA:153
09:01:18.804,S1,IGNORE_POLL,,,,,,POLL:2,[IGNORE] POLL:2
09:01:18.806,S2,RX_POLL,-80,8.5,153,,655,,[RX] POLL:2 | RSSI: -80 dBm | SNR: 8.50 dB | RX#: 153
09:01:18.809,S2,TX_DATA,,,,153,,,[TX] S2:DATA:153
09:01:18.849,S1,IGNORE_REPLY,,,,,,S2:DATA:153,[IGNORE] S2:DATA:153
09:01:19.383,S2,IGNORE_POLL,,,,,,POLL:1,[IGNORE] POLL:1
09:01:19.386,S1,RX_POLL,-71,9.0,154,,655,,[RX] POLL:1 | RSSI: -71 dBm | SNR: 9.00 dB | RX#: 154
09:01:19.386,S1,TX_DATA,,,,154,,,[TX] S1:DATA:154
09:01:19.428,S2,IGNORE_REPLY,,,,,,S1:DATA:154,[IGNORE] S1:DATA:154
09:01:19.459,S1,IGNORE_POLL,,,,,,POLL:2,[IGNORE] POLL:2
09:01:19.461,S2,RX_POLL,-80,8.75,154,,655,,[RX] POLL:2 | RSSI: -80 dBm | SNR: 8.75 dB | RX#: 154
09:01:19.465,S2,TX_DATA,,,,154,,,[TX] S2:DATA:154
09:01:19.505,S1,IGNORE_REPLY,,,,,,S2:DATA:154,[IGNORE] S2:DATA:154
09:01:20.038,S2,IGNORE_POLL,,,,,,POLL:1,[IGNORE] POLL:1
09:01:20.041,S1,RX_POLL,-71,9.0,155,,656,,[RX] POLL:1 | RSSI: -71 dBm | SNR: 9.00 dB | RX#: 155
09:01:20.042,S1,TX_DATA,,,,155,,,[TX] S1:DATA:155
09:01:20.083,S2,IGNORE_REPLY,,,,,,S1:DATA:155,[IGNORE] S1:DATA:155
09:01:20.115,S1,IGNORE_POLL,,,,,,POLL:2,[IGNORE] POLL:2
09:01:20.117,S2,RX_POLL,-80,8.75,155,,656,,[RX] POLL:2 | RSSI: -80 dBm | SNR: 8.75 dB | RX#: 155
09:01:20.120,S2,TX_DATA,,,,155,,,[TX] S2:DATA:155
09:01:20.160,S1,IGNORE_REPLY,,,,,,S2:DATA:155,[IGNORE] S2:DATA:155
09:01:20.694,S2,IGNORE_POLL,,,,,,POLL:1,[IGNORE] POLL:1
09:01:20.696,S1,RX_POLL,-71,9.0,156,,655,,[RX] POLL:1 | RSSI: -71 dBm | SNR: 9.00 dB | RX#: 156
09:01:20.697,S1,TX_DATA,,,,156,,,[TX] S1:DATA:156
09:01:20.739,S2,IGNORE_REPLY,,,,,,S1:DATA:156,[IGNORE] S1:DATA:156
09:01:20.770,S1,IGNORE_POLL,,,,,,POLL:2,[IGNORE] POLL:2
09:01:20.772,S2,RX_POLL,-80,8.75,156,,655,,[RX] POLL:2 | RSSI: -80 dBm | SNR: 8.75 dB | RX#: 156
09:01:20.776,S2,TX_DATA,,,,156,,,[TX] S2:DATA:156
09:01:20.816,S1,IGNORE_REPLY,,,,,,S2:DATA:156,[IGNORE] S2:DATA:156
09:01:21.349,S2,IGNORE_POLL,,,,,,POLL:1,[IGNORE] POLL:1
09:01:21.352,S1,RX_POLL,-71,8.75,157,,656,,[RX] POLL:1 | RSSI: -71 dBm | SNR: 8.75 dB | RX#: 157
09:01:21.353,S1,TX_DATA,,,,157,,,[TX] S1:DATA:157
09:01:21.394,S2,IGNORE_REPLY,,,,,,S1:DATA:157,[IGNORE] S1:DATA:157
09:01:21.425,S1,IGNORE_POLL,,,,,,POLL:2,[IGNORE] POLL:2
09:01:21.431,S2,RX_POLL,-80,8.75,157,,659,,[RX] POLL:2 | RSSI: -80 dBm | SNR: 8.75 dB | RX#: 157
09:01:21.431,S2,TX_DATA,,,,157,,,[TX] S2:DATA:157
09:01:21.470,S1,IGNORE_REPLY,,,,,,S2:DATA:157,[IGNORE] S2:DATA:157
09:01:22.004,S2,IGNORE_POLL,,,,,,POLL:1,[IGNORE] POLL:1
09:01:22.007,S1,RX_POLL,-71,8.75,158,,655,,[RX] POLL:1 | RSSI: -71 dBm | SNR: 8.75 dB | RX#: 158
09:01:22.007,S1,TX_DATA,,,,158,,,[TX] S1:DATA:158
09:01:22.050,S2,IGNORE_REPLY,,,,,,S1:DATA:158,[IGNORE] S1:DATA:158
09:01:22.081,S1,IGNORE_POLL,,,,,,POLL:2,[IGNORE] POLL:2
09:01:22.086,S2,RX_POLL,-81,8.75,158,,655,,[RX] POLL:2 | RSSI: -81 dBm | SNR: 8.75 dB | RX#: 158
09:01:22.086,S2,TX_DATA,,,,158,,,[TX] S2:DATA:158
09:01:22.126,S1,IGNORE_REPLY,,,,,,S2:DATA:158,[IGNORE] S2:DATA:158
09:01:22.660,S2,IGNORE_POLL,,,,,,POLL:1,[IGNORE] POLL:1
09:01:22.662,S1,RX_POLL,-71,8.75,159,,655,,[RX] POLL:1 | RSSI: -71 dBm | SNR: 8.75 dB | RX#: 159
09:01:22.666,S1,TX_DATA,,,,159,,,[TX] S1:DATA:159
09:01:22.705,S2,IGNORE_REPLY,,,,,,S1:DATA:159,[IGNORE] S1:DATA:159
09:01:22.736,S1,IGNORE_POLL,,,,,,POLL:2,[IGNORE] POLL:2
09:01:22.742,S2,RX_POLL,-81,8.75,159,,656,,[RX] POLL:2 | RSSI: -81 dBm | SNR: 8.75 dB | RX#: 159
09:01:22.742,S2,TX_DATA,,,,159,,,[TX] S2:DATA:159
09:01:22.781,S1,IGNORE_REPLY,,,,,,S2:DATA:159,[IGNORE] S2:DATA:159
09:01:23.315,S2,IGNORE_POLL,,,,,,POLL:1,[IGNORE] POLL:1
09:01:23.318,S1,RX_POLL,-72,8.75,160,,655,,[RX] POLL:1 | RSSI: -72 dBm | SNR: 8.75 dB | RX#: 160
09:01:23.321,S1,TX_DATA,,,,160,,,[TX] S1:DATA:160
09:01:23.360,S2,IGNORE_REPLY,,,,,,S1:DATA:160,[IGNORE] S1:DATA:160
09:01:23.391,S1,IGNORE_POLL,,,,,,POLL:2,[IGNORE] POLL:2
09:01:23.397,S2,RX_POLL,-79,8.75,160,,656,,[RX] POLL:2 | RSSI: -79 dBm | SNR: 8.75 dB | RX#: 160
09:01:23.398,S2,TX_DATA,,,,160,,,[TX] S2:DATA:160
09:01:23.436,S1,IGNORE_REPLY,,,,,,S2:DATA:160,[IGNORE] S2:DATA:160
09:01:23.970,S2,IGNORE_POLL,,,,,,POLL:1,[IGNORE] POLL:1
09:01:23.973,S1,RX_POLL,-71,9.0,161,,656,,[RX] POLL:1 | RSSI: -71 dBm | SNR: 9.00 dB | RX#: 161
09:01:23.977,S1,TX_DATA,,,,161,,,[TX] S1:DATA:161
09:01:24.016,S2,IGNORE_REPLY,,,,,,S1:DATA:161,[IGNORE] S1:DATA:161
09:01:24.051,S1,IGNORE_POLL,,,,,,POLL:2,[IGNORE] POLL:2
09:01:24.053,S2,RX_POLL,-76,9.0,161,,655,,[RX] POLL:2 | RSSI: -76 dBm | SNR: 9.00 dB | RX#: 161
09:01:24.053,S2,TX_DATA,,,,161,,,[TX] S2:DATA:161
09:01:24.096,S1,IGNORE_REPLY,,,,,,S2:DATA:161,[IGNORE] S2:DATA:161
09:01:24.626,S2,IGNORE_POLL,,,,,,POLL:1,[IGNORE] POLL:1
09:01:24.629,S1,RX_POLL,-71,8.75,162,,656,,[RX] POLL:1 | RSSI: -71 dBm | SNR: 8.75 dB | RX#: 162
09:01:24.632,S1,TX_DATA,,,,162,,,[TX] S1:DATA:162
09:01:24.671,S2,IGNORE_REPLY,,,,,,S1:DATA:162,[IGNORE] S1:DATA:162
09:01:24.706,S1,IGNORE_POLL,,,,,,POLL:2,[IGNORE] POLL:2
09:01:24.708,S2,RX_POLL,-81,8.75,162,,655,,[RX] POLL:2 | RSSI: -81 dBm | SNR: 8.75 dB | RX#: 162
09:01:24.708,S2,TX_DATA,,,,162,,,[TX] S2:DATA:162
09:01:24.751,S1,IGNORE_REPLY,,,,,,S2:DATA:162,[IGNORE] S2:DATA:162
09:01:25.281,S2,IGNORE_POLL,,,,,,POLL:1,[IGNORE] POLL:1
09:01:25.284,S1,RX_POLL,-72,8.75,163,,655,,[RX] POLL:1 | RSSI: -72 dBm | SNR: 8.75 dB | RX#: 163
09:01:25.288,S1,TX_DATA,,,,163,,,[TX] S1:DATA:163
09:01:25.326,S2,IGNORE_REPLY,,,,,,S1:DATA:163,[IGNORE] S1:DATA:163
09:01:25.361,S1,IGNORE_POLL,,,,,,POLL:2,[IGNORE] POLL:2
09:01:25.363,S2,RX_POLL,-84,9.0,163,,655,,[RX] POLL:2 | RSSI: -84 dBm | SNR: 9.00 dB | RX#: 163
09:01:25.363,S2,TX_DATA,,,,163,,,[TX] S2:DATA:163
09:01:25.406,S1,IGNORE_REPLY,,,,,,S2:DATA:163,[IGNORE] S2:DATA:163
09:01:25.936,S2,IGNORE_POLL,,,,,,POLL:1,[IGNORE] POLL:1
09:01:25.943,S1,RX_POLL,-68,8.5,164,,659,,[RX] POLL:1 | RSSI: -68 dBm | SNR: 8.50 dB | RX#: 164
09:01:25.943,S1,TX_DATA,,,,164,,,[TX] S1:DATA:164
09:01:25.982,S2,IGNORE_REPLY,,,,,,S1:DATA:164,[IGNORE] S1:DATA:164
09:01:26.017,S1,IGNORE_POLL,,,,,,POLL:2,[IGNORE] POLL:2
09:01:26.018,S2,RX_POLL,-82,9.0,164,,655,,[RX] POLL:2 | RSSI: -82 dBm | SNR: 9.00 dB | RX#: 164
09:01:26.019,S2,TX_DATA,,,,164,,,[TX] S2:DATA:164
09:01:26.061,S1,IGNORE_REPLY,,,,,,S2:DATA:164,[IGNORE] S2:DATA:164
09:01:26.592,S2,IGNORE_POLL,,,,,,POLL:1,[IGNORE] POLL:1
09:01:26.598,S1,RX_POLL,-71,8.25,165,,656,,[RX] POLL:1 | RSSI: -71 dBm | SNR: 8.25 dB | RX#: 165
09:01:26.599,S1,TX_DATA,,,,165,,,[TX] S1:DATA:165
09:01:26.637,S2,IGNORE_REPLY,,,,,,S1:DATA:165,[IGNORE] S1:DATA:165
09:01:26.672,S1,IGNORE_POLL,,,,,,POLL:2,[IGNORE] POLL:2
09:01:26.674,S2,RX_POLL,-82,9.25,165,,656,,[RX] POLL:2 | RSSI: -82 dBm | SNR: 9.25 dB | RX#: 165
09:01:26.678,S2,TX_DATA,,,,165,,,[TX] S2:DATA:165
09:01:26.717,S1,IGNORE_REPLY,,,,,,S2:DATA:165,[IGNORE] S2:DATA:165
09:01:27.247,S2,IGNORE_POLL,,,,,,POLL:1,[IGNORE] POLL:1
09:01:27.253,S1,RX_POLL,-71,9.0,166,,655,,[RX] POLL:1 | RSSI: -71 dBm | SNR: 9.00 dB | RX#: 166
09:01:27.254,S1,TX_DATA,,,,166,,,[TX] S1:DATA:166
09:01:27.296,S2,IGNORE_REPLY,,,,,,S1:DATA:166,[IGNORE] S1:DATA:166
09:01:27.327,S1,IGNORE_POLL,,,,,,POLL:2,[IGNORE] POLL:2
09:01:27.329,S2,RX_POLL,-84,8.75,166,,655,,[RX] POLL:2 | RSSI: -84 dBm | SNR: 8.75 dB | RX#: 166
09:01:27.333,S2,TX_DATA,,,,166,,,[TX] S2:DATA:166
09:01:27.372,S1,IGNORE_REPLY,,,,,,S2:DATA:166,[IGNORE] S2:DATA:166
09:01:27.906,S2,IGNORE_POLL,,,,,,POLL:1,[IGNORE] POLL:1
09:01:27.909,S1,RX_POLL,-71,9.25,167,,655,,[RX] POLL:1 | RSSI: -71 dBm | SNR: 9.25 dB | RX#: 167
09:01:27.909,S1,TX_DATA,,,,167,,,[TX] S1:DATA:167
09:01:27.951,S2,IGNORE_REPLY,,,,,,S1:DATA:167,[IGNORE] S1:DATA:167
09:01:27.982,S1,IGNORE_POLL,,,,,,POLL:2,[IGNORE] POLL:2
09:01:27.984,S2,RX_POLL,-81,8.75,167,,655,,[RX] POLL:2 | RSSI: -81 dBm | SNR: 8.75 dB | RX#: 167
09:01:27.988,S2,TX_DATA,,,,167,,,[TX] S2:DATA:167
09:01:28.028,S1,IGNORE_REPLY,,,,,,S2:DATA:167,[IGNORE] S2:DATA:167
09:01:28.562,S2,IGNORE_POLL,,,,,,POLL:1,[IGNORE] POLL:1
09:01:28.564,S1,RX_POLL,-71,8.75,168,,655,,[RX] POLL:1 | RSSI: -71 dBm | SNR: 8.75 dB | RX#: 168
09:01:28.564,S1,TX_DATA,,,,168,,,[TX] S1:DATA:168
09:01:28.607,S2,IGNORE_REPLY,,,,,,S1:DATA:168,[IGNORE] S1:DATA:168
09:01:28.638,S1,IGNORE_POLL,,,,,,POLL:2,[IGNORE] POLL:2
09:01:28.640,S2,RX_POLL,-80,8.75,168,,655,,[RX] POLL:2 | RSSI: -80 dBm | SNR: 8.75 dB | RX#: 168
09:01:28.644,S2,TX_DATA,,,,168,,,[TX] S2:DATA:168
09:01:28.686,S1,IGNORE_REPLY,,,,,,S2:DATA:168,[IGNORE] S2:DATA:168
09:01:29.217,S2,IGNORE_POLL,,,,,,POLL:1,[IGNORE] POLL:1
09:01:29.220,S1,RX_POLL,-71,8.75,169,,656,,[RX] POLL:1 | RSSI: -71 dBm | SNR: 8.75 dB | RX#: 169
09:01:29.220,S1,TX_DATA,,,,169,,,[TX] S1:DATA:169
09:01:29.263,S2,IGNORE_REPLY,,,,,,S1:DATA:169,[IGNORE] S1:DATA:169
09:01:29.294,S1,IGNORE_POLL,,,,,,POLL:2,[IGNORE] POLL:2
09:01:29.295,S2,RX_POLL,-80,9.0,169,,655,,[RX] POLL:2 | RSSI: -80 dBm | SNR: 9.00 dB | RX#: 169
09:01:29.299,S2,TX_DATA,,,,169,,,[TX] S2:DATA:169
09:01:29.338,S1,IGNORE_REPLY,,,,,,S2:DATA:169,[IGNORE] S2:DATA:169
09:01:29.872,S2,IGNORE_POLL,,,,,,POLL:1,[IGNORE] POLL:1
09:01:29.875,S1,RX_POLL,-71,9.0,170,,655,,[RX] POLL:1 | RSSI: -71 dBm | SNR: 9.00 dB | RX#: 170
09:01:29.875,S1,TX_DATA,,,,170,,,[TX] S1:DATA:170
09:01:29.917,S2,IGNORE_REPLY,,,,,,S1:DATA:170,[IGNORE] S1:DATA:170
09:01:29.948,S1,IGNORE_POLL,,,,,,POLL:2,[IGNORE] POLL:2
09:01:29.954,S2,RX_POLL,-80,8.75,170,,659,,[RX] POLL:2 | RSSI: -80 dBm | SNR: 8.75 dB | RX#: 170
09:01:29.955,S2,TX_DATA,,,,170,,,[TX] S2:DATA:170
09:01:29.994,S1,IGNORE_REPLY,,,,,,S2:DATA:170,[IGNORE] S2:DATA:170
09:01:30.528,S2,IGNORE_POLL,,,,,,POLL:1,[IGNORE] POLL:1
09:01:30.531,S1,RX_POLL,-71,9.0,171,,656,,[RX] POLL:1 | RSSI: -71 dBm | SNR: 9.00 dB | RX#: 171
09:01:30.531,S1,TX_DATA,,,,171,,,[TX] S1:DATA:171
09:01:30.573,S2,IGNORE_REPLY,,,,,,S1:DATA:171,[IGNORE] S1:DATA:171
09:01:30.604,S1,IGNORE_POLL,,,,,,POLL:2,[IGNORE] POLL:2
09:01:30.610,S2,RX_POLL,-80,8.25,171,,656,,[RX] POLL:2 | RSSI: -80 dBm | SNR: 8.25 dB | RX#: 171
09:01:30.611,S2,TX_DATA,,,,171,,,[TX] S2:DATA:171
09:01:30.650,S1,IGNORE_REPLY,,,,,,S2:DATA:171,[IGNORE] S2:DATA:171
09:01:31.183,S2,IGNORE_POLL,,,,,,POLL:1,[IGNORE] POLL:1
09:01:31.186,S1,RX_POLL,-71,9.0,172,,655,,[RX] POLL:1 | RSSI: -71 dBm | SNR: 9.00 dB | RX#: 172
09:01:31.190,S1,TX_DATA,,,,172,,,[TX] S1:DATA:172
09:01:31.228,S2,IGNORE_REPLY,,,,,,S1:DATA:172,[IGNORE] S1:DATA:172
09:01:31.259,S1,IGNORE_POLL,,,,,,POLL:2,[IGNORE] POLL:2
09:01:31.266,S2,RX_POLL,-79,8.5,172,,656,,[RX] POLL:2 | RSSI: -79 dBm | SNR: 8.50 dB | RX#: 172
09:01:31.266,S2,TX_DATA,,,,172,,,[TX] S2:DATA:172
09:01:31.304,S1,IGNORE_REPLY,,,,,,S2:DATA:172,[IGNORE] S2:DATA:172
09:01:31.839,S2,IGNORE_POLL,,,,,,POLL:1,[IGNORE] POLL:1
09:01:31.842,S1,RX_POLL,-71,8.75,173,,656,,[RX] POLL:1 | RSSI: -71 dBm | SNR: 8.75 dB | RX#: 173
09:01:31.845,S1,TX_DATA,,,,173,,,[TX] S1:DATA:173
09:01:31.884,S2,IGNORE_REPLY,,,,,,S1:DATA:173,[IGNORE] S1:DATA:173
09:01:31.915,S1,IGNORE_POLL,,,,,,POLL:2,[IGNORE] POLL:2
09:01:31.920,S2,RX_POLL,-84,9.0,173,,654,,[RX] POLL:2 | RSSI: -84 dBm | SNR: 9.00 dB | RX#: 173
09:01:31.921,S2,TX_DATA,,,,173,,,[TX] S2:DATA:173
09:01:31.960,S1,IGNORE_REPLY,,,,,,S2:DATA:173,[IGNORE] S2:DATA:173
09:01:32.494,S2,IGNORE_POLL,,,,,,POLL:1,[IGNORE] POLL:1
09:01:32.496,S1,RX_POLL,-71,8.75,174,,655,,[RX] POLL:1 | RSSI: -71 dBm | SNR: 8.75 dB | RX#: 174
09:01:32.500,S1,TX_DATA,,,,174,,,[TX] S1:DATA:174
09:01:32.539,S2,IGNORE_REPLY,,,,,,S1:DATA:174,[IGNORE] S1:DATA:174
09:01:32.570,S1,IGNORE_POLL,,,,,,POLL:2,[IGNORE] POLL:2
09:01:32.576,S2,RX_POLL,-84,8.75,174,,655,,[RX] POLL:2 | RSSI: -84 dBm | SNR: 8.75 dB | RX#: 174
09:01:32.576,S2,TX_DATA,,,,174,,,[TX] S2:DATA:174
09:01:32.619,S1,IGNORE_REPLY,,,,,,S2:DATA:174,[IGNORE] S2:DATA:174
09:01:33.149,S2,IGNORE_POLL,,,,,,POLL:1,[IGNORE] POLL:1
09:01:33.152,S1,RX_POLL,-71,8.75,175,,656,,[RX] POLL:1 | RSSI: -71 dBm | SNR: 8.75 dB | RX#: 175
09:01:33.156,S1,TX_DATA,,,,175,,,[TX] S1:DATA:175
09:01:33.194,S2,IGNORE_REPLY,,,,,,S1:DATA:175,[IGNORE] S1:DATA:175
09:01:33.229,S1,IGNORE_POLL,,,,,,POLL:2,[IGNORE] POLL:2
09:01:33.232,S2,RX_POLL,-80,8.75,175,,656,,[RX] POLL:2 | RSSI: -80 dBm | SNR: 8.75 dB | RX#: 175
09:01:33.232,S2,TX_DATA,,,,175,,,[TX] S2:DATA:175
09:01:33.274,S1,IGNORE_REPLY,,,,,,S2:DATA:175,[IGNORE] S2:DATA:175
09:01:33.804,S2,IGNORE_POLL,,,,,,POLL:1,[IGNORE] POLL:1
09:01:33.807,S1,RX_POLL,-71,8.75,176,,655,,[RX] POLL:1 | RSSI: -71 dBm | SNR: 8.75 dB | RX#: 176
09:01:33.811,S1,TX_DATA,,,,176,,,[TX] S1:DATA:176
09:01:33.849,S2,IGNORE_REPLY,,,,,,S1:DATA:176,[IGNORE] S1:DATA:176
09:01:33.884,S1,IGNORE_POLL,,,,,,POLL:2,[IGNORE] POLL:2
09:01:33.886,S2,RX_POLL,-80,8.75,176,,655,,[RX] POLL:2 | RSSI: -80 dBm | SNR: 8.75 dB | RX#: 176
09:01:33.887,S2,TX_DATA,,,,176,,,[TX] S2:DATA:176
09:01:33.929,S1,IGNORE_REPLY,,,,,,S2:DATA:176,[IGNORE] S2:DATA:176
09:01:34.460,S2,IGNORE_POLL,,,,,,POLL:1,[IGNORE] POLL:1
09:01:34.466,S1,RX_POLL,-68,8.5,177,,659,,[RX] POLL:1 | RSSI: -68 dBm | SNR: 8.50 dB | RX#: 177
09:01:34.466,S1,TX_DATA,,,,177,,,[TX] S1:DATA:177
09:01:34.505,S2,IGNORE_REPLY,,,,,,S1:DATA:177,[IGNORE] S1:DATA:177
09:01:34.540,S1,IGNORE_POLL,,,,,,POLL:2,[IGNORE] POLL:2
09:01:34.542,S2,RX_POLL,-80,8.5,177,,655,,[RX] POLL:2 | RSSI: -80 dBm | SNR: 8.50 dB | RX#: 177
09:01:34.542,S2,TX_DATA,,,,177,,,[TX] S2:DATA:177
09:01:34.585,S1,IGNORE_REPLY,,,,,,S2:DATA:177,[IGNORE] S2:DATA:177
09:01:35.115,S2,IGNORE_POLL,,,,,,POLL:1,[IGNORE] POLL:1
09:01:35.121,S1,RX_POLL,-71,9.0,178,,655,,[RX] POLL:1 | RSSI: -71 dBm | SNR: 9.00 dB | RX#: 178
09:01:35.122,S1,TX_DATA,,,,178,,,[TX] S1:DATA:178
09:01:35.160,S2,IGNORE_REPLY,,,,,,S1:DATA:178,[IGNORE] S1:DATA:178
09:01:35.195,S1,IGNORE_POLL,,,,,,POLL:2,[IGNORE] POLL:2
09:01:35.197,S2,RX_POLL,-79,8.75,178,,655,,[RX] POLL:2 | RSSI: -79 dBm | SNR: 8.75 dB | RX#: 178
09:01:35.201,S2,TX_DATA,,,,178,,,[TX] S2:DATA:178
09:01:35.240,S1,IGNORE_REPLY,,,,,,S2:DATA:178,[IGNORE] S2:DATA:178
09:01:35.771,S2,IGNORE_POLL,,,,,,POLL:1,[IGNORE] POLL:1
09:01:35.777,S1,RX_POLL,-71,9.25,179,,655,,[RX] POLL:1 | RSSI: -71 dBm | SNR: 9.25 dB | RX#: 179
09:01:35.777,S1,TX_DATA,,,,179,,,[TX] S1:DATA:179
09:01:35.819,S2,IGNORE_REPLY,,,,,,S1:DATA:179,[IGNORE] S1:DATA:179
09:01:35.850,S1,IGNORE_POLL,,,,,,POLL:2,[IGNORE] POLL:2
09:01:35.852,S2,RX_POLL,-84,8.75,179,,655,,[RX] POLL:2 | RSSI: -84 dBm | SNR: 8.75 dB | RX#: 179
09:01:35.856,S2,TX_DATA,,,,179,,,[TX] S2:DATA:179
09:01:35.896,S1,IGNORE_REPLY,,,,,,S2:DATA:179,[IGNORE] S2:DATA:179
09:01:36.430,S2,IGNORE_POLL,,,,,,POLL:1,[IGNORE] POLL:1
09:01:36.432,S1,RX_POLL,-71,9.0,180,,655,,[RX] POLL:1 | RSSI: -71 dBm | SNR: 9.00 dB | RX#: 180
09:01:36.433,S1,TX_DATA,,,,180,,,[TX] S1:DATA:180
09:01:36.475,S2,IGNORE_REPLY,,,,,,S1:DATA:180,[IGNORE] S1:DATA:180
09:01:36.506,S1,IGNORE_POLL,,,,,,POLL:2,[IGNORE] POLL:2
09:01:36.508,S2,RX_POLL,-83,8.75,180,,656,,[RX] POLL:2 | RSSI: -83 dBm | SNR: 8.75 dB | RX#: 180
09:01:36.512,S2,TX_DATA,,,,180,,,[TX] S2:DATA:180
09:01:36.551,S1,IGNORE_REPLY,,,,,,S2:DATA:180,[IGNORE] S2:DATA:180
09:01:37.085,S2,IGNORE_POLL,,,,,,POLL:1,[IGNORE] POLL:1
09:01:37.088,S1,RX_POLL,-71,8.75,181,,655,,[RX] POLL:1 | RSSI: -71 dBm | SNR: 8.75 dB | RX#: 181
09:01:37.088,S1,TX_DATA,,,,181,,,[TX] S1:DATA:181
09:01:37.130,S2,IGNORE_REPLY,,,,,,S1:DATA:181,[IGNORE] S1:DATA:181
09:01:37.161,S1,IGNORE_POLL,,,,,,POLL:2,[IGNORE] POLL:2
09:01:37.163,S2,RX_POLL,-82,8.75,181,,655,,[RX] POLL:2 | RSSI: -82 dBm | SNR: 8.75 dB | RX#: 181
09:01:37.167,S2,TX_DATA,,,,181,,,[TX] S2:DATA:181
09:01:37.206,S1,IGNORE_REPLY,,,,,,S2:DATA:181,[IGNORE] S2:DATA:181
09:01:37.740,S2,IGNORE_POLL,,,,,,POLL:1,[IGNORE] POLL:1
09:01:37.743,S1,RX_POLL,-71,8.75,182,,655,,[RX] POLL:1 | RSSI: -71 dBm | SNR: 8.75 dB | RX#: 182
09:01:37.743,S1,TX_DATA,,,,182,,,[TX] S1:DATA:182
09:01:37.786,S2,IGNORE_REPLY,,,,,,S1:DATA:182,[IGNORE] S1:DATA:182
09:01:37.817,S1,IGNORE_POLL,,,,,,POLL:2,[IGNORE] POLL:2
09:01:37.819,S2,RX_POLL,-81,8.75,182,,655,,[RX] POLL:2 | RSSI: -81 dBm | SNR: 8.75 dB | RX#: 182
09:01:37.822,S2,TX_DATA,,,,182,,,[TX] S2:DATA:182
09:01:37.862,S1,IGNORE_REPLY,,,,,,S2:DATA:182,[IGNORE] S2:DATA:182
09:01:38.396,S2,IGNORE_POLL,,,,,,POLL:1,[IGNORE] POLL:1
09:01:38.398,S1,RX_POLL,-70,8.5,183,,655,,[RX] POLL:1 | RSSI: -70 dBm | SNR: 8.50 dB | RX#: 183
09:01:38.398,S1,TX_DATA,,,,183,,,[TX] S1:DATA:183
09:01:38.441,S2,IGNORE_REPLY,,,,,,S1:DATA:183,[IGNORE] S1:DATA:183
09:01:38.472,S1,IGNORE_POLL,,,,,,POLL:2,[IGNORE] POLL:2
09:01:38.478,S2,RX_POLL,-71,8.75,183,,659,,[RX] POLL:2 | RSSI: -71 dBm | SNR: 8.75 dB | RX#: 183
09:01:38.478,S2,TX_DATA,,,,183,,,[TX] S2:DATA:183
09:01:38.517,S1,IGNORE_REPLY,,,,,,S2:DATA:183,[IGNORE] S2:DATA:183
09:01:39.052,S2,IGNORE_POLL,,,,,,POLL:1,[IGNORE] POLL:1
09:01:39.054,S1,RX_POLL,-71,8.75,184,,656,,[RX] POLL:1 | RSSI: -71 dBm | SNR: 8.75 dB | RX#: 184
09:01:39.054,S1,TX_DATA,,,,184,,,[TX] S1:DATA:184
09:01:39.097,S2,IGNORE_REPLY,,,,,,S1:DATA:184,[IGNORE] S1:DATA:184
09:01:39.128,S1,IGNORE_POLL,,,,,,POLL:2,[IGNORE] POLL:2
09:01:39.133,S2,RX_POLL,-80,8.75,184,,656,,[RX] POLL:2 | RSSI: -80 dBm | SNR: 8.75 dB | RX#: 184
09:01:39.133,S2,TX_DATA,,,,184,,,[TX] S2:DATA:184
09:01:39.172,S1,IGNORE_REPLY,,,,,,S2:DATA:184,[IGNORE] S2:DATA:184
09:01:39.706,S2,IGNORE_POLL,,,,,,POLL:1,[IGNORE] POLL:1
09:01:39.709,S1,RX_POLL,-71,8.5,185,,655,,[RX] POLL:1 | RSSI: -71 dBm | SNR: 8.50 dB | RX#: 185
09:01:39.713,S1,TX_DATA,,,,185,,,[TX] S1:DATA:185
09:01:39.752,S2,IGNORE_REPLY,,,,,,S1:DATA:185,[IGNORE] S1:DATA:185
09:01:39.783,S1,IGNORE_POLL,,,,,,POLL:2,[IGNORE] POLL:2
09:01:39.788,S2,RX_POLL,-79,8.5,185,,655,,[RX] POLL:2 | RSSI: -79 dBm | SNR: 8.50 dB | RX#: 185
09:01:39.789,S2,TX_DATA,,,,185,,,[TX] S2:DATA:185
09:01:39.828,S1,IGNORE_REPLY,,,,,,S2:DATA:185,[IGNORE] S2:DATA:185
09:01:40.362,S2,IGNORE_POLL,,,,,,POLL:1,[IGNORE] POLL:1
09:01:40.364,S1,RX_POLL,-71,8.75,186,,655,,[RX] POLL:1 | RSSI: -71 dBm | SNR: 8.75 dB | RX#: 186
09:01:40.368,S1,TX_DATA,,,,186,,,[TX] S1:DATA:186
09:01:40.407,S2,IGNORE_REPLY,,,,,,S1:DATA:186,[IGNORE] S1:DATA:186
09:01:40.438,S1,IGNORE_POLL,,,,,,POLL:2,[IGNORE] POLL:2
09:01:40.444,S2,RX_POLL,-79,9.0,186,,655,,[RX] POLL:2 | RSSI: -79 dBm | SNR: 9.00 dB | RX#: 186
09:01:40.444,S2,TX_DATA,,,,186,,,[TX] S2:DATA:186
09:01:40.487,S1,IGNORE_REPLY,,,,,,S2:DATA:186,[IGNORE] S2:DATA:186
09:01:41.017,S2,IGNORE_POLL,,,,,,POLL:1,[IGNORE] POLL:1
09:01:41.020,S1,RX_POLL,-71,8.5,187,,655,,[RX] POLL:1 | RSSI: -71 dBm | SNR: 8.50 dB | RX#: 187
09:01:41.023,S1,TX_DATA,,,,187,,,[TX] S1:DATA:187
09:01:41.062,S2,IGNORE_REPLY,,,,,,S1:DATA:187,[IGNORE] S1:DATA:187
09:01:41.097,S1,IGNORE_POLL,,,,,,POLL:2,[IGNORE] POLL:2
09:01:41.100,S2,RX_POLL,-79,9.0,187,,656,,[RX] POLL:2 | RSSI: -79 dBm | SNR: 9.00 dB | RX#: 187
09:01:41.100,S2,TX_DATA,,,,187,,,[TX] S2:DATA:187
09:01:41.142,S1,IGNORE_REPLY,,,,,,S2:DATA:187,[IGNORE] S2:DATA:187
09:01:41.673,S2,IGNORE_POLL,,,,,,POLL:1,[IGNORE] POLL:1
09:01:41.675,S1,RX_POLL,-71,9.0,188,,655,,[RX] POLL:1 | RSSI: -71 dBm | SNR: 9.00 dB | RX#: 188
09:01:41.679,S1,TX_DATA,,,,188,,,[TX] S1:DATA:188
09:01:41.718,S2,IGNORE_REPLY,,,,,,S1:DATA:188,[IGNORE] S1:DATA:188
09:01:41.753,S1,IGNORE_POLL,,,,,,POLL:2,[IGNORE] POLL:2
09:01:41.755,S2,RX_POLL,-79,9.25,188,,655,,[RX] POLL:2 | RSSI: -79 dBm | SNR: 9.25 dB | RX#: 188
09:01:41.755,S2,TX_DATA,,,,188,,,[TX] S2:DATA:188
09:01:41.797,S1,IGNORE_REPLY,,,,,,S2:DATA:188,[IGNORE] S2:DATA:188
09:01:42.328,S2,IGNORE_POLL,,,,,,POLL:1,[IGNORE] POLL:1
09:01:42.330,S1,RX_POLL,-68,8.5,189,,655,,[RX] POLL:1 | RSSI: -68 dBm | SNR: 8.50 dB | RX#: 189
09:01:42.334,S1,TX_DATA,,,,189,,,[TX] S1:DATA:189
09:01:42.373,S2,IGNORE_REPLY,,,,,,S1:DATA:189,[IGNORE] S1:DATA:189
09:01:42.408,S1,IGNORE_POLL,,,,,,POLL:2,[IGNORE] POLL:2
09:01:42.410,S2,RX_POLL,-79,9.0,189,,655,,[RX] POLL:2 | RSSI: -79 dBm | SNR: 9.00 dB | RX#: 189
09:01:42.410,S2,TX_DATA,,,,189,,,[TX] S2:DATA:189
09:01:42.454,S1,IGNORE_REPLY,,,,,,S2:DATA:189,[IGNORE] S2:DATA:189
09:01:42.983,S2,IGNORE_POLL,,,,,,POLL:1,[IGNORE] POLL:1
09:01:42.989,S1,RX_POLL,-71,8.75,190,,659,,[RX] POLL:1 | RSSI: -71 dBm | SNR: 8.75 dB | RX#: 190
09:01:42.990,S1,TX_DATA,,,,190,,,[TX] S1:DATA:190
09:01:43.028,S2,IGNORE_REPLY,,,,,,S1:DATA:190,[IGNORE] S1:DATA:190
09:01:43.063,S1,IGNORE_POLL,,,,,,POLL:2,[IGNORE] POLL:2
09:01:43.066,S2,RX_POLL,-79,8.75,190,,656,,[RX] POLL:2 | RSSI: -79 dBm | SNR: 8.75 dB | RX#: 190
09:01:43.066,S2,TX_DATA,,,,190,,,[TX] S2:DATA:190
09:01:43.108,S1,IGNORE_REPLY,,,,,,S2:DATA:190,[IGNORE] S2:DATA:190
09:01:43.639,S2,IGNORE_POLL,,,,,,POLL:1,[IGNORE] POLL:1
09:01:43.645,S1,RX_POLL,-71,8.75,191,,656,,[RX] POLL:1 | RSSI: -71 dBm | SNR: 8.75 dB | RX#: 191
09:01:43.645,S1,TX_DATA,,,,191,,,[TX] S1:DATA:191
09:01:43.684,S2,IGNORE_REPLY,,,,,,S1:DATA:191,[IGNORE] S1:DATA:191
09:01:43.719,S1,IGNORE_POLL,,,,,,POLL:2,[IGNORE] POLL:2
09:01:43.721,S2,RX_POLL,-80,8.5,191,,655,,[RX] POLL:2 | RSSI: -80 dBm | SNR: 8.50 dB | RX#: 191
09:01:43.725,S2,TX_DATA,,,,191,,,[TX] S2:DATA:191
09:01:43.764,S1,IGNORE_REPLY,,,,,,S2:DATA:191,[IGNORE] S2:DATA:191
09:01:44.294,S2,IGNORE_POLL,,,,,,POLL:1,[IGNORE] POLL:1
09:01:44.300,S1,RX_POLL,-71,8.75,192,,655,,[RX] POLL:1 | RSSI: -71 dBm | SNR: 8.75 dB | RX#: 192
09:01:44.300,S1,TX_DATA,,,,192,,,[TX] S1:DATA:192
09:01:44.339,S2,IGNORE_REPLY,,,,,,S1:DATA:192,[IGNORE] S1:DATA:192
09:01:44.374,S1,IGNORE_POLL,,,,,,POLL:2,[IGNORE] POLL:2
09:01:44.376,S2,RX_POLL,-79,8.75,192,,655,,[RX] POLL:2 | RSSI: -79 dBm | SNR: 8.75 dB | RX#: 192
09:01:44.380,S2,TX_DATA,,,,192,,,[TX] S2:DATA:192
09:01:44.419,S1,IGNORE_REPLY,,,,,,S2:DATA:192,[IGNORE] S2:DATA:192
09:01:44.953,S2,IGNORE_POLL,,,,,,POLL:1,[IGNORE] POLL:1
09:01:44.955,S1,RX_POLL,-71,8.5,193,,655,,[RX] POLL:1 | RSSI: -71 dBm | SNR: 8.50 dB | RX#: 193
09:01:44.956,S1,TX_DATA,,,,193,,,[TX] S1:DATA:193
09:01:44.998,S2,IGNORE_REPLY,,,,,,S1:DATA:193,[IGNORE] S1:DATA:193
09:01:45.029,S1,IGNORE_POLL,,,,,,POLL:2,[IGNORE] POLL:2
09:01:45.032,S2,RX_POLL,-79,8.75,193,,656,,[RX] POLL:2 | RSSI: -79 dBm | SNR: 8.75 dB | RX#: 193
09:01:45.035,S2,TX_DATA,,,,193,,,[TX] S2:DATA:193
09:01:45.074,S1,IGNORE_REPLY,,,,,,S2:DATA:193,[IGNORE] S2:DATA:193
09:01:45.608,S2,IGNORE_POLL,,,,,,POLL:1,[IGNORE] POLL:1
09:01:45.611,S1,RX_POLL,-71,8.75,194,,655,,[RX] POLL:1 | RSSI: -71 dBm | SNR: 8.75 dB | RX#: 194
09:01:45.611,S1,TX_DATA,,,,194,,,[TX] S1:DATA:194
09:01:45.653,S2,IGNORE_REPLY,,,,,,S1:DATA:194,[IGNORE] S1:DATA:194
09:01:45.684,S1,IGNORE_POLL,,,,,,POLL:2,[IGNORE] POLL:2
09:01:45.687,S2,RX_POLL,-79,8.75,194,,655,,[RX] POLL:2 | RSSI: -79 dBm | SNR: 8.75 dB | RX#: 194
09:01:45.690,S2,TX_DATA,,,,194,,,[TX] S2:DATA:194
09:01:45.730,S1,IGNORE_REPLY,,,,,,S2:DATA:194,[IGNORE] S2:DATA:194
09:01:46.264,S2,IGNORE_POLL,,,,,,POLL:1,[IGNORE] POLL:1
09:01:46.266,S1,RX_POLL,-71,8.75,195,,655,,[RX] POLL:1 | RSSI: -71 dBm | SNR: 8.75 dB | RX#: 195
09:01:46.266,S1,TX_DATA,,,,195,,,[TX] S1:DATA:195
09:01:46.309,S2,IGNORE_REPLY,,,,,,S1:DATA:195,[IGNORE] S1:DATA:195
09:01:46.340,S1,IGNORE_POLL,,,,,,POLL:2,[IGNORE] POLL:2
09:01:46.342,S2,RX_POLL,-80,8.5,195,,655,,[RX] POLL:2 | RSSI: -80 dBm | SNR: 8.50 dB | RX#: 195
09:01:46.346,S2,TX_DATA,,,,195,,,[TX] S2:DATA:195
09:01:46.385,S1,IGNORE_REPLY,,,,,,S2:DATA:195,[IGNORE] S2:DATA:195
09:01:46.919,S2,IGNORE_POLL,,,,,,POLL:1,[IGNORE] POLL:1
09:01:46.921,S1,RX_POLL,-72,8.75,196,,655,,[RX] POLL:1 | RSSI: -72 dBm | SNR: 8.75 dB | RX#: 196
09:01:46.922,S1,TX_DATA,,,,196,,,[TX] S1:DATA:196
09:01:46.964,S2,IGNORE_REPLY,,,,,,S1:DATA:196,[IGNORE] S1:DATA:196
09:01:46.995,S1,IGNORE_POLL,,,,,,POLL:2,[IGNORE] POLL:2
09:01:47.001,S2,RX_POLL,-79,8.5,196,,659,,[RX] POLL:2 | RSSI: -79 dBm | SNR: 8.50 dB | RX#: 196
09:01:47.001,S2,TX_DATA,,,,196,,,[TX] S2:DATA:196
09:01:47.043,S1,IGNORE_REPLY,,,,,,S2:DATA:196,[IGNORE] S2:DATA:196
09:01:47.574,S2,IGNORE_POLL,,,,,,POLL:1,[IGNORE] POLL:1
09:01:47.577,S1,RX_POLL,-70,9.0,197,,655,,[RX] POLL:1 | RSSI: -70 dBm | SNR: 9.00 dB | RX#: 197
09:01:47.577,S1,TX_DATA,,,,197,,,[TX] S1:DATA:197
09:01:47.620,S2,IGNORE_REPLY,,,,,,S1:DATA:197,[IGNORE] S1:DATA:197
09:01:47.650,S1,IGNORE_POLL,,,,,,POLL:2,[IGNORE] POLL:2
09:01:47.656,S2,RX_POLL,-76,8.75,197,,656,,[RX] POLL:2 | RSSI: -76 dBm | SNR: 8.75 dB | RX#: 197
09:01:47.657,S2,TX_DATA,,,,197,,,[TX] S2:DATA:197
09:01:47.695,S1,IGNORE_REPLY,,,,,,S2:DATA:197,[IGNORE] S2:DATA:197
09:01:48.230,S2,IGNORE_POLL,,,,,,POLL:1,[IGNORE] POLL:1
09:01:48.232,S1,RX_POLL,-71,8.75,198,,655,,[RX] POLL:1 | RSSI: -71 dBm | SNR: 8.75 dB | RX#: 198
09:01:48.236,S1,TX_DATA,,,,198,,,[TX] S1:DATA:198
09:01:48.275,S2,IGNORE_REPLY,,,,,,S1:DATA:198,[IGNORE] S1:DATA:198
09:01:48.306,S1,IGNORE_POLL,,,,,,POLL:2,[IGNORE] POLL:2
09:01:48.312,S2,RX_POLL,-80,8.75,198,,655,,[RX] POLL:2 | RSSI: -80 dBm | SNR: 8.75 dB | RX#: 198
09:01:48.312,S2,TX_DATA,,,,198,,,[TX] S2:DATA:198
09:01:48.351,S1,IGNORE_REPLY,,,,,,S2:DATA:198,[IGNORE] S2:DATA:198
09:01:48.886,S2,IGNORE_POLL,,,,,,POLL:1,[IGNORE] POLL:1
09:01:48.887,S1,RX_POLL,-71,9.0,199,,655,,[RX] POLL:1 | RSSI: -71 dBm | SNR: 9.00 dB | RX#: 199
09:01:48.891,S1,TX_DATA,,,,199,,,[TX] S1:DATA:199
09:01:48.930,S2,IGNORE_REPLY,,,,,,S1:DATA:199,[IGNORE] S1:DATA:199
09:01:48.961,S1,IGNORE_POLL,,,,,,POLL:2,[IGNORE] POLL:2
09:01:48.967,S2,RX_POLL,-81,9.0,199,,655,,[RX] POLL:2 | RSSI: -81 dBm | SNR: 9.00 dB | RX#: 199
09:01:48.967,S2,TX_DATA,,,,199,,,[TX] S2:DATA:199
09:01:49.006,S1,IGNORE_REPLY,,,,,,S2:DATA:199,[IGNORE] S2:DATA:199
09:01:49.540,S2,IGNORE_POLL,,,,,,POLL:1,[IGNORE] POLL:1
09:01:49.543,S1,RX_POLL,-71,9.0,200,,656,,[RX] POLL:1 | RSSI: -71 dBm | SNR: 9.00 dB | RX#: 200
09:01:49.547,S1,TX_DATA,,,,200,,,[TX] S1:DATA:200
09:01:49.590,S2,IGNORE_REPLY,,,,,,S1:DATA:200,[IGNORE] S1:DATA:200
09:01:49.620,S1,IGNORE_POLL,,,,,,POLL:2,[IGNORE] POLL:2
09:01:49.622,S2,RX_POLL,-80,8.75,200,,655,,[RX] POLL:2 | RSSI: -80 dBm | SNR: 8.75 dB | RX#: 200
09:01:49.623,S2,TX_DATA,,,,200,,,[TX] S2:DATA:200
09:01:49.665,S1,IGNORE_REPLY,,,,,,S2:DATA:200,[IGNORE] S2:DATA:200
09:01:50.196,S2,IGNORE_POLL,,,,,,POLL:1,[IGNORE] POLL:1
09:01:50.198,S1,RX_POLL,-71,9.0,201,,655,,[RX] POLL:1 | RSSI: -71 dBm | SNR: 9.00 dB | RX#: 201
09:01:50.202,S1,TX_DATA,,,,201,,,[TX] S1:DATA:201
09:01:50.241,S2,IGNORE_REPLY,,,,,,S1:DATA:201,[IGNORE] S1:DATA:201
09:01:50.276,S1,IGNORE_POLL,,,,,,POLL:2,[IGNORE] POLL:2
09:01:50.278,S2,RX_POLL,-80,8.75,201,,655,,[RX] POLL:2 | RSSI: -80 dBm | SNR: 8.75 dB | RX#: 201
09:01:50.278,S2,TX_DATA,,,,201,,,[TX] S2:DATA:201
09:01:50.321,S1,IGNORE_REPLY,,,,,,S2:DATA:201,[IGNORE] S2:DATA:201
09:01:50.851,S2,IGNORE_POLL,,,,,,POLL:1,[IGNORE] POLL:1
09:01:50.854,S1,RX_POLL,-71,8.75,202,,656,,[RX] POLL:1 | RSSI: -71 dBm | SNR: 8.75 dB | RX#: 202
09:01:50.858,S1,TX_DATA,,,,202,,,[TX] S1:DATA:202
09:01:50.896,S2,IGNORE_REPLY,,,,,,S1:DATA:202,[IGNORE] S1:DATA:202
09:01:50.931,S1,IGNORE_POLL,,,,,,POLL:2,[IGNORE] POLL:2
09:01:50.933,S2,RX_POLL,-81,8.5,202,,655,,[RX] POLL:2 | RSSI: -81 dBm | SNR: 8.50 dB | RX#: 202
09:01:50.934,S2,TX_DATA,,,,202,,,[TX] S2:DATA:202
09:01:50.976,S1,IGNORE_REPLY,,,,,,S2:DATA:202,[IGNORE] S2:DATA:202
09:01:51.507,S2,IGNORE_POLL,,,,,,POLL:1,[IGNORE] POLL:1
09:01:51.513,S1,RX_POLL,-71,8.75,203,,659,,[RX] POLL:1 | RSSI: -71 dBm | SNR: 8.75 dB | RX#: 203
09:01:51.513,S1,TX_DATA,,,,203,,,[TX] S1:DATA:203
09:01:51.552,S2,IGNORE_REPLY,,,,,,S1:DATA:203,[IGNORE] S1:DATA:203
09:01:51.587,S1,IGNORE_POLL,,,,,,POLL:2,[IGNORE] POLL:2
09:01:51.588,S2,RX_POLL,-81,9.25,203,,655,,[RX] POLL:2 | RSSI: -81 dBm | SNR: 9.25 dB | RX#: 203
09:01:51.589,S2,TX_DATA,,,,203,,,[TX] S2:DATA:203
09:01:51.631,S1,IGNORE_REPLY,,,,,,S2:DATA:203,[IGNORE] S2:DATA:203
09:01:52.162,S2,IGNORE_POLL,,,,,,POLL:1,[IGNORE] POLL:1
09:01:52.168,S1,RX_POLL,-71,8.75,204,,656,,[RX] POLL:1 | RSSI: -71 dBm | SNR: 8.75 dB | RX#: 204
09:01:52.169,S1,TX_DATA,,,,204,,,[TX] S1:DATA:204
09:01:52.207,S2,IGNORE_REPLY,,,,,,S1:DATA:204,[IGNORE] S1:DATA:204
09:01:52.242,S1,IGNORE_POLL,,,,,,POLL:2,[IGNORE] POLL:2
09:01:52.244,S2,RX_POLL,-80,9.0,204,,655,,[RX] POLL:2 | RSSI: -80 dBm | SNR: 9.00 dB | RX#: 204
09:01:52.248,S2,TX_DATA,,,,204,,,[TX] S2:DATA:204
09:01:52.287,S1,IGNORE_REPLY,,,,,,S2:DATA:204,[IGNORE] S2:DATA:204
09:01:52.817,S2,IGNORE_POLL,,,,,,POLL:1,[IGNORE] POLL:1
09:01:52.823,S1,RX_POLL,-71,8.5,205,,655,,[RX] POLL:1 | RSSI: -71 dBm | SNR: 8.50 dB | RX#: 205
09:01:52.824,S1,TX_DATA,,,,205,,,[TX] S1:DATA:205
09:01:52.862,S2,IGNORE_REPLY,,,,,,S1:DATA:205,[IGNORE] S1:DATA:205
09:01:52.897,S1,IGNORE_POLL,,,,,,POLL:2,[IGNORE] POLL:2
09:01:52.899,S2,RX_POLL,-80,9.0,205,,655,,[RX] POLL:2 | RSSI: -80 dBm | SNR: 9.00 dB | RX#: 205
09:01:52.908,S2,TX_DATA,,,,205,,,[TX] S2:DATA:205
09:01:52.942,S1,IGNORE_REPLY,,,,,,S2:DATA:205,[IGNORE] S2:DATA:205
09:01:53.476,S2,IGNORE_POLL,,,,,,POLL:1,[IGNORE] POLL:1
09:01:53.479,S1,RX_POLL,-71,8.75,206,,655,,[RX] POLL:1 | RSSI: -71 dBm | SNR: 8.75 dB | RX#: 206
09:01:53.479,S1,TX_DATA,,,,206,,,[TX] S1:DATA:206
09:01:53.522,S2,IGNORE_REPLY,,,,,,S1:DATA:206,[IGNORE] S1:DATA:206
09:01:53.552,S1,IGNORE_POLL,,,,,,POLL:2,[IGNORE] POLL:2
09:01:53.555,S2,RX_POLL,-80,8.75,206,,656,,[RX] POLL:2 | RSSI: -80 dBm | SNR: 8.75 dB | RX#: 206
09:01:53.558,S2,TX_DATA,,,,206,,,[TX] S2:DATA:206
09:01:53.598,S1,IGNORE_REPLY,,,,,,S2:DATA:206,[IGNORE] S2:DATA:206
09:01:54.132,S2,IGNORE_POLL,,,,,,POLL:1,[IGNORE] POLL:1
09:01:54.134,S1,RX_POLL,-71,8.75,207,,655,,[RX] POLL:1 | RSSI: -71 dBm | SNR: 8.75 dB | RX#: 207
09:01:54.134,S1,TX_DATA,,,,207,,,[TX] S1:DATA:207
09:01:54.178,S2,IGNORE_REPLY,,,,,,S1:DATA:207,[IGNORE] S1:DATA:207
09:01:54.208,S1,IGNORE_POLL,,,,,,POLL:2,[IGNORE] POLL:2
09:01:54.210,S2,RX_POLL,-81,8.75,207,,655,,[RX] POLL:2 | RSSI: -81 dBm | SNR: 8.75 dB | RX#: 207
09:01:54.214,S2,TX_DATA,,,,207,,,[TX] S2:DATA:207
09:01:54.253,S1,IGNORE_REPLY,,,,,,S2:DATA:207,[IGNORE] S2:DATA:207
09:01:54.788,S2,IGNORE_POLL,,,,,,POLL:1,[IGNORE] POLL:1
09:01:54.789,S1,RX_POLL,-71,9.0,208,,655,,[RX] POLL:1 | RSSI: -71 dBm | SNR: 9.00 dB | RX#: 208
09:01:54.790,S1,TX_DATA,,,,208,,,[TX] S1:DATA:208
09:01:54.832,S2,IGNORE_REPLY,,,,,,S1:DATA:208,[IGNORE] S1:DATA:208
09:01:54.863,S1,IGNORE_POLL,,,,,,POLL:2,[IGNORE] POLL:2
09:01:54.865,S2,RX_POLL,-81,8.5,208,,655,,[RX] POLL:2 | RSSI: -81 dBm | SNR: 8.50 dB | RX#: 208
09:01:54.869,S2,TX_DATA,,,,208,,,[TX] S2:DATA:208
09:01:54.908,S1,IGNORE_REPLY,,,,,,S2:DATA:208,[IGNORE] S2:DATA:208
09:01:55.444,S2,IGNORE_POLL,,,,,,POLL:1,[IGNORE] POLL:1
09:01:55.445,S1,RX_POLL,-71,8.75,209,,656,,[RX] POLL:1 | RSSI: -71 dBm | SNR: 8.75 dB | RX#: 209
09:01:55.446,S1,TX_DATA,,,,209,,,[TX] S1:DATA:209
09:01:55.487,S2,IGNORE_REPLY,,,,,,S1:DATA:209,[IGNORE] S1:DATA:209
09:01:55.519,S1,IGNORE_POLL,,,,,,POLL:2,[IGNORE] POLL:2
09:01:55.525,S2,RX_POLL,-80,8.75,209,,660,,[RX] POLL:2 | RSSI: -80 dBm | SNR: 8.75 dB | RX#: 209
09:01:55.525,S2,TX_DATA,,,,209,,,[TX] S2:DATA:209
09:01:55.564,S1,IGNORE_REPLY,,,,,,S2:DATA:209,[IGNORE] S2:DATA:209
09:01:56.098,S2,IGNORE_POLL,,,,,,POLL:1,[IGNORE] POLL:1
09:01:56.100,S1,RX_POLL,-71,8.75,210,,655,,[RX] POLL:1 | RSSI: -71 dBm | SNR: 8.75 dB | RX#: 210
09:01:56.100,S1,TX_DATA,,,,210,,,[TX] S1:DATA:210
09:01:56.143,S2,IGNORE_REPLY,,,,,,S1:DATA:210,[IGNORE] S1:DATA:210
09:01:56.174,S1,IGNORE_POLL,,,,,,POLL:2,[IGNORE] POLL:2
09:01:56.180,S2,RX_POLL,-81,8.5,210,,655,,[RX] POLL:2 | RSSI: -81 dBm | SNR: 8.50 dB | RX#: 210
09:01:56.180,S2,TX_DATA,,,,210,,,[TX] S2:DATA:210
09:01:56.219,S1,IGNORE_REPLY,,,,,,S2:DATA:210,[IGNORE] S2:DATA:210
09:01:56.754,S2,IGNORE_POLL,,,,,,POLL:1,[IGNORE] POLL:1
09:01:56.756,S1,RX_POLL,-70,8.75,211,,656,,[RX] POLL:1 | RSSI: -70 dBm | SNR: 8.75 dB | RX#: 211
09:01:56.759,S1,TX_DATA,,,,211,,,[TX] S1:DATA:211
09:01:56.798,S2,IGNORE_REPLY,,,,,,S1:DATA:211,[IGNORE] S1:DATA:211
09:01:56.829,S1,IGNORE_POLL,,,,,,POLL:2,[IGNORE] POLL:2
09:01:56.835,S2,RX_POLL,-80,9.0,211,,655,,[RX] POLL:2 | RSSI: -80 dBm | SNR: 9.00 dB | RX#: 211
09:01:56.835,S2,TX_DATA,,,,211,,,[TX] S2:DATA:211
09:01:56.874,S1,IGNORE_REPLY,,,,,,S2:DATA:211,[IGNORE] S2:DATA:211
09:01:57.409,S2,IGNORE_POLL,,,,,,POLL:1,[IGNORE] POLL:1
09:01:57.411,S1,RX_POLL,-71,9.0,212,,655,,[RX] POLL:1 | RSSI: -71 dBm | SNR: 9.00 dB | RX#: 212
09:01:57.414,S1,TX_DATA,,,,212,,,[TX] S1:DATA:212
09:01:57.454,S2,IGNORE_REPLY,,,,,,S1:DATA:212,[IGNORE] S1:DATA:212
09:01:57.484,S1,IGNORE_POLL,,,,,,POLL:2,[IGNORE] POLL:2
09:01:57.490,S2,RX_POLL,-80,8.75,212,,655,,[RX] POLL:2 | RSSI: -80 dBm | SNR: 8.75 dB | RX#: 212
09:01:57.491,S2,TX_DATA,,,,212,,,[TX] S2:DATA:212
09:01:57.533,S1,IGNORE_REPLY,,,,,,S2:DATA:212,[IGNORE] S2:DATA:212
09:01:58.064,S2,IGNORE_POLL,,,,,,POLL:1,[IGNORE] POLL:1
09:01:58.066,S1,RX_POLL,-68,8.25,213,,655,,[RX] POLL:1 | RSSI: -68 dBm | SNR: 8.25 dB | RX#: 213
09:01:58.070,S1,TX_DATA,,,,213,,,[TX] S1:DATA:213
09:01:58.109,S2,IGNORE_REPLY,,,,,,S1:DATA:213,[IGNORE] S1:DATA:213
09:01:58.144,S1,IGNORE_POLL,,,,,,POLL:2,[IGNORE] POLL:2
09:01:58.146,S2,RX_POLL,-81,9.0,213,,656,,[RX] POLL:2 | RSSI: -81 dBm | SNR: 9.00 dB | RX#: 213
09:01:58.147,S2,TX_DATA,,,,213,,,[TX] S2:DATA:213
09:01:58.189,S1,IGNORE_REPLY,,,,,,S2:DATA:213,[IGNORE] S2:DATA:213
09:01:58.719,S2,IGNORE_POLL,,,,,,POLL:1,[IGNORE] POLL:1
09:01:58.722,S1,RX_POLL,-71,9.0,214,,656,,[RX] POLL:1 | RSSI: -71 dBm | SNR: 9.00 dB | RX#: 214
09:01:58.726,S1,TX_DATA,,,,214,,,[TX] S1:DATA:214
09:01:58.764,S2,IGNORE_REPLY,,,,,,S1:DATA:214,[IGNORE] S1:DATA:214
09:01:58.800,S1,IGNORE_POLL,,,,,,POLL:2,[IGNORE] POLL:2
09:01:58.802,S2,RX_POLL,-81,9.0,214,,655,,[RX] POLL:2 | RSSI: -81 dBm | SNR: 9.00 dB | RX#: 214
09:01:58.802,S2,TX_DATA,,,,214,,,[TX] S2:DATA:214
09:01:58.844,S1,IGNORE_REPLY,,,,,,S2:DATA:214,[IGNORE] S2:DATA:214
09:01:59.374,S2,IGNORE_POLL,,,,,,POLL:1,[IGNORE] POLL:1
09:01:59.380,S1,RX_POLL,-71,8.75,215,,659,,[RX] POLL:1 | RSSI: -71 dBm | SNR: 8.75 dB | RX#: 215
09:01:59.381,S1,TX_DATA,,,,215,,,[TX] S1:DATA:215
09:01:59.420,S2,IGNORE_REPLY,,,,,,S1:DATA:215,[IGNORE] S1:DATA:215
09:01:59.454,S1,IGNORE_POLL,,,,,,POLL:2,[IGNORE] POLL:2
09:01:59.456,S2,RX_POLL,-81,9.0,215,,655,,[RX] POLL:2 | RSSI: -81 dBm | SNR: 9.00 dB | RX#: 215
09:01:59.457,S2,TX_DATA,,,,215,,,[TX] S2:DATA:215
09:01:59.499,S1,IGNORE_REPLY,,,,,,S2:DATA:215,[IGNORE] S2:DATA:215
09:02:00.030,S2,IGNORE_POLL,,,,,,POLL:1,[IGNORE] POLL:1
09:02:00.037,S1,RX_POLL,-71,9.0,216,,656,,[RX] POLL:1 | RSSI: -71 dBm | SNR: 9.00 dB | RX#: 216
09:02:00.037,S1,TX_DATA,,,,216,,,[TX] S1:DATA:216
09:02:00.075,S2,IGNORE_REPLY,,,,,,S1:DATA:216,[IGNORE] S1:DATA:216
09:02:00.110,S1,IGNORE_POLL,,,,,,POLL:2,[IGNORE] POLL:2
09:02:00.112,S2,RX_POLL,-80,8.75,216,,656,,[RX] POLL:2 | RSSI: -80 dBm | SNR: 8.75 dB | RX#: 216
09:02:00.112,S2,TX_DATA,,,,216,,,[TX] S2:DATA:216
09:02:00.155,S1,IGNORE_REPLY,,,,,,S2:DATA:216,[IGNORE] S2:DATA:216
09:02:00.686,S2,IGNORE_POLL,,,,,,POLL:1,[IGNORE] POLL:1
09:02:00.691,S1,RX_POLL,-70,9.0,217,,655,,[RX] POLL:1 | RSSI: -70 dBm | SNR: 9.00 dB | RX#: 217
09:02:00.692,S1,TX_DATA,,,,217,,,[TX] S1:DATA:217
09:02:00.731,S2,IGNORE_REPLY,,,,,,S1:DATA:217,[IGNORE] S1:DATA:217
09:02:00.765,S1,IGNORE_POLL,,,,,,POLL:2,[IGNORE] POLL:2
09:02:00.768,S2,RX_POLL,-80,8.5,217,,656,,[RX] POLL:2 | RSSI: -80 dBm | SNR: 8.50 dB | RX#: 217
09:02:00.771,S2,TX_DATA,,,,217,,,[TX] S2:DATA:217
09:02:00.811,S1,IGNORE_REPLY,,,,,,S2:DATA:217,[IGNORE] S2:DATA:217
09:02:01.341,S2,IGNORE_POLL,,,,,,POLL:1,[IGNORE] POLL:1
09:02:01.347,S1,RX_POLL,-70,8.75,218,,655,,[RX] POLL:1 | RSSI: -70 dBm | SNR: 8.75 dB | RX#: 218
09:02:01.347,S1,TX_DATA,,,,218,,,[TX] S1:DATA:218
09:02:01.389,S2,IGNORE_REPLY,,,,,,S1:DATA:218,[IGNORE] S1:DATA:218
09:02:01.421,S1,IGNORE_POLL,,,,,,POLL:2,[IGNORE] POLL:2
09:02:01.423,S2,RX_POLL,-80,8.75,218,,655,,[RX] POLL:2 | RSSI: -80 dBm | SNR: 8.75 dB | RX#: 218
09:02:01.426,S2,TX_DATA,,,,218,,,[TX] S2:DATA:218
09:02:01.466,S1,IGNORE_REPLY,,,,,,S2:DATA:218,[IGNORE] S2:DATA:218
09:02:02.000,S2,IGNORE_POLL,,,,,,POLL:1,[IGNORE] POLL:1
09:02:02.002,S1,RX_POLL,-71,8.75,219,,655,,[RX] POLL:1 | RSSI: -71 dBm | SNR: 8.75 dB | RX#: 219
09:02:02.002,S1,TX_DATA,,,,219,,,[TX] S1:DATA:219
09:02:02.045,S2,IGNORE_REPLY,,,,,,S1:DATA:219,[IGNORE] S1:DATA:219
09:02:02.076,S1,IGNORE_POLL,,,,,,POLL:2,[IGNORE] POLL:2
09:02:02.078,S2,RX_POLL,-81,8.75,219,,655,,[RX] POLL:2 | RSSI: -81 dBm | SNR: 8.75 dB | RX#: 219
09:02:02.084,S2,TX_DATA,,,,219,,,[TX] S2:DATA:219
09:02:02.121,S1,IGNORE_REPLY,,,,,,S2:DATA:219,[IGNORE] S2:DATA:219
09:02:02.655,S2,IGNORE_POLL,,,,,,POLL:1,[IGNORE] POLL:1
09:02:02.657,S1,RX_POLL,-70,8.5,220,,655,,[RX] POLL:1 | RSSI: -70 dBm | SNR: 8.50 dB | RX#: 220
09:02:02.658,S1,TX_DATA,,,,220,,,[TX] S1:DATA:220
09:02:02.700,S2,IGNORE_REPLY,,,,,,S1:DATA:220,[IGNORE] S1:DATA:220
09:02:02.731,S1,IGNORE_POLL,,,,,,POLL:2,[IGNORE] POLL:2
09:02:02.733,S2,RX_POLL,-81,8.75,220,,655,,[RX] POLL:2 | RSSI: -81 dBm | SNR: 8.75 dB | RX#: 220
09:02:02.737,S2,TX_DATA,,,,220,,,[TX] S2:DATA:220
09:02:02.776,S1,IGNORE_REPLY,,,,,,S2:DATA:220,[IGNORE] S2:DATA:220
09:02:03.310,S2,IGNORE_POLL,,,,,,POLL:1,[IGNORE] POLL:1
09:02:03.313,S1,RX_POLL,-70,9.0,221,,655,,[RX] POLL:1 | RSSI: -70 dBm | SNR: 9.00 dB | RX#: 221
09:02:03.313,S1,TX_DATA,,,,221,,,[TX] S1:DATA:221
09:02:03.357,S2,IGNORE_REPLY,,,,,,S1:DATA:221,[IGNORE] S1:DATA:221
09:02:03.386,S1,IGNORE_POLL,,,,,,POLL:2,[IGNORE] POLL:2
09:02:03.389,S2,RX_POLL,-77,9.0,221,,655,,[RX] POLL:2 | RSSI: -77 dBm | SNR: 9.00 dB | RX#: 221
09:02:03.392,S2,TX_DATA,,,,221,,,[TX] S2:DATA:221
09:02:03.431,S1,IGNORE_REPLY,,,,,,S2:DATA:221,[IGNORE] S2:DATA:221
09:02:03.966,S2,IGNORE_POLL,,,,,,POLL:1,[IGNORE] POLL:1
09:02:03.968,S1,RX_POLL,-70,8.75,222,,655,,[RX] POLL:1 | RSSI: -70 dBm | SNR: 8.75 dB | RX#: 222
09:02:03.968,S1,TX_DATA,,,,222,,,[TX] S1:DATA:222
09:02:04.011,S2,IGNORE_REPLY,,,,,,S1:DATA:222,[IGNORE] S1:DATA:222
09:02:04.042,S1,IGNORE_POLL,,,,,,POLL:2,[IGNORE] POLL:2
09:02:04.048,S2,RX_POLL,-79,8.75,222,,659,,[RX] POLL:2 | RSSI: -79 dBm | SNR: 8.75 dB | RX#: 222
09:02:04.048,S2,TX_DATA,,,,222,,,[TX] S2:DATA:222
09:02:04.087,S1,IGNORE_REPLY,,,,,,S2:DATA:222,[IGNORE] S2:DATA:222
09:02:04.621,S2,IGNORE_POLL,,,,,,POLL:1,[IGNORE] POLL:1
09:02:04.623,S1,RX_POLL,-70,8.75,223,,655,,[RX] POLL:1 | RSSI: -70 dBm | SNR: 8.75 dB | RX#: 223
09:02:04.627,S1,TX_DATA,,,,223,,,[TX] S1:DATA:223
09:02:04.666,S2,IGNORE_REPLY,,,,,,S1:DATA:223,[IGNORE] S1:DATA:223
09:02:04.697,S1,IGNORE_POLL,,,,,,POLL:2,[IGNORE] POLL:2
09:02:04.703,S2,RX_POLL,-79,9.0,223,,655,,[RX] POLL:2 | RSSI: -79 dBm | SNR: 9.00 dB | RX#: 223
09:02:04.703,S2,TX_DATA,,,,223,,,[TX] S2:DATA:223
09:02:04.742,S1,IGNORE_REPLY,,,,,,S2:DATA:223,[IGNORE] S2:DATA:223
09:02:05.276,S2,IGNORE_POLL,,,,,,POLL:1,[IGNORE] POLL:1
09:02:05.279,S1,RX_POLL,-71,9.0,224,,655,,[RX] POLL:1 | RSSI: -71 dBm | SNR: 9.00 dB | RX#: 224
09:02:05.282,S1,TX_DATA,,,,224,,,[TX] S1:DATA:224
09:02:05.322,S2,IGNORE_REPLY,,,,,,S1:DATA:224,[IGNORE] S1:DATA:224
09:02:05.353,S1,IGNORE_POLL,,,,,,POLL:2,[IGNORE] POLL:2
09:02:05.359,S2,RX_POLL,-78,9.0,224,,656,,[RX] POLL:2 | RSSI: -78 dBm | SNR: 9.00 dB | RX#: 224
09:02:05.359,S2,TX_DATA,,,,224,,,[TX] S2:DATA:224
09:02:05.404,S1,IGNORE_REPLY,,,,,,S2:DATA:224,[IGNORE] S2:DATA:224
09:02:05.932,S2,IGNORE_POLL,,,,,,POLL:1,[IGNORE] POLL:1
09:02:05.934,S1,RX_POLL,-70,8.75,225,,655,,[RX] POLL:1 | RSSI: -70 dBm | SNR: 8.75 dB | RX#: 225
09:02:05.938,S1,TX_DATA,,,,225,,,[TX] S1:DATA:225
09:02:05.977,S2,IGNORE_REPLY,,,,,,S1:DATA:225,[IGNORE] S1:DATA:225
09:02:06.012,S1,IGNORE_POLL,,,,,,POLL:2,[IGNORE] POLL:2
09:02:06.014,S2,RX_POLL,-74,9.0,225,,655,,[RX] POLL:2 | RSSI: -74 dBm | SNR: 9.00 dB | RX#: 225
09:02:06.015,S2,TX_DATA,,,,225,,,[TX] S2:DATA:225
09:02:06.056,S1,IGNORE_REPLY,,,,,,S2:DATA:225,[IGNORE] S2:DATA:225
09:02:06.587,S2,IGNORE_POLL,,,,,,POLL:1,[IGNORE] POLL:1
09:02:06.590,S1,RX_POLL,-70,8.75,226,,656,,[RX] POLL:1 | RSSI: -70 dBm | SNR: 8.75 dB | RX#: 226
09:02:06.594,S1,TX_DATA,,,,226,,,[TX] S1:DATA:226
09:02:06.633,S2,IGNORE_REPLY,,,,,,S1:DATA:226,[IGNORE] S1:DATA:226
09:02:06.667,S1,IGNORE_POLL,,,,,,POLL:2,[IGNORE] POLL:2
09:02:06.669,S2,RX_POLL,-72,9.0,226,,655,,[RX] POLL:2 | RSSI: -72 dBm | SNR: 9.00 dB | RX#: 226
09:02:06.670,S2,TX_DATA,,,,226,,,[TX] S2:DATA:226
09:02:06.712,S1,IGNORE_REPLY,,,,,,S2:DATA:226,[IGNORE] S2:DATA:226
09:02:07.243,S2,IGNORE_POLL,,,,,,POLL:1,[IGNORE] POLL:1
09:02:07.248,S1,RX_POLL,-71,8.75,227,,659,,[RX] POLL:1 | RSSI: -71 dBm | SNR: 8.75 dB | RX#: 227
09:02:07.249,S1,TX_DATA,,,,227,,,[TX] S1:DATA:227
09:02:07.288,S2,IGNORE_REPLY,,,,,,S1:DATA:227,[IGNORE] S1:DATA:227
09:02:07.322,S1,IGNORE_POLL,,,,,,POLL:2,[IGNORE] POLL:2
09:02:07.324,S2,RX_POLL,-78,8.75,227,,655,,[RX] POLL:2 | RSSI: -78 dBm | SNR: 8.75 dB | RX#: 227
09:02:07.325,S2,TX_DATA,,,,227,,,[TX] S2:DATA:227
09:02:07.367,S1,IGNORE_REPLY,,,,,,S2:DATA:227,[IGNORE] S2:DATA:227
09:02:07.898,S2,IGNORE_POLL,,,,,,POLL:1,[IGNORE] POLL:1
09:02:07.904,S1,RX_POLL,-70,9.0,228,,656,,[RX] POLL:1 | RSSI: -70 dBm | SNR: 9.00 dB | RX#: 228
09:02:07.905,S1,TX_DATA,,,,228,,,[TX] S1:DATA:228
09:02:07.943,S2,IGNORE_REPLY,,,,,,S1:DATA:228,[IGNORE] S1:DATA:228
09:02:07.977,S1,IGNORE_POLL,,,,,,POLL:2,[IGNORE] POLL:2
09:02:07.980,S2,RX_POLL,-76,8.75,228,,655,,[RX] POLL:2 | RSSI: -76 dBm | SNR: 8.75 dB | RX#: 228
09:02:07.980,S2,TX_DATA,,,,228,,,[TX] S2:DATA:228
09:02:08.022,S1,IGNORE_REPLY,,,,,,S2:DATA:228,[IGNORE] S2:DATA:228
09:02:08.553,S2,IGNORE_POLL,,,,,,POLL:1,[IGNORE] POLL:1
09:02:08.560,S1,RX_POLL,-70,8.75,229,,656,,[RX] POLL:1 | RSSI: -70 dBm | SNR: 8.75 dB | RX#: 229
09:02:08.561,S1,TX_DATA,,,,229,,,[TX] S1:DATA:229
09:02:08.599,S2,IGNORE_REPLY,,,,,,S1:DATA:229,[IGNORE] S1:DATA:229
09:02:08.634,S1,IGNORE_POLL,,,,,,POLL:2,[IGNORE] POLL:2
09:02:08.635,S2,RX_POLL,-76,9.0,229,,656,,[RX] POLL:2 | RSSI: -76 dBm | SNR: 9.00 dB | RX#: 229
09:02:08.639,S2,TX_DATA,,,,229,,,[TX] S2:DATA:229
09:02:08.678,S1,IGNORE_REPLY,,,,,,S2:DATA:229,[IGNORE] S2:DATA:229
09:02:09.209,S2,IGNORE_POLL,,,,,,POLL:1,[IGNORE] POLL:1
09:02:09.215,S1,RX_POLL,-70,9.0,230,,655,,[RX] POLL:1 | RSSI: -70 dBm | SNR: 9.00 dB | RX#: 230
09:02:09.215,S1,TX_DATA,,,,230,,,[TX] S1:DATA:230
09:02:09.257,S2,IGNORE_REPLY,,,,,,S1:DATA:230,[IGNORE] S1:DATA:230
09:02:09.289,S1,IGNORE_POLL,,,,,,POLL:2,[IGNORE] POLL:2
09:02:09.290,S2,RX_POLL,-76,9.0,230,,655,,[RX] POLL:2 | RSSI: -76 dBm | SNR: 9.00 dB | RX#: 230
09:02:09.294,S2,TX_DATA,,,,230,,,[TX] S2:DATA:230
09:02:09.333,S1,IGNORE_REPLY,,,,,,S2:DATA:230,[IGNORE] S2:DATA:230
09:02:09.868,S2,IGNORE_POLL,,,,,,POLL:1,[IGNORE] POLL:1
09:02:09.870,S1,RX_POLL,-70,9.0,231,,655,,[RX] POLL:1 | RSSI: -70 dBm | SNR: 9.00 dB | RX#: 231
09:02:09.870,S1,TX_DATA,,,,231,,,[TX] S1:DATA:231
09:02:09.913,S2,IGNORE_REPLY,,,,,,S1:DATA:231,[IGNORE] S1:DATA:231
09:02:09.944,S1,IGNORE_POLL,,,,,,POLL:2,[IGNORE] POLL:2
09:02:09.946,S2,RX_POLL,-77,9.25,231,,655,,[RX] POLL:2 | RSSI: -77 dBm | SNR: 9.25 dB | RX#: 231
09:02:09.950,S2,TX_DATA,,,,231,,,[TX] S2:DATA:231
09:02:09.989,S1,IGNORE_REPLY,,,,,,S2:DATA:231,[IGNORE] S2:DATA:231
09:02:10.523,S2,IGNORE_POLL,,,,,,POLL:1,[IGNORE] POLL:1
09:02:10.525,S1,RX_POLL,-71,8.75,232,,655,,[RX] POLL:1 | RSSI: -71 dBm | SNR: 8.75 dB | RX#: 232
09:02:10.526,S1,TX_DATA,,,,232,,,[TX] S1:DATA:232
09:02:10.568,S2,IGNORE_REPLY,,,,,,S1:DATA:232,[IGNORE] S1:DATA:232
09:02:10.599,S1,IGNORE_POLL,,,,,,POLL:2,[IGNORE] POLL:2
09:02:10.601,S2,RX_POLL,-77,8.75,232,,655,,[RX] POLL:2 | RSSI: -77 dBm | SNR: 8.75 dB | RX#: 232
09:02:10.605,S2,TX_DATA,,,,232,,,[TX] S2:DATA:232
09:02:10.644,S1,IGNORE_REPLY,,,,,,S2:DATA:232,[IGNORE] S2:DATA:232
09:02:11.179,S2,IGNORE_POLL,,,,,,POLL:1,[IGNORE] POLL:1
09:02:11.181,S1,RX_POLL,-70,8.75,233,,655,,[RX] POLL:1 | RSSI: -70 dBm | SNR: 8.75 dB | RX#: 233
09:02:11.181,S1,TX_DATA,,,,233,,,[TX] S1:DATA:233
09:02:11.223,S2,IGNORE_REPLY,,,,,,S1:DATA:233,[IGNORE] S1:DATA:233
09:02:11.254,S1,IGNORE_POLL,,,,,,POLL:2,[IGNORE] POLL:2
09:02:11.257,S2,RX_POLL,-76,9.0,233,,656,,[RX] POLL:2 | RSSI: -76 dBm | SNR: 9.00 dB | RX#: 233
09:02:11.261,S2,TX_DATA,,,,233,,,[TX] S2:DATA:233
09:02:11.300,S1,IGNORE_REPLY,,,,,,S2:DATA:233,[IGNORE] S2:DATA:233
09:02:11.834,S2,IGNORE_POLL,,,,,,POLL:1,[IGNORE] POLL:1
09:02:11.836,S1,RX_POLL,-70,8.75,234,,655,,[RX] POLL:1 | RSSI: -70 dBm | SNR: 8.75 dB | RX#: 234
09:02:11.836,S1,TX_DATA,,,,234,,,[TX] S1:DATA:234
09:02:11.879,S2,IGNORE_REPLY,,,,,,S1:DATA:234,[IGNORE] S1:DATA:234
09:02:11.910,S1,IGNORE_POLL,,,,,,POLL:2,[IGNORE] POLL:2
09:02:11.916,S2,RX_POLL,-74,8.5,234,,659,,[RX] POLL:2 | RSSI: -74 dBm | SNR: 8.50 dB | RX#: 234
09:02:11.916,S2,TX_DATA,,,,234,,,[TX] S2:DATA:234
09:02:11.955,S1,IGNORE_REPLY,,,,,,S2:DATA:234,[IGNORE] S2:DATA:234
09:02:12.489,S2,IGNORE_POLL,,,,,,POLL:1,[IGNORE] POLL:1
09:02:12.491,S1,RX_POLL,-70,8.75,235,,655,,[RX] POLL:1 | RSSI: -70 dBm | SNR: 8.75 dB | RX#: 235
09:02:12.492,S1,TX_DATA,,,,235,,,[TX] S1:DATA:235
09:02:12.534,S2,IGNORE_REPLY,,,,,,S1:DATA:235,[IGNORE] S1:DATA:235
09:02:12.565,S1,IGNORE_POLL,,,,,,POLL:2,[IGNORE] POLL:2
09:02:12.571,S2,RX_POLL,-76,8.75,235,,655,,[RX] POLL:2 | RSSI: -76 dBm | SNR: 8.75 dB | RX#: 235
09:02:12.571,S2,TX_DATA,,,,235,,,[TX] S2:DATA:235
09:02:12.610,S1,IGNORE_REPLY,,,,,,S2:DATA:235,[IGNORE] S2:DATA:235
09:02:13.145,S2,IGNORE_POLL,,,,,,POLL:1,[IGNORE] POLL:1
09:02:13.147,S1,RX_POLL,-71,8.5,236,,656,,[RX] POLL:1 | RSSI: -71 dBm | SNR: 8.50 dB | RX#: 236
09:02:13.151,S1,TX_DATA,,,,236,,,[TX] S1:DATA:236
09:02:13.190,S2,IGNORE_REPLY,,,,,,S1:DATA:236,[IGNORE] S1:DATA:236
09:02:13.220,S1,IGNORE_POLL,,,,,,POLL:2,[IGNORE] POLL:2
09:02:13.226,S2,RX_POLL,-77,8.5,236,,655,,[RX] POLL:2 | RSSI: -77 dBm | SNR: 8.50 dB | RX#: 236
09:02:13.227,S2,TX_DATA,,,,236,,,[TX] S2:DATA:236
09:02:13.265,S1,IGNORE_REPLY,,,,,,S2:DATA:236,[IGNORE] S2:DATA:236
09:02:13.800,S2,IGNORE_POLL,,,,,,POLL:1,[IGNORE] POLL:1
09:02:13.803,S1,RX_POLL,-70,9.0,237,,656,,[RX] POLL:1 | RSSI: -70 dBm | SNR: 9.00 dB | RX#: 237
09:02:13.806,S1,TX_DATA,,,,237,,,[TX] S1:DATA:237
09:02:13.845,S2,IGNORE_REPLY,,,,,,S1:DATA:237,[IGNORE] S1:DATA:237
09:02:13.876,S1,IGNORE_POLL,,,,,,POLL:2,[IGNORE] POLL:2
09:02:13.882,S2,RX_POLL,-76,9.0,237,,655,,[RX] POLL:2 | RSSI: -76 dBm | SNR: 9.00 dB | RX#: 237
09:02:13.882,S2,TX_DATA,,,,237,,,[TX] S2:DATA:237
09:02:13.924,S1,IGNORE_REPLY,,,,,,S2:DATA:237,[IGNORE] S2:DATA:237
09:02:14.455,S2,IGNORE_POLL,,,,,,POLL:1,[IGNORE] POLL:1
09:02:14.458,S1,RX_POLL,-71,9.0,238,,655,,[RX] POLL:1 | RSSI: -71 dBm | SNR: 9.00 dB | RX#: 238
09:02:14.461,S1,TX_DATA,,,,238,,,[TX] S1:DATA:238
09:02:14.500,S2,IGNORE_REPLY,,,,,,S1:DATA:238,[IGNORE] S1:DATA:238
09:02:14.535,S1,IGNORE_POLL,,,,,,POLL:2,[IGNORE] POLL:2
09:02:14.537,S2,RX_POLL,-76,8.75,238,,655,,[RX] POLL:2 | RSSI: -76 dBm | SNR: 8.75 dB | RX#: 238
09:02:14.537,S2,TX_DATA,,,,238,,,[TX] S2:DATA:238
09:02:14.582,S1,IGNORE_REPLY,,,,,,S2:DATA:238,[IGNORE] S2:DATA:238
09:02:15.111,S2,IGNORE_POLL,,,,,,POLL:1,[IGNORE] POLL:1
09:02:15.113,S1,RX_POLL,-71,9.0,239,,655,,[RX] POLL:1 | RSSI: -71 dBm | SNR: 9.00 dB | RX#: 239
09:02:15.116,S1,TX_DATA,,,,239,,,[TX] S1:DATA:239
09:02:15.155,S2,IGNORE_REPLY,,,,,,S1:DATA:239,[IGNORE] S1:DATA:239
09:02:15.190,S1,IGNORE_POLL,,,,,,POLL:2,[IGNORE] POLL:2
09:02:15.192,S2,RX_POLL,-76,9.25,239,,655,,[RX] POLL:2 | RSSI: -76 dBm | SNR: 9.25 dB | RX#: 239
09:02:15.193,S2,TX_DATA,,,,239,,,[TX] S2:DATA:239
09:02:15.235,S1,IGNORE_REPLY,,,,,,S2:DATA:239,[IGNORE] S2:DATA:239
09:02:15.766,S2,IGNORE_POLL,,,,,,POLL:1,[IGNORE] POLL:1
09:02:15.772,S1,RX_POLL,-71,8.75,240,,659,,[RX] POLL:1 | RSSI: -71 dBm | SNR: 8.75 dB | RX#: 240
09:02:15.772,S1,TX_DATA,,,,240,,,[TX] S1:DATA:240
09:02:15.811,S2,IGNORE_REPLY,,,,,,S1:DATA:240,[IGNORE] S1:DATA:240
09:02:15.845,S1,IGNORE_POLL,,,,,,POLL:2,[IGNORE] POLL:2
09:02:15.848,S2,RX_POLL,-76,9.0,240,,655,,[RX] POLL:2 | RSSI: -76 dBm | SNR: 9.00 dB | RX#: 240
09:02:15.848,S2,TX_DATA,,,,240,,,[TX] S2:DATA:240
09:02:15.890,S1,IGNORE_REPLY,,,,,,S2:DATA:240,[IGNORE] S2:DATA:240
09:02:16.421,S2,IGNORE_POLL,,,,,,POLL:1,[IGNORE] POLL:1
09:02:16.428,S1,RX_POLL,-71,9.0,241,,656,,[RX] POLL:1 | RSSI: -71 dBm | SNR: 9.00 dB | RX#: 241
09:02:16.428,S1,TX_DATA,,,,241,,,[TX] S1:DATA:241
09:02:16.466,S2,IGNORE_REPLY,,,,,,S1:DATA:241,[IGNORE] S1:DATA:241
09:02:16.501,S1,IGNORE_POLL,,,,,,POLL:2,[IGNORE] POLL:2
09:02:16.503,S2,RX_POLL,-76,8.75,241,,655,,[RX] POLL:2 | RSSI: -76 dBm | SNR: 8.75 dB | RX#: 241
09:02:16.503,S2,TX_DATA,,,,241,,,[TX] S2:DATA:241
09:02:16.546,S1,IGNORE_REPLY,,,,,,S2:DATA:241,[IGNORE] S2:DATA:241
09:02:17.076,S2,IGNORE_POLL,,,,,,POLL:1,[IGNORE] POLL:1
09:02:17.082,S1,RX_POLL,-71,9.0,242,,655,,[RX] POLL:1 | RSSI: -71 dBm | SNR: 9.00 dB | RX#: 242
09:02:17.083,S1,TX_DATA,,,,242,,,[TX] S1:DATA:242
09:02:17.121,S2,IGNORE_REPLY,,,,,,S1:DATA:242,[IGNORE] S1:DATA:242
09:02:17.156,S1,IGNORE_POLL,,,,,,POLL:2,[IGNORE] POLL:2
09:02:17.158,S2,RX_POLL,-75,9.0,242,,655,,[RX] POLL:2 | RSSI: -75 dBm | SNR: 9.00 dB | RX#: 242
09:02:17.162,S2,TX_DATA,,,,242,,,[TX] S2:DATA:242
09:02:17.201,S1,IGNORE_REPLY,,,,,,S2:DATA:242,[IGNORE] S2:DATA:242
09:02:17.732,S2,IGNORE_POLL,,,,,,POLL:1,[IGNORE] POLL:1
09:02:17.738,S1,RX_POLL,-70,9.0,243,,655,,[RX] POLL:1 | RSSI: -70 dBm | SNR: 9.00 dB | RX#: 243
09:02:17.738,S1,TX_DATA,,,,243,,,[TX] S1:DATA:243
09:02:17.777,S2,IGNORE_REPLY,,,,,,S1:DATA:243,[IGNORE] S1:DATA:243
09:02:17.812,S1,IGNORE_POLL,,,,,,POLL:2,[IGNORE] POLL:2
09:02:17.814,S2,RX_POLL,-77,8.75,243,,656,,[RX] POLL:2 | RSSI: -77 dBm | SNR: 8.75 dB | RX#: 243
09:02:17.817,S2,TX_DATA,,,,243,,,[TX] S2:DATA:243
09:02:17.857,S1,IGNORE_REPLY,,,,,,S2:DATA:243,[IGNORE] S2:DATA:243
09:02:18.391,S2,IGNORE_POLL,,,,,,POLL:1,[IGNORE] POLL:1
09:02:18.394,S1,RX_POLL,-71,8.75,244,,656,,[RX] POLL:1 | RSSI: -71 dBm | SNR: 8.75 dB | RX#: 244
09:02:18.394,S1,TX_DATA,,,,244,,,[TX] S1:DATA:244
09:02:18.436,S2,IGNORE_REPLY,,,,,,S1:DATA:244,[IGNORE] S1:DATA:244
09:02:18.467,S1,IGNORE_POLL,,,,,,POLL:2,[IGNORE] POLL:2
09:02:18.470,S2,RX_POLL,-76,9.0,244,,655,,[RX] POLL:2 | RSSI: -76 dBm | SNR: 9.00 dB | RX#: 244
09:02:18.473,S2,TX_DATA,,,,244,,,[TX] S2:DATA:244
09:02:18.512,S1,IGNORE_REPLY,,,,,,S2:DATA:244,[IGNORE] S2:DATA:244
09:02:19.046,S2,IGNORE_POLL,,,,,,POLL:1,[IGNORE] POLL:1
09:02:19.049,S1,RX_POLL,-71,8.75,245,,656,,[RX] POLL:1 | RSSI: -71 dBm | SNR: 8.75 dB | RX#: 245
09:02:19.050,S1,TX_DATA,,,,245,,,[TX] S1:DATA:245
09:02:19.091,S2,IGNORE_REPLY,,,,,,S1:DATA:245,[IGNORE] S1:DATA:245
09:02:19.122,S1,IGNORE_POLL,,,,,,POLL:2,[IGNORE] POLL:2
09:02:19.125,S2,RX_POLL,-76,8.75,245,,655,,[RX] POLL:2 | RSSI: -76 dBm | SNR: 8.75 dB | RX#: 245
09:02:19.128,S2,TX_DATA,,,,245,,,[TX] S2:DATA:245
09:02:19.169,S1,IGNORE_REPLY,,,,,,S2:DATA:245,[IGNORE] S2:DATA:245
09:02:19.702,S2,IGNORE_POLL,,,,,,POLL:1,[IGNORE] POLL:1
09:02:19.704,S1,RX_POLL,-70,8.75,246,,655,,[RX] POLL:1 | RSSI: -70 dBm | SNR: 8.75 dB | RX#: 246
09:02:19.704,S1,TX_DATA,,,,246,,,[TX] S1:DATA:246
09:02:19.747,S2,IGNORE_REPLY,,,,,,S1:DATA:246,[IGNORE] S1:DATA:246
09:02:19.777,S1,IGNORE_POLL,,,,,,POLL:2,[IGNORE] POLL:2
09:02:19.780,S2,RX_POLL,-76,9.0,246,,655,,[RX] POLL:2 | RSSI: -76 dBm | SNR: 9.00 dB | RX#: 246
09:02:19.784,S2,TX_DATA,,,,246,,,[TX] S2:DATA:246
09:02:19.822,S1,IGNORE_REPLY,,,,,,S2:DATA:246,[IGNORE] S2:DATA:246
09:02:20.357,S2,IGNORE_POLL,,,,,,POLL:1,[IGNORE] POLL:1
09:02:20.359,S1,RX_POLL,-70,8.75,247,,655,,[RX] POLL:1 | RSSI: -70 dBm | SNR: 8.75 dB | RX#: 247
09:02:20.359,S1,TX_DATA,,,,247,,,[TX] S1:DATA:247
09:02:20.402,S2,IGNORE_REPLY,,,,,,S1:DATA:247,[IGNORE] S1:DATA:247
09:02:20.433,S1,IGNORE_POLL,,,,,,POLL:2,[IGNORE] POLL:2
09:02:20.442,S2,RX_POLL,-77,8.75,247,,662,,[RX] POLL:2 | RSSI: -77 dBm | SNR: 8.75 dB | RX#: 247
09:02:20.442,S2,TX_DATA,,,,247,,,[TX] S2:DATA:247
09:02:20.478,S1,IGNORE_REPLY,,,,,,S2:DATA:247,[IGNORE] S2:DATA:247
09:02:21.013,S2,IGNORE_POLL,,,,,,POLL:1,[IGNORE] POLL:1
09:02:21.015,S1,RX_POLL,-70,9.25,248,,656,,[RX] POLL:1 | RSSI: -70 dBm | SNR: 9.25 dB | RX#: 248
09:02:21.018,S1,TX_DATA,,,,248,,,[TX] S1:DATA:248
09:02:21.057,S2,IGNORE_REPLY,,,,,,S1:DATA:248,[IGNORE] S1:DATA:248
09:02:21.089,S1,IGNORE_POLL,,,,,,POLL:2,[IGNORE] POLL:2
09:02:21.095,S2,RX_POLL,-77,9.0,248,,653,,[RX] POLL:2 | RSSI: -77 dBm | SNR: 9.00 dB | RX#: 248
09:02:21.095,S2,TX_DATA,,,,248,,,[TX] S2:DATA:248
09:02:21.134,S1,IGNORE_REPLY,,,,,,S2:DATA:248,[IGNORE] S2:DATA:248
09:02:21.668,S2,IGNORE_POLL,,,,,,POLL:1,[IGNORE] POLL:1
09:02:21.670,S1,RX_POLL,-70,9.0,249,,656,,[RX] POLL:1 | RSSI: -70 dBm | SNR: 9.00 dB | RX#: 249
09:02:21.674,S1,TX_DATA,,,,249,,,[TX] S1:DATA:249
09:02:21.716,S2,IGNORE_REPLY,,,,,,S1:DATA:249,[IGNORE] S1:DATA:249
09:02:21.744,S1,IGNORE_POLL,,,,,,POLL:2,[IGNORE] POLL:2
09:02:21.750,S2,RX_POLL,-76,8.5,249,,655,,[RX] POLL:2 | RSSI: -76 dBm | SNR: 8.50 dB | RX#: 249
09:02:21.750,S2,TX_DATA,,,,249,,,[TX] S2:DATA:249
09:02:21.789,S1,IGNORE_REPLY,,,,,,S2:DATA:249,[IGNORE] S2:DATA:249
09:02:22.323,S2,IGNORE_POLL,,,,,,POLL:1,[IGNORE] POLL:1
09:02:22.325,S1,RX_POLL,-71,8.75,250,,655,,[RX] POLL:1 | RSSI: -71 dBm | SNR: 8.75 dB | RX#: 250
09:02:22.329,S1,TX_DATA,,,,250,,,[TX] S1:DATA:250
09:02:22.368,S2,IGNORE_REPLY,,,,,,S1:DATA:250,[IGNORE] S1:DATA:250
09:02:22.399,S1,IGNORE_POLL,,,,,,POLL:2,[IGNORE] POLL:2
09:02:22.405,S2,RX_POLL,-76,8.75,250,,655,,[RX] POLL:2 | RSSI: -76 dBm | SNR: 8.75 dB | RX#: 250
09:02:22.405,S2,TX_DATA,,,,250,,,[TX] S2:DATA:250
09:02:22.448,S1,IGNORE_REPLY,,,,,,S2:DATA:250,[IGNORE] S2:DATA:250
09:02:22.979,S2,IGNORE_POLL,,,,,,POLL:1,[IGNORE] POLL:1
09:02:22.981,S1,RX_POLL,-70,8.5,251,,655,,[RX] POLL:1 | RSSI: -70 dBm | SNR: 8.50 dB | RX#: 251
09:02:22.984,S1,TX_DATA,,,,251,,,[TX] S1:DATA:251
09:02:23.024,S2,IGNORE_REPLY,,,,,,S1:DATA:251,[IGNORE] S1:DATA:251
09:02:23.059,S1,IGNORE_POLL,,,,,,POLL:2,[IGNORE] POLL:2
09:02:23.061,S2,RX_POLL,-78,8.5,251,,656,,[RX] POLL:2 | RSSI: -78 dBm | SNR: 8.50 dB | RX#: 251
09:02:23.061,S2,TX_DATA,,,,251,,,[TX] S2:DATA:251
09:02:23.103,S1,IGNORE_REPLY,,,,,,S2:DATA:251,[IGNORE] S2:DATA:251
09:02:23.634,S2,IGNORE_POLL,,,,,,POLL:1,[IGNORE] POLL:1
09:02:23.636,S1,RX_POLL,-71,8.75,252,,655,,[RX] POLL:1 | RSSI: -71 dBm | SNR: 8.75 dB | RX#: 252
09:02:23.640,S1,TX_DATA,,,,252,,,[TX] S1:DATA:252
09:02:23.679,S2,IGNORE_REPLY,,,,,,S1:DATA:252,[IGNORE] S1:DATA:252
09:02:23.714,S1,IGNORE_POLL,,,,,,POLL:2,[IGNORE] POLL:2
09:02:23.716,S2,RX_POLL,-76,8.75,252,,655,,[RX] POLL:2 | RSSI: -76 dBm | SNR: 8.75 dB | RX#: 252
09:02:23.716,S2,TX_DATA,,,,252,,,[TX] S2:DATA:252
09:02:23.760,S1,IGNORE_REPLY,,,,,,S2:DATA:252,[IGNORE] S2:DATA:252
09:02:24.289,S2,IGNORE_POLL,,,,,,POLL:1,[IGNORE] POLL:1
09:02:24.295,S1,RX_POLL,-71,9.0,253,,659,,[RX] POLL:1 | RSSI: -71 dBm | SNR: 9.00 dB | RX#: 253
09:02:24.295,S1,TX_DATA,,,,253,,,[TX] S1:DATA:253
09:02:24.334,S2,IGNORE_REPLY,,,,,,S1:DATA:253,[IGNORE] S1:DATA:253
09:02:24.369,S1,IGNORE_POLL,,,,,,POLL:2,[IGNORE] POLL:2
09:02:24.371,S2,RX_POLL,-76,9.0,253,,655,,[RX] POLL:2 | RSSI: -76 dBm | SNR: 9.00 dB | RX#: 253
09:02:24.371,S2,TX_DATA,,,,253,,,[TX] S2:DATA:253
09:02:24.414,S1,IGNORE_REPLY,,,,,,S2:DATA:253,[IGNORE] S2:DATA:253
09:02:24.945,S2,IGNORE_POLL,,,,,,POLL:1,[IGNORE] POLL:1
09:02:24.951,S1,RX_POLL,-71,9.0,254,,656,,[RX] POLL:1 | RSSI: -71 dBm | SNR: 9.00 dB | RX#: 254
09:02:24.951,S1,TX_DATA,,,,254,,,[TX] S1:DATA:254
09:02:24.990,S2,IGNORE_REPLY,,,,,,S1:DATA:254,[IGNORE] S1:DATA:254
09:02:25.027,S1,IGNORE_POLL,,,,,,POLL:2,[IGNORE] POLL:2
09:02:25.028,S2,RX_POLL,-76,9.0,254,,657,,[RX] POLL:2 | RSSI: -76 dBm | SNR: 9.00 dB | RX#: 254
09:02:25.028,S2,TX_DATA,,,,254,,,[TX] S2:DATA:254
09:02:25.069,S1,IGNORE_REPLY,,,,,,S2:DATA:254,[IGNORE] S2:DATA:254
09:02:25.600,S2,IGNORE_POLL,,,,,,POLL:1,[IGNORE] POLL:1
09:02:25.606,S1,RX_POLL,-71,9.25,255,,655,,[RX] POLL:1 | RSSI: -71 dBm | SNR: 9.25 dB | RX#: 255
09:02:25.606,S1,TX_DATA,,,,255,,,[TX] S1:DATA:255
09:02:25.645,S2,IGNORE_REPLY,,,,,,S1:DATA:255,[IGNORE] S1:DATA:255
09:02:25.680,S1,IGNORE_POLL,,,,,,POLL:2,[IGNORE] POLL:2
09:02:25.682,S2,RX_POLL,-77,9.0,255,,654,,[RX] POLL:2 | RSSI: -77 dBm | SNR: 9.00 dB | RX#: 255
09:02:25.686,S2,TX_DATA,,,,255,,,[TX] S2:DATA:255
09:02:25.724,S1,IGNORE_REPLY,,,,,,S2:DATA:255,[IGNORE] S2:DATA:255
09:02:26.255,S2,IGNORE_POLL,,,,,,POLL:1,[IGNORE] POLL:1
09:02:26.261,S1,RX_POLL,-71,8.75,256,,655,,[RX] POLL:1 | RSSI: -71 dBm | SNR: 8.75 dB | RX#: 256
09:02:26.261,S1,TX_DATA,,,,256,,,[TX] S1:DATA:256
09:02:26.301,S2,IGNORE_REPLY,,,,,,S1:DATA:256,[IGNORE] S1:DATA:256
09:02:26.335,S1,IGNORE_POLL,,,,,,POLL:2,[IGNORE] POLL:2
09:02:26.337,S2,RX_POLL,-77,9.0,256,,655,,[RX] POLL:2 | RSSI: -77 dBm | SNR: 9.00 dB | RX#: 256
09:02:26.341,S2,TX_DATA,,,,256,,,[TX] S2:DATA:256
09:02:26.380,S1,IGNORE_REPLY,,,,,,S2:DATA:256,[IGNORE] S2:DATA:256
09:02:26.914,S2,IGNORE_POLL,,,,,,POLL:1,[IGNORE] POLL:1
09:02:26.916,S1,RX_POLL,-71,9.0,257,,655,,[RX] POLL:1 | RSSI: -71 dBm | SNR: 9.00 dB | RX#: 257
09:02:26.917,S1,TX_DATA,,,,257,,,[TX] S1:DATA:257
09:02:26.959,S2,IGNORE_REPLY,,,,,,S1:DATA:257,[IGNORE] S1:DATA:257
09:02:26.990,S1,IGNORE_POLL,,,,,,POLL:2,[IGNORE] POLL:2
09:02:26.993,S2,RX_POLL,-78,9.0,257,,655,,[RX] POLL:2 | RSSI: -78 dBm | SNR: 9.00 dB | RX#: 257
09:02:26.996,S2,TX_DATA,,,,257,,,[TX] S2:DATA:257
09:02:27.035,S1,IGNORE_REPLY,,,,,,S2:DATA:257,[IGNORE] S2:DATA:257
09:02:27.570,S2,IGNORE_POLL,,,,,,POLL:1,[IGNORE] POLL:1
09:02:27.575,S1,RX_POLL,-71,8.75,258,,658,,[RX] POLL:1 | RSSI: -71 dBm | SNR: 8.75 dB | RX#: 258
09:02:27.575,S1,TX_DATA,,,,258,,,[TX] S1:DATA:258
09:02:27.615,S2,IGNORE_REPLY,,,,,,S1:DATA:258,[IGNORE] S1:DATA:258
09:02:27.646,S1,IGNORE_POLL,,,,,,POLL:2,[IGNORE] POLL:2
09:02:27.648,S2,RX_POLL,-81,9.25,258,,655,,[RX] POLL:2 | RSSI: -81 dBm | SNR: 9.25 dB | RX#: 258
09:02:27.652,S2,TX_DATA,,,,258,,,[TX] S2:DATA:258
09:02:27.691,S1,IGNORE_REPLY,,,,,,S2:DATA:258,[IGNORE] S2:DATA:258
09:02:28.225,S2,IGNORE_POLL,,,,,,POLL:1,[IGNORE] POLL:1
09:02:28.228,S1,RX_POLL,-71,8.5,259,,653,,[RX] POLL:1 | RSSI: -71 dBm | SNR: 8.50 dB | RX#: 259
09:02:28.228,S1,TX_DATA,,,,259,,,[TX] S1:DATA:259
09:02:28.270,S2,IGNORE_REPLY,,,,,,S1:DATA:259,[IGNORE] S1:DATA:259
09:02:28.301,S1,IGNORE_POLL,,,,,,POLL:2,[IGNORE] POLL:2
09:02:28.303,S2,RX_POLL,-83,9.0,259,,655,,[RX] POLL:2 | RSSI: -83 dBm | SNR: 9.00 dB | RX#: 259
09:02:28.307,S2,TX_DATA,,,,259,,,[TX] S2:DATA:259
09:02:28.346,S1,IGNORE_REPLY,,,,,,S2:DATA:259,[IGNORE] S2:DATA:259
09:02:28.880,S2,IGNORE_POLL,,,,,,POLL:1,[IGNORE] POLL:1
09:02:28.883,S1,RX_POLL,-71,8.75,260,,655,,[RX] POLL:1 | RSSI: -71 dBm | SNR: 8.75 dB | RX#: 260
09:02:28.883,S1,TX_DATA,,,,260,,,[TX] S1:DATA:260
09:02:28.926,S2,IGNORE_REPLY,,,,,,S1:DATA:260,[IGNORE] S1:DATA:260
09:02:28.956,S1,IGNORE_POLL,,,,,,POLL:2,[IGNORE] POLL:2
09:02:28.962,S2,RX_POLL,-83,9.0,260,,659,,[RX] POLL:2 | RSSI: -83 dBm | SNR: 9.00 dB | RX#: 260
09:02:28.963,S2,TX_DATA,,,,260,,,[TX] S2:DATA:260
09:02:29.002,S1,IGNORE_REPLY,,,,,,S2:DATA:260,[IGNORE] S2:DATA:260
09:02:29.536,S2,IGNORE_POLL,,,,,,POLL:1,[IGNORE] POLL:1
09:02:29.538,S1,RX_POLL,-72,8.75,261,,655,,[RX] POLL:1 | RSSI: -72 dBm | SNR: 8.75 dB | RX#: 261
09:02:29.541,S1,TX_DATA,,,,261,,,[TX] S1:DATA:261
09:02:29.581,S2,IGNORE_REPLY,,,,,,S1:DATA:261,[IGNORE] S1:DATA:261
09:02:29.612,S1,IGNORE_POLL,,,,,,POLL:2,[IGNORE] POLL:2
09:02:29.617,S2,RX_POLL,-81,9.0,261,,655,,[RX] POLL:2 | RSSI: -81 dBm | SNR: 9.00 dB | RX#: 261
09:02:29.618,S2,TX_DATA,,,,261,,,[TX] S2:DATA:261
09:02:29.656,S1,IGNORE_REPLY,,,,,,S2:DATA:261,[IGNORE] S2:DATA:261
09:02:30.191,S2,IGNORE_POLL,,,,,,POLL:1,[IGNORE] POLL:1
09:02:30.193,S1,RX_POLL,-72,8.75,262,,655,,[RX] POLL:1 | RSSI: -72 dBm | SNR: 8.75 dB | RX#: 262
09:02:30.197,S1,TX_DATA,,,,262,,,[TX] S1:DATA:262
09:02:30.236,S2,IGNORE_REPLY,,,,,,S1:DATA:262,[IGNORE] S1:DATA:262
09:02:30.267,S1,IGNORE_POLL,,,,,,POLL:2,[IGNORE] POLL:2
09:02:30.274,S2,RX_POLL,-78,9.0,262,,656,,[RX] POLL:2 | RSSI: -78 dBm | SNR: 9.00 dB | RX#: 262
09:02:30.274,S2,TX_DATA,,,,262,,,[TX] S2:DATA:262
09:02:30.316,S1,IGNORE_REPLY,,,,,,S2:DATA:262,[IGNORE] S2:DATA:262
09:02:30.847,S2,IGNORE_POLL,,,,,,POLL:1,[IGNORE] POLL:1
09:02:30.849,S1,RX_POLL,-72,9.25,263,,655,,[RX] POLL:1 | RSSI: -72 dBm | SNR: 9.25 dB | RX#: 263
09:02:30.853,S1,TX_DATA,,,,263,,,[TX] S1:DATA:263
09:02:30.891,S2,IGNORE_REPLY,,,,,,S1:DATA:263,[IGNORE] S1:DATA:263
09:02:30.926,S1,IGNORE_POLL,,,,,,POLL:2,[IGNORE] POLL:2
09:02:30.928,S2,RX_POLL,-83,8.75,263,,655,,[RX] POLL:2 | RSSI: -83 dBm | SNR: 8.75 dB | RX#: 263
09:02:30.929,S2,TX_DATA,,,,263,,,[TX] S2:DATA:263
09:02:30.971,S1,IGNORE_REPLY,,,,,,S2:DATA:263,[IGNORE] S2:DATA:263
09:02:31.502,S2,IGNORE_POLL,,,,,,POLL:1,[IGNORE] POLL:1
09:02:31.504,S1,RX_POLL,-72,8.75,264,,655,,[RX] POLL:1 | RSSI: -72 dBm | SNR: 8.75 dB | RX#: 264
09:02:31.508,S1,TX_DATA,,,,264,,,[TX] S1:DATA:264
09:02:31.547,S2,IGNORE_REPLY,,,,,,S1:DATA:264,[IGNORE] S1:DATA:264
09:02:31.581,S1,IGNORE_POLL,,,,,,POLL:2,[IGNORE] POLL:2
09:02:31.584,S2,RX_POLL,-82,8.75,264,,655,,[RX] POLL:2 | RSSI: -82 dBm | SNR: 8.75 dB | RX#: 264
09:02:31.584,S2,TX_DATA,,,,264,,,[TX] S2:DATA:264
09:02:31.626,S1,IGNORE_REPLY,,,,,,S2:DATA:264,[IGNORE] S2:DATA:264
09:02:32.158,S2,IGNORE_POLL,,,,,,POLL:1,[IGNORE] POLL:1
09:02:32.163,S1,RX_POLL,-71,8.75,265,,659,,[RX] POLL:1 | RSSI: -71 dBm | SNR: 8.75 dB | RX#: 265
09:02:32.163,S1,TX_DATA,,,,265,,,[TX] S1:DATA:265
09:02:32.203,S2,IGNORE_REPLY,,,,,,S1:DATA:265,[IGNORE] S1:DATA:265
09:02:32.237,S1,IGNORE_POLL,,,,,,POLL:2,[IGNORE] POLL:2
09:02:32.240,S2,RX_POLL,-82,9.0,265,,656,,[RX] POLL:2 | RSSI: -82 dBm | SNR: 9.00 dB | RX#: 265
09:02:32.240,S2,TX_DATA,,,,265,,,[TX] S2:DATA:265
09:02:32.282,S1,IGNORE_REPLY,,,,,,S2:DATA:265,[IGNORE] S2:DATA:265
09:02:32.813,S2,IGNORE_POLL,,,,,,POLL:1,[IGNORE] POLL:1
09:02:32.819,S1,RX_POLL,-72,8.75,266,,656,,[RX] POLL:1 | RSSI: -72 dBm | SNR: 8.75 dB | RX#: 266
09:02:32.819,S1,TX_DATA,,,,266,,,[TX] S1:DATA:266
09:02:32.858,S2,IGNORE_REPLY,,,,,,S1:DATA:266,[IGNORE] S1:DATA:266
09:02:32.892,S1,IGNORE_POLL,,,,,,POLL:2,[IGNORE] POLL:2
09:02:32.895,S2,RX_POLL,-81,8.75,266,,655,,[RX] POLL:2 | RSSI: -81 dBm | SNR: 8.75 dB | RX#: 266
09:02:32.895,S2,TX_DATA,,,,266,,,[TX] S2:DATA:266
09:02:32.937,S1,IGNORE_REPLY,,,,,,S2:DATA:266,[IGNORE] S2:DATA:266
09:02:33.468,S2,IGNORE_POLL,,,,,,POLL:1,[IGNORE] POLL:1
09:02:33.474,S1,RX_POLL,-71,8.75,267,,655,,[RX] POLL:1 | RSSI: -71 dBm | SNR: 8.75 dB | RX#: 267
09:02:33.474,S1,TX_DATA,,,,267,,,[TX] S1:DATA:267
09:02:33.513,S2,IGNORE_REPLY,,,,,,S1:DATA:267,[IGNORE] S1:DATA:267
09:02:33.547,S1,IGNORE_POLL,,,,,,POLL:2,[IGNORE] POLL:2
09:02:33.550,S2,RX_POLL,-81,8.75,267,,655,,[RX] POLL:2 | RSSI: -81 dBm | SNR: 8.75 dB | RX#: 267
09:02:33.554,S2,TX_DATA,,,,267,,,[TX] S2:DATA:267
09:02:33.592,S1,IGNORE_REPLY,,,,,,S2:DATA:267,[IGNORE] S2:DATA:267
09:02:34.123,S2,IGNORE_POLL,,,,,,POLL:1,[IGNORE] POLL:1
09:02:34.129,S1,RX_POLL,-71,9.0,268,,655,,[RX] POLL:1 | RSSI: -71 dBm | SNR: 9.00 dB | RX#: 268
09:02:34.129,S1,TX_DATA,,,,268,,,[TX] S1:DATA:268
09:02:34.168,S2,IGNORE_REPLY,,,,,,S1:DATA:268,[IGNORE] S1:DATA:268
09:02:34.203,S1,IGNORE_POLL,,,,,,POLL:2,[IGNORE] POLL:2
09:02:34.205,S2,RX_POLL,-83,9.0,268,,655,,[RX] POLL:2 | RSSI: -83 dBm | SNR: 9.00 dB | RX#: 268
09:02:34.209,S2,TX_DATA,,,,268,,,[TX] S2:DATA:268
09:02:34.248,S1,IGNORE_REPLY,,,,,,S2:DATA:268,[IGNORE] S2:DATA:268
09:02:34.782,S2,IGNORE_POLL,,,,,,POLL:1,[IGNORE] POLL:1
09:02:34.784,S1,RX_POLL,-72,8.75,269,,655,,[RX] POLL:1 | RSSI: -72 dBm | SNR: 8.75 dB | RX#: 269
09:02:34.785,S1,TX_DATA,,,,269,,,[TX] S1:DATA:269
09:02:34.827,S2,IGNORE_REPLY,,,,,,S1:DATA:269,[IGNORE] S1:DATA:269
09:02:34.858,S1,IGNORE_POLL,,,,,,POLL:2,[IGNORE] POLL:2
09:02:34.860,S2,RX_POLL,-83,9.5,269,,655,,[RX] POLL:2 | RSSI: -83 dBm | SNR: 9.50 dB | RX#: 269
09:02:34.864,S2,TX_DATA,,,,269,,,[TX] S2:DATA:269
09:02:34.903,S1,IGNORE_REPLY,,,,,,S2:DATA:269,[IGNORE] S2:DATA:269
09:02:35.438,S2,IGNORE_POLL,,,,,,POLL:1,[IGNORE] POLL:1
09:02:35.440,S1,RX_POLL,-72,8.75,270,,655,,[RX] POLL:1 | RSSI: -72 dBm | SNR: 8.75 dB | RX#: 270
09:02:35.440,S1,TX_DATA,,,,270,,,[TX] S1:DATA:270
09:02:35.483,S2,IGNORE_REPLY,,,,,,S1:DATA:270,[IGNORE] S1:DATA:270
09:02:35.514,S1,IGNORE_POLL,,,,,,POLL:2,[IGNORE] POLL:2
09:02:35.516,S2,RX_POLL,-84,8.75,270,,656,,[RX] POLL:2 | RSSI: -84 dBm | SNR: 8.75 dB | RX#: 270
09:02:35.520,S2,TX_DATA,,,,270,,,[TX] S2:DATA:270
09:02:35.558,S1,IGNORE_REPLY,,,,,,S2:DATA:270,[IGNORE] S2:DATA:270
09:02:36.093,S2,IGNORE_POLL,,,,,,POLL:1,[IGNORE] POLL:1
09:02:36.095,S1,RX_POLL,-72,8.5,271,,655,,[RX] POLL:1 | RSSI: -72 dBm | SNR: 8.50 dB | RX#: 271
09:02:36.095,S1,TX_DATA,,,,271,,,[TX] S1:DATA:271
09:02:36.138,S2,IGNORE_REPLY,,,,,,S1:DATA:271,[IGNORE] S1:DATA:271
09:02:36.169,S1,IGNORE_POLL,,,,,,POLL:2,[IGNORE] POLL:2
09:02:36.172,S2,RX_POLL,-83,8.75,271,,655,,[RX] POLL:2 | RSSI: -83 dBm | SNR: 8.75 dB | RX#: 271
09:02:36.175,S2,TX_DATA,,,,271,,,[TX] S2:DATA:271
09:02:36.214,S1,IGNORE_REPLY,,,,,,S2:DATA:271,[IGNORE] S2:DATA:271
09:02:36.748,S2,IGNORE_POLL,,,,,,POLL:1,[IGNORE] POLL:1
09:02:36.750,S1,RX_POLL,-71,8.75,272,,655,,[RX] POLL:1 | RSSI: -71 dBm | SNR: 8.75 dB | RX#: 272
09:02:36.751,S1,TX_DATA,,,,272,,,[TX] S1:DATA:272
09:02:36.793,S2,IGNORE_REPLY,,,,,,S1:DATA:272,[IGNORE] S1:DATA:272
09:02:36.824,S1,IGNORE_POLL,,,,,,POLL:2,[IGNORE] POLL:2
09:02:36.830,S2,RX_POLL,-82,8.75,272,,658,,[RX] POLL:2 | RSSI: -82 dBm | SNR: 8.75 dB | RX#: 272
09:02:36.831,S2,TX_DATA,,,,272,,,[TX] S2:DATA:272
09:02:36.869,S1,IGNORE_REPLY,,,,,,S2:DATA:272,[IGNORE] S2:DATA:272
09:02:37.404,S2,IGNORE_POLL,,,,,,POLL:1,[IGNORE] POLL:1
09:02:37.406,S1,RX_POLL,-72,9.0,273,,656,,[RX] POLL:1 | RSSI: -72 dBm | SNR: 9.00 dB | RX#: 273
09:02:37.409,S1,TX_DATA,,,,273,,,[TX] S1:DATA:273
09:02:37.449,S2,IGNORE_REPLY,,,,,,S1:DATA:273,[IGNORE] S1:DATA:273
09:02:37.479,S1,IGNORE_POLL,,,,,,POLL:2,[IGNORE] POLL:2
09:02:37.486,S2,RX_POLL,-88,8.75,273,,655,,[RX] POLL:2 | RSSI: -88 dBm | SNR: 8.75 dB | RX#: 273
09:02:37.486,S2,TX_DATA,,,,273,,,[TX] S2:DATA:273
09:02:37.524,S1,IGNORE_REPLY,,,,,,S2:DATA:273,[IGNORE] S2:DATA:273
09:02:38.060,S2,IGNORE_POLL,,,,,,POLL:1,[IGNORE] POLL:1
09:02:38.061,S1,RX_POLL,-71,8.75,274,,655,,[RX] POLL:1 | RSSI: -71 dBm | SNR: 8.75 dB | RX#: 274
09:02:38.065,S1,TX_DATA,,,,274,,,[TX] S1:DATA:274
09:02:38.104,S2,IGNORE_REPLY,,,,,,S1:DATA:274,[IGNORE] S1:DATA:274
09:02:38.135,S1,IGNORE_POLL,,,,,,POLL:2,[IGNORE] POLL:2
09:02:38.141,S2,RX_POLL,-74,8.75,274,,656,,[RX] POLL:2 | RSSI: -74 dBm | SNR: 8.75 dB | RX#: 274
09:02:38.142,S2,TX_DATA,,,,274,,,[TX] S2:DATA:274
09:02:38.180,S1,IGNORE_REPLY,,,,,,S2:DATA:274,[IGNORE] S2:DATA:274
09:02:38.715,S2,IGNORE_POLL,,,,,,POLL:1,[IGNORE] POLL:1
09:02:38.717,S1,RX_POLL,-71,9.25,275,,656,,[RX] POLL:1 | RSSI: -71 dBm | SNR: 9.25 dB | RX#: 275
09:02:38.720,S1,TX_DATA,,,,275,,,[TX] S1:DATA:275
09:02:38.760,S2,IGNORE_REPLY,,,,,,S1:DATA:275,[IGNORE] S1:DATA:275
09:02:38.794,S1,IGNORE_POLL,,,,,,POLL:2,[IGNORE] POLL:2
09:02:38.796,S2,RX_POLL,-80,9.0,275,,655,,[RX] POLL:2 | RSSI: -80 dBm | SNR: 9.00 dB | RX#: 275
09:02:38.797,S2,TX_DATA,,,,275,,,[TX] S2:DATA:275
09:02:38.839,S1,IGNORE_REPLY,,,,,,S2:DATA:275,[IGNORE] S2:DATA:275
09:02:39.370,S2,IGNORE_POLL,,,,,,POLL:1,[IGNORE] POLL:1
09:02:39.372,S1,RX_POLL,-72,8.75,276,,655,,[RX] POLL:1 | RSSI: -72 dBm | SNR: 8.75 dB | RX#: 276
09:02:39.375,S1,TX_DATA,,,,276,,,[TX] S1:DATA:276
09:02:39.415,S2,IGNORE_REPLY,,,,,,S1:DATA:276,[IGNORE] S1:DATA:276
09:02:39.449,S1,IGNORE_POLL,,,,,,POLL:2,[IGNORE] POLL:2
09:02:39.452,S2,RX_POLL,-81,9.0,276,,655,,[RX] POLL:2 | RSSI: -81 dBm | SNR: 9.00 dB | RX#: 276
09:02:39.452,S2,TX_DATA,,,,276,,,[TX] S2:DATA:276
09:02:39.494,S1,IGNORE_REPLY,,,,,,S2:DATA:276,[IGNORE] S2:DATA:276
09:02:40.025,S2,IGNORE_POLL,,,,,,POLL:1,[IGNORE] POLL:1
09:02:40.027,S1,RX_POLL,-71,8.75,277,,655,,[RX] POLL:1 | RSSI: -71 dBm | SNR: 8.75 dB | RX#: 277
09:02:40.031,S1,TX_DATA,,,,277,,,[TX] S1:DATA:277
09:02:40.070,S2,IGNORE_REPLY,,,,,,S1:DATA:277,[IGNORE] S1:DATA:277
09:02:40.105,S1,IGNORE_POLL,,,,,,POLL:2,[IGNORE] POLL:2
09:02:40.107,S2,RX_POLL,-77,8.75,277,,655,,[RX] POLL:2 | RSSI: -77 dBm | SNR: 8.75 dB | RX#: 277
09:02:40.108,S2,TX_DATA,,,,277,,,[TX] S2:DATA:277
09:02:40.150,S1,IGNORE_REPLY,,,,,,S2:DATA:277,[IGNORE] S2:DATA:277
09:02:40.680,S2,IGNORE_POLL,,,,,,POLL:1,[IGNORE] POLL:1
09:02:40.686,S1,RX_POLL,-70,8.5,278,,659,,[RX] POLL:1 | RSSI: -70 dBm | SNR: 8.50 dB | RX#: 278
09:02:40.686,S1,TX_DATA,,,,278,,,[TX] S1:DATA:278
09:02:40.725,S2,IGNORE_REPLY,,,,,,S1:DATA:278,[IGNORE] S1:DATA:278
09:02:40.760,S1,IGNORE_POLL,,,,,,POLL:2,[IGNORE] POLL:2
09:02:40.763,S2,RX_POLL,-80,8.75,278,,656,,[RX] POLL:2 | RSSI: -80 dBm | SNR: 8.75 dB | RX#: 278
09:02:40.763,S2,TX_DATA,,,,278,,,[TX] S2:DATA:278
09:02:40.805,S1,IGNORE_REPLY,,,,,,S2:DATA:278,[IGNORE] S2:DATA:278
09:02:41.337,S2,IGNORE_POLL,,,,,,POLL:1,[IGNORE] POLL:1
09:02:41.342,S1,RX_POLL,-70,8.75,279,,655,,[RX] POLL:1 | RSSI: -70 dBm | SNR: 8.75 dB | RX#: 279
09:02:41.342,S1,TX_DATA,,,,279,,,[TX] S1:DATA:279
09:02:41.381,S2,IGNORE_REPLY,,,,,,S1:DATA:279,[IGNORE] S1:DATA:279
09:02:41.416,S1,IGNORE_POLL,,,,,,POLL:2,[IGNORE] POLL:2
09:02:41.418,S2,RX_POLL,-83,8.75,279,,656,,[RX] POLL:2 | RSSI: -83 dBm | SNR: 8.75 dB | RX#: 279
09:02:41.419,S2,TX_DATA,,,,279,,,[TX] S2:DATA:279
09:02:41.460,S1,IGNORE_REPLY,,,,,,S2:DATA:279,[IGNORE] S2:DATA:279
09:02:41.991,S2,IGNORE_POLL,,,,,,POLL:1,[IGNORE] POLL:1
09:02:41.997,S1,RX_POLL,-70,8.5,280,,655,,[RX] POLL:1 | RSSI: -70 dBm | SNR: 8.50 dB | RX#: 280
09:02:41.997,S1,TX_DATA,,,,280,,,[TX] S1:DATA:280
09:02:42.036,S2,IGNORE_REPLY,,,,,,S1:DATA:280,[IGNORE] S1:DATA:280
09:02:42.071,S1,IGNORE_POLL,,,,,,POLL:2,[IGNORE] POLL:2
09:02:42.073,S2,RX_POLL,-81,9.0,280,,655,,[RX] POLL:2 | RSSI: -81 dBm | SNR: 9.00 dB | RX#: 280
09:02:42.077,S2,TX_DATA,,,,280,,,[TX] S2:DATA:280
09:02:42.116,S1,IGNORE_REPLY,,,,,,S2:DATA:280,[IGNORE] S2:DATA:280
09:02:42.646,S2,IGNORE_POLL,,,,,,POLL:1,[IGNORE] POLL:1
09:02:42.652,S1,RX_POLL,-70,8.75,281,,656,,[RX] POLL:1 | RSSI: -70 dBm | SNR: 8.75 dB | RX#: 281
09:02:42.653,S1,TX_DATA,,,,281,,,[TX] S1:DATA:281
09:02:42.695,S2,IGNORE_REPLY,,,,,,S1:DATA:281,[IGNORE] S1:DATA:281
09:02:42.726,S1,IGNORE_POLL,,,,,,POLL:2,[IGNORE] POLL:2
09:02:42.728,S2,RX_POLL,-81,8.75,281,,655,,[RX] POLL:2 | RSSI: -81 dBm | SNR: 8.75 dB | RX#: 281
09:02:42.732,S2,TX_DATA,,,,281,,,[TX] S2:DATA:281
09:02:42.771,S1,IGNORE_REPLY,,,,,,S2:DATA:281,[IGNORE] S2:DATA:281
09:02:43.306,S2,IGNORE_POLL,,,,,,POLL:1,[IGNORE] POLL:1
09:02:43.308,S1,RX_POLL,-70,9.0,282,,656,,[RX] POLL:1 | RSSI: -70 dBm | SNR: 9.00 dB | RX#: 282
09:02:43.309,S1,TX_DATA,,,,282,,,[TX] S1:DATA:282
09:02:43.351,S2,IGNORE_REPLY,,,,,,S1:DATA:282,[IGNORE] S1:DATA:282
09:02:43.381,S1,IGNORE_POLL,,,,,,POLL:2,[IGNORE] POLL:2
09:02:43.384,S2,RX_POLL,-80,8.75,282,,655,,[RX] POLL:2 | RSSI: -80 dBm | SNR: 8.75 dB | RX#: 282
09:02:43.387,S2,TX_DATA,,,,282,,,[TX] S2:DATA:282
09:02:43.426,S1,IGNORE_REPLY,,,,,,S2:DATA:282,[IGNORE] S2:DATA:282
09:02:43.961,S2,IGNORE_POLL,,,,,,POLL:1,[IGNORE] POLL:1
09:02:43.964,S1,RX_POLL,-70,9.0,283,,655,,[RX] POLL:1 | RSSI: -70 dBm | SNR: 9.00 dB | RX#: 283
09:02:43.964,S1,TX_DATA,,,,283,,,[TX] S1:DATA:283
09:02:44.007,S2,IGNORE_REPLY,,,,,,S1:DATA:283,[IGNORE] S1:DATA:283
09:02:44.037,S1,IGNORE_POLL,,,,,,POLL:2,[IGNORE] POLL:2
09:02:44.040,S2,RX_POLL,-81,8.75,283,,656,,[RX] POLL:2 | RSSI: -81 dBm | SNR: 8.75 dB | RX#: 283
09:02:44.044,S2,TX_DATA,,,,283,,,[TX] S2:DATA:283
09:02:44.082,S1,IGNORE_REPLY,,,,,,S2:DATA:283,[IGNORE] S2:DATA:283
09:02:44.616,S2,IGNORE_POLL,,,,,,POLL:1,[IGNORE] POLL:1
09:02:44.619,S1,RX_POLL,-67,8.25,284,,655,,[RX] POLL:1 | RSSI: -67 dBm | SNR: 8.25 dB | RX#: 284
09:02:44.619,S1,TX_DATA,,,,284,,,[TX] S1:DATA:284
09:02:44.661,S2,IGNORE_REPLY,,,,,,S1:DATA:284,[IGNORE] S1:DATA:284
09:02:44.692,S1,IGNORE_POLL,,,,,,POLL:2,[IGNORE] POLL:2
09:02:44.698,S2,RX_POLL,-80,8.5,284,,658,,[RX] POLL:2 | RSSI: -80 dBm | SNR: 8.50 dB | RX#: 284
09:02:44.698,S2,TX_DATA,,,,284,,,[TX] S2:DATA:284
09:02:44.737,S1,IGNORE_REPLY,,,,,,S2:DATA:284,[IGNORE] S2:DATA:284
09:02:45.272,S2,IGNORE_POLL,,,,,,POLL:1,[IGNORE] POLL:1
09:02:45.274,S1,RX_POLL,-71,9.0,285,,655,,[RX] POLL:1 | RSSI: -71 dBm | SNR: 9.00 dB | RX#: 285
09:02:45.277,S1,TX_DATA,,,,285,,,[TX] S1:DATA:285
09:02:45.317,S2,IGNORE_REPLY,,,,,,S1:DATA:285,[IGNORE] S1:DATA:285
09:02:45.347,S1,IGNORE_POLL,,,,,,POLL:2,[IGNORE] POLL:2
09:02:45.354,S2,RX_POLL,-81,8.75,285,,655,,[RX] POLL:2 | RSSI: -81 dBm | SNR: 8.75 dB | RX#: 285
09:02:45.354,S2,TX_DATA,,,,285,,,[TX] S2:DATA:285
09:02:45.392,S1,IGNORE_REPLY,,,,,,S2:DATA:285,[IGNORE] S2:DATA:285
09:02:45.927,S2,IGNORE_POLL,,,,,,POLL:1,[IGNORE] POLL:1
09:02:45.930,S1,RX_POLL,-71,8.75,286,,656,,[RX] POLL:1 | RSSI: -71 dBm | SNR: 8.75 dB | RX#: 286
09:02:45.933,S1,TX_DATA,,,,286,,,[TX] S1:DATA:286
09:02:45.972,S2,IGNORE_REPLY,,,,,,S1:DATA:286,[IGNORE] S1:DATA:286
09:02:46.003,S1,IGNORE_POLL,,,,,,POLL:2,[IGNORE] POLL:2
09:02:46.010,S2,RX_POLL,-81,8.75,286,,656,,[RX] POLL:2 | RSSI: -81 dBm | SNR: 8.75 dB | RX#: 286
09:02:46.010,S2,TX_DATA,,,,286,,,[TX] S2:DATA:286
09:02:46.048,S1,IGNORE_REPLY,,,,,,S2:DATA:286,[IGNORE] S2:DATA:286
09:02:46.583,S2,IGNORE_POLL,,,,,,POLL:1,[IGNORE] POLL:1
09:02:46.585,S1,RX_POLL,-70,8.75,287,,655,,[RX] POLL:1 | RSSI: -70 dBm | SNR: 8.75 dB | RX#: 287
09:02:46.588,S1,TX_DATA,,,,287,,,[TX] S1:DATA:287
09:02:46.628,S2,IGNORE_REPLY,,,,,,S1:DATA:287,[IGNORE] S1:DATA:287
09:02:46.662,S1,IGNORE_POLL,,,,,,POLL:2,[IGNORE] POLL:2
09:02:46.665,S2,RX_POLL,-80,9.0,287,,656,,[RX] POLL:2 | RSSI: -80 dBm | SNR: 9.00 dB | RX#: 287
09:02:46.666,S2,TX_DATA,,,,287,,,[TX] S2:DATA:287
09:02:46.707,S1,IGNORE_REPLY,,,,,,S2:DATA:287,[IGNORE] S2:DATA:287
09:02:47.238,S2,IGNORE_POLL,,,,,,POLL:1,[IGNORE] POLL:1
09:02:47.240,S1,RX_POLL,-71,8.75,288,,655,,[RX] POLL:1 | RSSI: -71 dBm | SNR: 8.75 dB | RX#: 288
09:02:47.243,S1,TX_DATA,,,,288,,,[TX] S1:DATA:288
09:02:47.283,S2,IGNORE_REPLY,,,,,,S1:DATA:288,[IGNORE] S1:DATA:288
09:02:47.317,S1,IGNORE_POLL,,,,,,POLL:2,[IGNORE] POLL:2
09:02:47.320,S2,RX_POLL,-78,9.0,288,,655,,[RX] POLL:2 | RSSI: -78 dBm | SNR: 9.00 dB | RX#: 288
09:02:47.320,S2,TX_DATA,,,,288,,,[TX] S2:DATA:288
09:02:47.362,S1,IGNORE_REPLY,,,,,,S2:DATA:288,[IGNORE] S2:DATA:288
09:02:47.893,S2,IGNORE_POLL,,,,,,POLL:1,[IGNORE] POLL:1
09:02:47.899,S1,RX_POLL,-70,8.75,289,,659,,[RX] POLL:1 | RSSI: -70 dBm | SNR: 8.75 dB | RX#: 289
09:02:47.899,S1,TX_DATA,,,,289,,,[TX] S1:DATA:289
09:02:47.938,S2,IGNORE_REPLY,,,,,,S1:DATA:289,[IGNORE] S1:DATA:289
09:02:47.972,S1,IGNORE_POLL,,,,,,POLL:2,[IGNORE] POLL:2
09:02:47.975,S2,RX_POLL,-75,9.0,289,,655,,[RX] POLL:2 | RSSI: -75 dBm | SNR: 9.00 dB | RX#: 289
09:02:47.975,S2,TX_DATA,,,,289,,,[TX] S2:DATA:289
09:02:48.018,S1,IGNORE_REPLY,,,,,,S2:DATA:289,[IGNORE] S2:DATA:289
09:02:48.549,S2,IGNORE_POLL,,,,,,POLL:1,[IGNORE] POLL:1
09:02:48.555,S1,RX_POLL,-70,9.0,290,,656,,[RX] POLL:1 | RSSI: -70 dBm | SNR: 9.00 dB | RX#: 290
09:02:48.555,S1,TX_DATA,,,,290,,,[TX] S1:DATA:290
09:02:48.594,S2,IGNORE_REPLY,,,,,,S1:DATA:290,[IGNORE] S1:DATA:290
09:02:48.628,S1,IGNORE_POLL,,,,,,POLL:2,[IGNORE] POLL:2
09:02:48.631,S2,RX_POLL,-76,9.0,290,,656,,[RX] POLL:2 | RSSI: -76 dBm | SNR: 9.00 dB | RX#: 290
09:02:48.631,S2,TX_DATA,,,,290,,,[TX] S2:DATA:290
09:02:48.673,S1,IGNORE_REPLY,,,,,,S2:DATA:290,[IGNORE] S2:DATA:290
09:02:49.204,S2,IGNORE_POLL,,,,,,POLL:1,[IGNORE] POLL:1
09:02:49.210,S1,RX_POLL,-68,8.5,291,,655,,[RX] POLL:1 | RSSI: -68 dBm | SNR: 8.50 dB | RX#: 291
09:02:49.210,S1,TX_DATA,,,,291,,,[TX] S1:DATA:291
09:02:49.249,S2,IGNORE_REPLY,,,,,,S1:DATA:291,[IGNORE] S1:DATA:291
09:02:49.284,S1,IGNORE_POLL,,,,,,POLL:2,[IGNORE] POLL:2
09:02:49.286,S2,RX_POLL,-78,8.75,291,,656,,[RX] POLL:2 | RSSI: -78 dBm | SNR: 8.75 dB | RX#: 291
09:02:49.290,S2,TX_DATA,,,,291,,,[TX] S2:DATA:291
09:02:49.328,S1,IGNORE_REPLY,,,,,,S2:DATA:291,[IGNORE] S2:DATA:291
09:02:49.859,S2,IGNORE_POLL,,,,,,POLL:1,[IGNORE] POLL:1
09:02:49.865,S1,RX_POLL,-70,9.0,292,,655,,[RX] POLL:1 | RSSI: -70 dBm | SNR: 9.00 dB | RX#: 292
09:02:49.865,S1,TX_DATA,,,,292,,,[TX] S1:DATA:292
09:02:49.904,S2,IGNORE_REPLY,,,,,,S1:DATA:292,[IGNORE] S1:DATA:292
09:02:49.939,S1,IGNORE_POLL,,,,,,POLL:2,[IGNORE] POLL:2
09:02:49.941,S2,RX_POLL,-76,9.0,292,,655,,[RX] POLL:2 | RSSI: -76 dBm | SNR: 9.00 dB | RX#: 292
09:02:49.946,S2,TX_DATA,,,,292,,,[TX] S2:DATA:292
09:02:49.984,S1,IGNORE_REPLY,,,,,,S2:DATA:292,[IGNORE] S2:DATA:292
09:02:50.514,S2,IGNORE_POLL,,,,,,POLL:1,[IGNORE] POLL:1
09:02:50.521,S1,RX_POLL,-70,8.75,293,,656,,[RX] POLL:1 | RSSI: -70 dBm | SNR: 8.75 dB | RX#: 293
09:02:50.522,S1,TX_DATA,,,,293,,,[TX] S1:DATA:293
09:02:50.563,S2,IGNORE_REPLY,,,,,,S1:DATA:293,[IGNORE] S1:DATA:293
09:02:50.594,S1,IGNORE_POLL,,,,,,POLL:2,[IGNORE] POLL:2
09:02:50.596,S2,RX_POLL,-77,8.75,293,,655,,[RX] POLL:2 | RSSI: -77 dBm | SNR: 8.75 dB | RX#: 293
09:02:50.600,S2,TX_DATA,,,,293,,,[TX] S2:DATA:293
09:02:50.639,S1,IGNORE_REPLY,,,,,,S2:DATA:293,[IGNORE] S2:DATA:293
09:02:51.174,S2,IGNORE_POLL,,,,,,POLL:1,[IGNORE] POLL:1
09:02:51.176,S1,RX_POLL,-71,8.75,294,,654,,[RX] POLL:1 | RSSI: -71 dBm | SNR: 8.75 dB | RX#: 294
09:02:51.176,S1,TX_DATA,,,,294,,,[TX] S1:DATA:294
09:02:51.219,S2,IGNORE_REPLY,,,,,,S1:DATA:294,[IGNORE] S1:DATA:294
09:02:51.250,S1,IGNORE_POLL,,,,,,POLL:2,[IGNORE] POLL:2
09:02:51.252,S2,RX_POLL,-80,8.5,294,,655,,[RX] POLL:2 | RSSI: -80 dBm | SNR: 8.50 dB | RX#: 294
09:02:51.256,S2,TX_DATA,,,,294,,,[TX] S2:DATA:294
09:02:51.294,S1,IGNORE_REPLY,,,,,,S2:DATA:294,[IGNORE] S2:DATA:294
09:02:51.829,S2,IGNORE_POLL,,,,,,POLL:1,[IGNORE] POLL:1
09:02:51.831,S1,RX_POLL,-70,8.75,295,,655,,[RX] POLL:1 | RSSI: -70 dBm | SNR: 8.75 dB | RX#: 295
09:02:51.831,S1,TX_DATA,,,,295,,,[TX] S1:DATA:295
09:02:51.874,S2,IGNORE_REPLY,,,,,,S1:DATA:295,[IGNORE] S1:DATA:295
09:02:51.905,S1,IGNORE_POLL,,,,,,POLL:2,[IGNORE] POLL:2
09:02:51.907,S2,RX_POLL,-80,8.5,295,,655,,[RX] POLL:2 | RSSI: -80 dBm | SNR: 8.50 dB | RX#: 295
09:02:51.911,S2,TX_DATA,,,,295,,,[TX] S2:DATA:295
09:02:51.950,S1,IGNORE_REPLY,,,,,,S2:DATA:295,[IGNORE] S2:DATA:295
09:02:52.484,S2,IGNORE_POLL,,,,,,POLL:1,[IGNORE] POLL:1
09:02:52.486,S1,RX_POLL,-71,8.75,296,,655,,[RX] POLL:1 | RSSI: -71 dBm | SNR: 8.75 dB | RX#: 296
09:02:52.487,S1,TX_DATA,,,,296,,,[TX] S1:DATA:296
09:02:52.529,S2,IGNORE_REPLY,,,,,,S1:DATA:296,[IGNORE] S1:DATA:296
09:02:52.560,S1,IGNORE_POLL,,,,,,POLL:2,[IGNORE] POLL:2
09:02:52.562,S2,RX_POLL,-75,9.0,296,,655,,[RX] POLL:2 | RSSI: -75 dBm | SNR: 9.00 dB | RX#: 296
09:02:52.567,S2,TX_DATA,,,,296,,,[TX] S2:DATA:296
09:02:52.605,S1,IGNORE_REPLY,,,,,,S2:DATA:296,[IGNORE] S2:DATA:296
09:02:53.140,S2,IGNORE_POLL,,,,,,POLL:1,[IGNORE] POLL:1
09:02:53.142,S1,RX_POLL,-71,8.75,297,,655,,[RX] POLL:1 | RSSI: -71 dBm | SNR: 8.75 dB | RX#: 297
09:02:53.145,S1,TX_DATA,,,,297,,,[TX] S1:DATA:297
09:02:53.185,S2,IGNORE_REPLY,,,,,,S1:DATA:297,[IGNORE] S1:DATA:297
09:02:53.215,S1,IGNORE_POLL,,,,,,POLL:2,[IGNORE] POLL:2
09:02:53.222,S2,RX_POLL,-77,9.0,297,,659,,[RX] POLL:2 | RSSI: -77 dBm | SNR: 9.00 dB | RX#: 297
09:02:53.222,S2,TX_DATA,,,,297,,,[TX] S2:DATA:297
09:02:53.261,S1,IGNORE_REPLY,,,,,,S2:DATA:297,[IGNORE] S2:DATA:297
09:02:53.796,S2,IGNORE_POLL,,,,,,POLL:1,[IGNORE] POLL:1
09:02:53.797,S1,RX_POLL,-70,9.0,298,,656,,[RX] POLL:1 | RSSI: -70 dBm | SNR: 9.00 dB | RX#: 298
09:02:53.801,S1,TX_DATA,,,,298,,,[TX] S1:DATA:298
09:02:53.840,S2,IGNORE_REPLY,,,,,,S1:DATA:298,[IGNORE] S1:DATA:298
09:02:53.871,S1,IGNORE_POLL,,,,,,POLL:2,[IGNORE] POLL:2
09:02:53.877,S2,RX_POLL,-77,9.0,298,,655,,[RX] POLL:2 | RSSI: -77 dBm | SNR: 9.00 dB | RX#: 298
09:02:53.877,S2,TX_DATA,,,,298,,,[TX] S2:DATA:298
09:02:53.916,S1,IGNORE_REPLY,,,,,,S2:DATA:298,[IGNORE] S2:DATA:298
09:02:54.451,S2,IGNORE_POLL,,,,,,POLL:1,[IGNORE] POLL:1
09:02:54.452,S1,RX_POLL,-71,9.25,299,,655,,[RX] POLL:1 | RSSI: -71 dBm | SNR: 9.25 dB | RX#: 299
09:02:54.456,S1,TX_DATA,,,,299,,,[TX] S1:DATA:299
09:02:54.495,S2,IGNORE_REPLY,,,,,,S1:DATA:299,[IGNORE] S1:DATA:299
09:02:54.526,S1,IGNORE_POLL,,,,,,POLL:2,[IGNORE] POLL:2
09:02:54.532,S2,RX_POLL,-87,8.5,299,,655,,[RX] POLL:2 | RSSI: -87 dBm | SNR: 8.50 dB | RX#: 299
09:02:54.533,S2,TX_DATA,,,,299,,,[TX] S2:DATA:299
09:02:54.575,S1,IGNORE_REPLY,,,,,,S2:DATA:299,[IGNORE] S2:DATA:299
09:02:55.106,S2,IGNORE_POLL,,,,,,POLL:1,[IGNORE] POLL:1
09:02:55.108,S1,RX_POLL,-71,8.75,300,,655,,[RX] POLL:1 | RSSI: -71 dBm | SNR: 8.75 dB | RX#: 300
09:02:55.111,S1,TX_DATA,,,,300,,,[TX] S1:DATA:300
09:02:55.151,S2,IGNORE_REPLY,,,,,,S1:DATA:300,[IGNORE] S1:DATA:300
09:02:55.186,S1,IGNORE_POLL,,,,,,POLL:2,[IGNORE] POLL:2
09:02:55.188,S2,RX_POLL,-89,8.75,300,,656,,[RX] POLL:2 | RSSI: -89 dBm | SNR: 8.75 dB | RX#: 300
09:02:55.188,S2,TX_DATA,,,,300,,,[TX] S2:DATA:300
09:02:55.230,S1,IGNORE_REPLY,,,,,,S2:DATA:300,[IGNORE] S2:DATA:300
09:02:55.761,S2,IGNORE_POLL,,,,,,POLL:1,[IGNORE] POLL:1
09:02:55.763,S1,RX_POLL,-71,8.75,301,,655,,[RX] POLL:1 | RSSI: -71 dBm | SNR: 8.75 dB | RX#: 301
09:02:55.767,S1,TX_DATA,,,,301,,,[TX] S1:DATA:301
09:02:55.806,S2,IGNORE_REPLY,,,,,,S1:DATA:301,[IGNORE] S1:DATA:301
09:02:55.841,S1,IGNORE_POLL,,,,,,POLL:2,[IGNORE] POLL:2
09:02:55.843,S2,RX_POLL,-87,8.75,301,,655,,[RX] POLL:2 | RSSI: -87 dBm | SNR: 8.75 dB | RX#: 301
09:02:55.844,S2,TX_DATA,,,,301,,,[TX] S2:DATA:301
09:02:55.885,S1,IGNORE_REPLY,,,,,,S2:DATA:301,[IGNORE] S2:DATA:301
09:02:56.416,S2,IGNORE_POLL,,,,,,POLL:1,[IGNORE] POLL:1
09:02:56.423,S1,RX_POLL,-71,8.75,302,,660,,[RX] POLL:1 | RSSI: -71 dBm | SNR: 8.75 dB | RX#: 302
09:02:56.424,S1,TX_DATA,,,,302,,,[TX] S1:DATA:302
09:02:56.462,S2,IGNORE_REPLY,,,,,,S1:DATA:302,[IGNORE] S1:DATA:302
09:02:56.496,S1,IGNORE_POLL,,,,,,POLL:2,[IGNORE] POLL:2
09:02:56.499,S2,RX_POLL,-88,9.25,302,,655,,[RX] POLL:2 | RSSI: -88 dBm | SNR: 9.25 dB | RX#: 302
09:02:56.499,S2,TX_DATA,,,,302,,,[TX] S2:DATA:302
09:02:56.541,S1,IGNORE_REPLY,,,,,,S2:DATA:302,[IGNORE] S2:DATA:302
09:02:57.072,S2,IGNORE_POLL,,,,,,POLL:1,[IGNORE] POLL:1
09:02:57.078,S1,RX_POLL,-71,9.0,303,,655,,[RX] POLL:1 | RSSI: -71 dBm | SNR: 9.00 dB | RX#: 303
09:02:57.078,S1,TX_DATA,,,,303,,,[TX] S1:DATA:303
09:02:57.117,S2,IGNORE_REPLY,,,,,,S1:DATA:303,[IGNORE] S1:DATA:303
09:02:57.151,S1,IGNORE_POLL,,,,,,POLL:2,[IGNORE] POLL:2
09:02:57.154,S2,RX_POLL,-86,8.75,303,,655,,[RX] POLL:2 | RSSI: -86 dBm | SNR: 8.75 dB | RX#: 303
09:02:57.154,S2,TX_DATA,,,,303,,,[TX] S2:DATA:303
09:02:57.196,S1,IGNORE_REPLY,,,,,,S2:DATA:303,[IGNORE] S2:DATA:303
09:02:57.727,S2,IGNORE_POLL,,,,,,POLL:1,[IGNORE] POLL:1
09:02:57.733,S1,RX_POLL,-71,8.75,304,,655,,[RX] POLL:1 | RSSI: -71 dBm | SNR: 8.75 dB | RX#: 304
09:02:57.733,S1,TX_DATA,,,,304,,,[TX] S1:DATA:304
09:02:57.772,S2,IGNORE_REPLY,,,,,,S1:DATA:304,[IGNORE] S1:DATA:304
09:02:57.807,S1,IGNORE_POLL,,,,,,POLL:2,[IGNORE] POLL:2
09:02:57.809,S2,RX_POLL,-86,8.75,304,,656,,[RX] POLL:2 | RSSI: -86 dBm | SNR: 8.75 dB | RX#: 304
09:02:57.813,S2,TX_DATA,,,,304,,,[TX] S2:DATA:304
09:02:57.852,S1,IGNORE_REPLY,,,,,,S2:DATA:304,[IGNORE] S2:DATA:304
09:02:58.383,S2,IGNORE_POLL,,,,,,POLL:1,[IGNORE] POLL:1
09:02:58.388,S1,RX_POLL,-71,8.75,305,,655,,[RX] POLL:1 | RSSI: -71 dBm | SNR: 8.75 dB | RX#: 305
09:02:58.389,S1,TX_DATA,,,,305,,,[TX] S1:DATA:305
09:02:58.431,S2,IGNORE_REPLY,,,,,,S1:DATA:305,[IGNORE] S1:DATA:305
09:02:58.462,S1,IGNORE_POLL,,,,,,POLL:2,[IGNORE] POLL:2
09:02:58.465,S2,RX_POLL,-88,8.75,305,,656,,[RX] POLL:2 | RSSI: -88 dBm | SNR: 8.75 dB | RX#: 305
09:02:58.469,S2,TX_DATA,,,,305,,,[TX] S2:DATA:305
09:02:58.508,S1,IGNORE_REPLY,,,,,,S2:DATA:305,[IGNORE] S2:DATA:305
09:02:59.042,S2,IGNORE_POLL,,,,,,POLL:1,[IGNORE] POLL:1
09:02:59.044,S1,RX_POLL,-71,9.0,306,,656,,[RX] POLL:1 | RSSI: -71 dBm | SNR: 9.00 dB | RX#: 306
09:02:59.045,S1,TX_DATA,,,,306,,,[TX] S1:DATA:306
09:02:59.087,S2,IGNORE_REPLY,,,,,,S1:DATA:306,[IGNORE] S1:DATA:306
09:02:59.117,S1,IGNORE_POLL,,,,,,POLL:2,[IGNORE] POLL:2
09:02:59.120,S2,RX_POLL,-88,8.75,306,,654,,[RX] POLL:2 | RSSI: -88 dBm | SNR: 8.75 dB | RX#: 306
09:02:59.124,S2,TX_DATA,,,,306,,,[TX] S2:DATA:306
09:02:59.162,S1,IGNORE_REPLY,,,,,,S2:DATA:306,[IGNORE] S2:DATA:306
09:02:59.697,S2,IGNORE_POLL,,,,,,POLL:1,[IGNORE] POLL:1
09:02:59.699,S1,RX_POLL,-71,8.5,307,,655,,[RX] POLL:1 | RSSI: -71 dBm | SNR: 8.50 dB | RX#: 307
09:02:59.699,S1,TX_DATA,,,,307,,,[TX] S1:DATA:307
09:02:59.742,S2,IGNORE_REPLY,,,,,,S1:DATA:307,[IGNORE] S1:DATA:307
09:02:59.773,S1,IGNORE_POLL,,,,,,POLL:2,[IGNORE] POLL:2
09:02:59.775,S2,RX_POLL,-87,8.75,307,,655,,[RX] POLL:2 | RSSI: -87 dBm | SNR: 8.75 dB | RX#: 307
09:02:59.779,S2,TX_DATA,,,,307,,,[TX] S2:DATA:307
09:02:59.817,S1,IGNORE_REPLY,,,,,,S2:DATA:307,[IGNORE] S2:DATA:307
09:03:00.352,S2,IGNORE_POLL,,,,,,POLL:1,[IGNORE] POLL:1
09:03:00.354,S1,RX_POLL,-71,9.0,308,,655,,[RX] POLL:1 | RSSI: -71 dBm | SNR: 9.00 dB | RX#: 308
09:03:00.354,S1,TX_DATA,,,,308,,,[TX] S1:DATA:308
09:03:00.397,S2,IGNORE_REPLY,,,,,,S1:DATA:308,[IGNORE] S1:DATA:308
09:03:00.428,S1,IGNORE_POLL,,,,,,POLL:2,[IGNORE] POLL:2
09:03:00.434,S2,RX_POLL,-88,8.75,308,,659,,[RX] POLL:2 | RSSI: -88 dBm | SNR: 8.75 dB | RX#: 308
09:03:00.435,S2,TX_DATA,,,,308,,,[TX] S2:DATA:308
09:03:00.473,S1,IGNORE_REPLY,,,,,,S2:DATA:308,[IGNORE] S2:DATA:308
09:03:01.008,S2,IGNORE_POLL,,,,,,POLL:1,[IGNORE] POLL:1
09:03:01.010,S1,RX_POLL,-71,8.75,309,,655,,[RX] POLL:1 | RSSI: -71 dBm | SNR: 8.75 dB | RX#: 309
09:03:01.013,S1,TX_DATA,,,,309,,,[TX] S1:DATA:309
09:03:01.053,S2,IGNORE_REPLY,,,,,,S1:DATA:309,[IGNORE] S1:DATA:309
09:03:01.083,S1,IGNORE_POLL,,,,,,POLL:2,[IGNORE] POLL:2
09:03:01.090,S2,RX_POLL,-87,9.0,309,,655,,[RX] POLL:2 | RSSI: -87 dBm | SNR: 9.00 dB | RX#: 309
09:03:01.090,S2,TX_DATA,,,,309,,,[TX] S2:DATA:309
09:03:01.128,S1,IGNORE_REPLY,,,,,,S2:DATA:309,[IGNORE] S2:DATA:309
09:03:01.663,S2,IGNORE_POLL,,,,,,POLL:1,[IGNORE] POLL:1
09:03:01.666,S1,RX_POLL,-71,9.0,310,,656,,[RX] POLL:1 | RSSI: -71 dBm | SNR: 9.00 dB | RX#: 310
09:03:01.669,S1,TX_DATA,,,,310,,,[TX] S1:DATA:310
09:03:01.709,S2,IGNORE_REPLY,,,,,,S1:DATA:310,[IGNORE] S1:DATA:310
09:03:01.739,S1,IGNORE_POLL,,,,,,POLL:2,[IGNORE] POLL:2
09:03:01.745,S2,RX_POLL,-88,9.0,310,,656,,[RX] POLL:2 | RSSI: -88 dBm | SNR: 9.00 dB | RX#: 310
09:03:01.745,S2,TX_DATA,,,,310,,,[TX] S2:DATA:310
09:03:01.787,S1,IGNORE_REPLY,,,,,,S2:DATA:310,[IGNORE] S2:DATA:310
09:03:02.318,S2,IGNORE_POLL,,,,,,POLL:1,[IGNORE] POLL:1
09:03:02.320,S1,RX_POLL,-71,9.0,311,,655,,[RX] POLL:1 | RSSI: -71 dBm | SNR: 9.00 dB | RX#: 311
09:03:02.324,S1,TX_DATA,,,,311,,,[TX] S1:DATA:311
09:03:02.364,S2,IGNORE_REPLY,,,,,,S1:DATA:311,[IGNORE] S1:DATA:311
09:03:02.398,S1,IGNORE_POLL,,,,,,POLL:2,[IGNORE] POLL:2
09:03:02.400,S2,RX_POLL,-86,8.75,311,,655,,[RX] POLL:2 | RSSI: -86 dBm | SNR: 8.75 dB | RX#: 311
09:03:02.401,S2,TX_DATA,,,,311,,,[TX] S2:DATA:311
09:03:02.443,S1,IGNORE_REPLY,,,,,,S2:DATA:311,[IGNORE] S2:DATA:311
09:03:02.974,S2,IGNORE_POLL,,,,,,POLL:1,[IGNORE] POLL:1
09:03:02.976,S1,RX_POLL,-71,8.75,312,,655,,[RX] POLL:1 | RSSI: -71 dBm | SNR: 8.75 dB | RX#: 312
09:03:02.979,S1,TX_DATA,,,,312,,,[TX] S1:DATA:312
09:03:03.019,S2,IGNORE_REPLY,,,,,,S1:DATA:312,[IGNORE] S1:DATA:312
09:03:03.054,S1,IGNORE_POLL,,,,,,POLL:2,[IGNORE] POLL:2
09:03:03.056,S2,RX_POLL,-86,9.0,312,,655,,[RX] POLL:2 | RSSI: -86 dBm | SNR: 9.00 dB | RX#: 312
09:03:03.056,S2,TX_DATA,,,,312,,,[TX] S2:DATA:312
09:03:03.099,S1,IGNORE_REPLY,,,,,,S2:DATA:312,[IGNORE] S2:DATA:312
09:03:03.630,S2,IGNORE_POLL,,,,,,POLL:1,[IGNORE] POLL:1
09:03:03.635,S1,RX_POLL,-68,8.5,313,,659,,[RX] POLL:1 | RSSI: -68 dBm | SNR: 8.50 dB | RX#: 313
09:03:03.636,S1,TX_DATA,,,,313,,,[TX] S1:DATA:313
09:03:03.674,S2,IGNORE_REPLY,,,,,,S1:DATA:313,[IGNORE] S1:DATA:313
09:03:03.709,S1,IGNORE_POLL,,,,,,POLL:2,[IGNORE] POLL:2
09:03:03.711,S2,RX_POLL,-86,8.5,313,,656,,[RX] POLL:2 | RSSI: -86 dBm | SNR: 8.50 dB | RX#: 313
09:03:03.711,S2,TX_DATA,,,,313,,,[TX] S2:DATA:313
09:03:03.754,S1,IGNORE_REPLY,,,,,,S2:DATA:313,[IGNORE] S2:DATA:313
09:03:04.285,S2,IGNORE_POLL,,,,,,POLL:1,[IGNORE] POLL:1
09:03:04.290,S1,RX_POLL,-71,9.0,314,,655,,[RX] POLL:1 | RSSI: -71 dBm | SNR: 9.00 dB | RX#: 314
09:03:04.290,S1,TX_DATA,,,,314,,,[TX] S1:DATA:314
09:03:04.330,S2,IGNORE_REPLY,,,,,,S1:DATA:314,[IGNORE] S1:DATA:314
09:03:04.364,S1,IGNORE_POLL,,,,,,POLL:2,[IGNORE] POLL:2
09:03:04.366,S2,RX_POLL,-88,9.25,314,,655,,[RX] POLL:2 | RSSI: -88 dBm | SNR: 9.25 dB | RX#: 314
09:03:04.367,S2,TX_DATA,,,,314,,,[TX] S2:DATA:314
09:03:04.409,S1,IGNORE_REPLY,,,,,,S2:DATA:314,[IGNORE] S2:DATA:314
09:03:04.940,S2,IGNORE_POLL,,,,,,POLL:1,[IGNORE] POLL:1
09:03:04.946,S1,RX_POLL,-71,8.5,315,,656,,[RX] POLL:1 | RSSI: -71 dBm | SNR: 8.50 dB | RX#: 315
09:03:04.946,S1,TX_DATA,,,,315,,,[TX] S1:DATA:315
09:03:04.985,S2,IGNORE_REPLY,,,,,,S1:DATA:315,[IGNORE] S1:DATA:315
09:03:05.019,S1,IGNORE_POLL,,,,,,POLL:2,[IGNORE] POLL:2
09:03:05.022,S2,RX_POLL,-88,8.75,315,,655,,[RX] POLL:2 | RSSI: -88 dBm | SNR: 8.75 dB | RX#: 315
09:03:05.025,S2,TX_DATA,,,,315,,,[TX] S2:DATA:315
09:03:05.064,S1,IGNORE_REPLY,,,,,,S2:DATA:315,[IGNORE] S2:DATA:315
09:03:05.595,S2,IGNORE_POLL,,,,,,POLL:1,[IGNORE] POLL:1
09:03:05.601,S1,RX_POLL,-71,9.0,316,,656,,[RX] POLL:1 | RSSI: -71 dBm | SNR: 9.00 dB | RX#: 316
09:03:05.601,S1,TX_DATA,,,,316,,,[TX] S1:DATA:316
09:03:05.644,S2,IGNORE_REPLY,,,,,,S1:DATA:316,[IGNORE] S1:DATA:316
09:03:05.674,S1,IGNORE_POLL,,,,,,POLL:2,[IGNORE] POLL:2
09:03:05.677,S2,RX_POLL,-87,8.75,316,,655,,[RX] POLL:2 | RSSI: -87 dBm | SNR: 8.75 dB | RX#: 316
09:03:05.681,S2,TX_DATA,,,,316,,,[TX] S2:DATA:316
09:03:05.720,S1,IGNORE_REPLY,,,,,,S2:DATA:316,[IGNORE] S2:DATA:316
09:03:06.254,S2,IGNORE_POLL,,,,,,POLL:1,[IGNORE] POLL:1
09:03:06.256,S1,RX_POLL,-71,8.75,317,,655,,[RX] POLL:1 | RSSI: -71 dBm | SNR: 8.75 dB | RX#: 317
09:03:06.256,S1,TX_DATA,,,,317,,,[TX] S1:DATA:317
09:03:06.300,S2,IGNORE_REPLY,,,,,,S1:DATA:317,[IGNORE] S1:DATA:317
09:03:06.330,S1,IGNORE_POLL,,,,,,POLL:2,[IGNORE] POLL:2
09:03:06.333,S2,RX_POLL,-88,9.25,317,,655,,[RX] POLL:2 | RSSI: -88 dBm | SNR: 9.25 dB | RX#: 317
09:03:06.336,S2,TX_DATA,,,,317,,,[TX] S2:DATA:317
09:03:06.375,S1,IGNORE_REPLY,,,,,,S2:DATA:317,[IGNORE] S2:DATA:317
09:03:06.910,S2,IGNORE_POLL,,,,,,POLL:1,[IGNORE] POLL:1
09:03:06.911,S1,RX_POLL,-71,8.75,318,,655,,[RX] POLL:1 | RSSI: -71 dBm | SNR: 8.75 dB | RX#: 318
09:03:06.912,S1,TX_DATA,,,,318,,,[TX] S1:DATA:318
09:03:06.955,S2,IGNORE_REPLY,,,,,,S1:DATA:318,[IGNORE] S1:DATA:318
09:03:06.985,S1,IGNORE_POLL,,,,,,POLL:2,[IGNORE] POLL:2
09:03:06.988,S2,RX_POLL,-88,8.75,318,,655,,[RX] POLL:2 | RSSI: -88 dBm | SNR: 8.75 dB | RX#: 318
09:03:06.992,S2,TX_DATA,,,,318,,,[TX] S2:DATA:318
09:03:07.030,S1,IGNORE_REPLY,,,,,,S2:DATA:318,[IGNORE] S2:DATA:318
09:03:07.565,S2,IGNORE_POLL,,,,,,POLL:1,[IGNORE] POLL:1
09:03:07.567,S1,RX_POLL,-71,8.75,319,,655,,[RX] POLL:1 | RSSI: -71 dBm | SNR: 8.75 dB | RX#: 319
09:03:07.567,S1,TX_DATA,,,,319,,,[TX] S1:DATA:319
09:03:07.610,S2,IGNORE_REPLY,,,,,,S1:DATA:319,[IGNORE] S1:DATA:319
09:03:07.640,S1,IGNORE_POLL,,,,,,POLL:2,[IGNORE] POLL:2
09:03:07.647,S2,RX_POLL,-88,8.5,319,,659,,[RX] POLL:2 | RSSI: -88 dBm | SNR: 8.50 dB | RX#: 319
09:03:07.647,S2,TX_DATA,,,,319,,,[TX] S2:DATA:319
09:03:07.685,S1,IGNORE_REPLY,,,,,,S2:DATA:319,[IGNORE] S2:DATA:319
09:03:08.220,S2,IGNORE_POLL,,,,,,POLL:1,[IGNORE] POLL:1
09:03:08.223,S1,RX_POLL,-71,9.0,320,,656,,[RX] POLL:1 | RSSI: -71 dBm | SNR: 9.00 dB | RX#: 320
09:03:08.227,S1,TX_DATA,,,,320,,,[TX] S1:DATA:320
09:03:08.265,S2,IGNORE_REPLY,,,,,,S1:DATA:320,[IGNORE] S1:DATA:320
09:03:08.296,S1,IGNORE_POLL,,,,,,POLL:2,[IGNORE] POLL:2
09:03:08.303,S2,RX_POLL,-87,8.75,320,,656,,[RX] POLL:2 | RSSI: -87 dBm | SNR: 8.75 dB | RX#: 320
09:03:08.303,S2,TX_DATA,,,,320,,,[TX] S2:DATA:320
09:03:08.342,S1,IGNORE_REPLY,,,,,,S2:DATA:320,[IGNORE] S2:DATA:320
09:03:08.876,S2,IGNORE_POLL,,,,,,POLL:1,[IGNORE] POLL:1
09:03:08.878,S1,RX_POLL,-71,8.75,321,,655,,[RX] POLL:1 | RSSI: -71 dBm | SNR: 8.75 dB | RX#: 321
09:03:08.882,S1,TX_DATA,,,,321,,,[TX] S1:DATA:321
09:03:08.921,S2,IGNORE_REPLY,,,,,,S1:DATA:321,[IGNORE] S1:DATA:321
09:03:08.952,S1,IGNORE_POLL,,,,,,POLL:2,[IGNORE] POLL:2
09:03:08.958,S2,RX_POLL,-88,9.0,321,,656,,[RX] POLL:2 | RSSI: -88 dBm | SNR: 9.00 dB | RX#: 321
09:03:08.958,S2,TX_DATA,,,,321,,,[TX] S2:DATA:321
09:03:09.000,S1,IGNORE_REPLY,,,,,,S2:DATA:321,[IGNORE] S2:DATA:321
09:03:09.531,S2,IGNORE_POLL,,,,,,POLL:1,[IGNORE] POLL:1
09:03:09.533,S1,RX_POLL,-71,8.75,322,,655,,[RX] POLL:1 | RSSI: -71 dBm | SNR: 8.75 dB | RX#: 322
09:03:09.537,S1,TX_DATA,,,,322,,,[TX] S1:DATA:322
09:03:09.576,S2,IGNORE_REPLY,,,,,,S1:DATA:322,[IGNORE] S1:DATA:322
09:03:09.610,S1,IGNORE_POLL,,,,,,POLL:2,[IGNORE] POLL:2
09:03:09.613,S2,RX_POLL,-86,9.0,322,,655,,[RX] POLL:2 | RSSI: -86 dBm | SNR: 9.00 dB | RX#: 322
09:03:09.613,S2,TX_DATA,,,,322,,,[TX] S2:DATA:322
09:03:09.655,S1,IGNORE_REPLY,,,,,,S2:DATA:322,[IGNORE] S2:DATA:322
09:03:10.187,S2,IGNORE_POLL,,,,,,POLL:1,[IGNORE] POLL:1
09:03:10.189,S1,RX_POLL,-71,8.75,323,,655,,[RX] POLL:1 | RSSI: -71 dBm | SNR: 8.75 dB | RX#: 323
09:03:10.192,S1,TX_DATA,,,,323,,,[TX] S1:DATA:323
09:03:10.232,S2,IGNORE_REPLY,,,,,,S1:DATA:323,[IGNORE] S1:DATA:323
09:03:10.266,S1,IGNORE_POLL,,,,,,POLL:2,[IGNORE] POLL:2
09:03:10.268,S2,RX_POLL,-86,9.0,323,,655,,[RX] POLL:2 | RSSI: -86 dBm | SNR: 9.00 dB | RX#: 323
09:03:10.269,S2,TX_DATA,,,,323,,,[TX] S2:DATA:323
09:03:10.311,S1,IGNORE_REPLY,,,,,,S2:DATA:323,[IGNORE] S2:DATA:323
09:03:10.842,S2,IGNORE_POLL,,,,,,POLL:1,[IGNORE] POLL:1
09:03:10.844,S1,RX_POLL,-71,8.75,324,,655,,[RX] POLL:1 | RSSI: -71 dBm | SNR: 8.75 dB | RX#: 324
09:03:10.848,S1,TX_DATA,,,,324,,,[TX] S1:DATA:324
09:03:10.887,S2,IGNORE_REPLY,,,,,,S1:DATA:324,[IGNORE] S1:DATA:324
09:03:10.921,S1,IGNORE_POLL,,,,,,POLL:2,[IGNORE] POLL:2
09:03:10.924,S2,RX_POLL,-86,8.75,324,,655,,[RX] POLL:2 | RSSI: -86 dBm | SNR: 8.75 dB | RX#: 324
09:03:10.924,S2,TX_DATA,,,,324,,,[TX] S2:DATA:324
09:03:10.966,S1,IGNORE_REPLY,,,,,,S2:DATA:324,[IGNORE] S2:DATA:324
09:03:11.497,S2,IGNORE_POLL,,,,,,POLL:1,[IGNORE] POLL:1
09:03:11.503,S1,RX_POLL,-71,8.5,325,,659,,[RX] POLL:1 | RSSI: -71 dBm | SNR: 8.50 dB | RX#: 325
09:03:11.503,S1,TX_DATA,,,,325,,,[TX] S1:DATA:325
09:03:11.542,S2,IGNORE_REPLY,,,,,,S1:DATA:325,[IGNORE] S1:DATA:325
09:03:11.576,S1,IGNORE_POLL,,,,,,POLL:2,[IGNORE] POLL:2
09:03:11.579,S2,RX_POLL,-87,9.0,325,,656,,[RX] POLL:2 | RSSI: -87 dBm | SNR: 9.00 dB | RX#: 325
09:03:11.580,S2,TX_DATA,,,,325,,,[TX] S2:DATA:325
09:03:11.622,S1,IGNORE_REPLY,,,,,,S2:DATA:325,[IGNORE] S2:DATA:325
09:03:12.153,S2,IGNORE_POLL,,,,,,POLL:1,[IGNORE] POLL:1
09:03:12.158,S1,RX_POLL,-71,8.5,326,,655,,[RX] POLL:1 | RSSI: -71 dBm | SNR: 8.50 dB | RX#: 326
09:03:12.158,S1,TX_DATA,,,,326,,,[TX] S1:DATA:326
09:03:12.198,S2,IGNORE_REPLY,,,,,,S1:DATA:326,[IGNORE] S1:DATA:326
09:03:12.232,S1,IGNORE_POLL,,,,,,POLL:2,[IGNORE] POLL:2
09:03:12.234,S2,RX_POLL,-86,8.75,326,,655,,[RX] POLL:2 | RSSI: -86 dBm | SNR: 8.75 dB | RX#: 326
09:03:12.235,S2,TX_DATA,,,,326,,,[TX] S2:DATA:326
09:03:12.277,S1,IGNORE_REPLY,,,,,,S2:DATA:326,[IGNORE] S2:DATA:326
09:03:12.808,S2,IGNORE_POLL,,,,,,POLL:1,[IGNORE] POLL:1
09:03:12.813,S1,RX_POLL,-71,8.75,327,,655,,[RX] POLL:1 | RSSI: -71 dBm | SNR: 8.75 dB | RX#: 327
09:03:12.814,S1,TX_DATA,,,,327,,,[TX] S1:DATA:327
09:03:12.853,S2,IGNORE_REPLY,,,,,,S1:DATA:327,[IGNORE] S1:DATA:327
09:03:12.887,S1,IGNORE_POLL,,,,,,POLL:2,[IGNORE] POLL:2
09:03:12.890,S2,RX_POLL,-86,8.75,327,,656,,[RX] POLL:2 | RSSI: -86 dBm | SNR: 8.75 dB | RX#: 327
09:03:12.891,S2,TX_DATA,,,,327,,,[TX] S2:DATA:327
09:03:12.932,S1,IGNORE_REPLY,,,,,,S2:DATA:327,[IGNORE] S2:DATA:327
09:03:13.463,S2,IGNORE_POLL,,,,,,POLL:1,[IGNORE] POLL:1
09:03:13.469,S1,RX_POLL,-71,8.75,328,,655,,[RX] POLL:1 | RSSI: -71 dBm | SNR: 8.75 dB | RX#: 328
09:03:13.469,S1,TX_DATA,,,,328,,,[TX] S1:DATA:328
09:03:13.508,S2,IGNORE_REPLY,,,,,,S1:DATA:328,[IGNORE] S1:DATA:328
09:03:13.543,S1,IGNORE_POLL,,,,,,POLL:2,[IGNORE] POLL:2
09:03:13.546,S2,RX_POLL,-86,9.0,328,,655,,[RX] POLL:2 | RSSI: -86 dBm | SNR: 9.00 dB | RX#: 328
09:03:13.550,S2,TX_DATA,,,,328,,,[TX] S2:DATA:328
09:03:13.588,S1,IGNORE_REPLY,,,,,,S2:DATA:328,[IGNORE] S2:DATA:328
09:03:14.119,S2,IGNORE_POLL,,,,,,POLL:1,[IGNORE] POLL:1
09:03:14.124,S1,RX_POLL,-71,9.0,329,,656,,[RX] POLL:1 | RSSI: -71 dBm | SNR: 9.00 dB | RX#: 329
09:03:14.125,S1,TX_DATA,,,,329,,,[TX] S1:DATA:329
09:03:14.167,S2,IGNORE_REPLY,,,,,,S1:DATA:329,[IGNORE] S1:DATA:329
09:03:14.198,S1,IGNORE_POLL,,,,,,POLL:2,[IGNORE] POLL:2
09:03:14.201,S2,RX_POLL,-86,8.75,329,,655,,[RX] POLL:2 | RSSI: -86 dBm | SNR: 8.75 dB | RX#: 329
09:03:14.207,S2,TX_DATA,,,,329,,,[TX] S2:DATA:329
09:03:14.243,S1,IGNORE_REPLY,,,,,,S2:DATA:329,[IGNORE] S2:DATA:329
09:03:14.778,S2,IGNORE_POLL,,,,,,POLL:1,[IGNORE] POLL:1
09:03:14.780,S1,RX_POLL,-68,8.5,330,,655,,[RX] POLL:1 | RSSI: -68 dBm | SNR: 8.50 dB | RX#: 330
09:03:14.780,S1,TX_DATA,,,,330,,,[TX] S1:DATA:330
09:03:14.823,S2,IGNORE_REPLY,,,,,,S1:DATA:330,[IGNORE] S1:DATA:330
09:03:14.853,S1,IGNORE_POLL,,,,,,POLL:2,[IGNORE] POLL:2
09:03:14.856,S2,RX_POLL,-86,8.75,330,,655,,[RX] POLL:2 | RSSI: -86 dBm | SNR: 8.75 dB | RX#: 330
09:03:14.860,S2,TX_DATA,,,,330,,,[TX] S2:DATA:330
09:03:14.898,S1,IGNORE_REPLY,,,,,,S2:DATA:330,[IGNORE] S2:DATA:330
09:03:15.433,S2,IGNORE_POLL,,,,,,POLL:1,[IGNORE] POLL:1
09:03:15.435,S1,RX_POLL,-71,8.75,331,,655,,[RX] POLL:1 | RSSI: -71 dBm | SNR: 8.75 dB | RX#: 331
09:03:15.435,S1,TX_DATA,,,,331,,,[TX] S1:DATA:331
09:03:15.478,S2,IGNORE_REPLY,,,,,,S1:DATA:331,[IGNORE] S1:DATA:331
09:03:15.509,S1,IGNORE_POLL,,,,,,POLL:2,[IGNORE] POLL:2
09:03:15.511,S2,RX_POLL,-85,9.25,331,,656,,[RX] POLL:2 | RSSI: -85 dBm | SNR: 9.25 dB | RX#: 331
09:03:15.516,S2,TX_DATA,,,,331,,,[TX] S2:DATA:331
09:03:15.554,S1,IGNORE_REPLY,,,,,,S2:DATA:331,[IGNORE] S2:DATA:331
09:03:16.088,S2,IGNORE_POLL,,,,,,POLL:1,[IGNORE] POLL:1
09:03:16.090,S1,RX_POLL,-71,9.0,332,,655,,[RX] POLL:1 | RSSI: -71 dBm | SNR: 9.00 dB | RX#: 332
09:03:16.094,S1,TX_DATA,,,,332,,,[TX] S1:DATA:332
09:03:16.133,S2,IGNORE_REPLY,,,,,,S1:DATA:332,[IGNORE] S1:DATA:332
09:03:16.164,S1,IGNORE_POLL,,,,,,POLL:2,[IGNORE] POLL:2
09:03:16.171,S2,RX_POLL,-86,8.75,332,,659,,[RX] POLL:2 | RSSI: -86 dBm | SNR: 8.75 dB | RX#: 332
09:03:16.171,S2,TX_DATA,,,,332,,,[TX] S2:DATA:332
09:03:16.209,S1,IGNORE_REPLY,,,,,,S2:DATA:332,[IGNORE] S2:DATA:332
09:03:16.744,S2,IGNORE_POLL,,,,,,POLL:1,[IGNORE] POLL:1
09:03:16.745,S1,RX_POLL,-71,9.0,333,,655,,[RX] POLL:1 | RSSI: -71 dBm | SNR: 9.00 dB | RX#: 333
09:03:16.749,S1,TX_DATA,,,,333,,,[TX] S1:DATA:333
09:03:16.789,S2,IGNORE_REPLY,,,,,,S1:DATA:333,[IGNORE] S1:DATA:333
09:03:16.819,S1,IGNORE_POLL,,,,,,POLL:2,[IGNORE] POLL:2
09:03:16.826,S2,RX_POLL,-86,9.0,333,,655,,[RX] POLL:2 | RSSI: -86 dBm | SNR: 9.00 dB | RX#: 333
09:03:16.826,S2,TX_DATA,,,,333,,,[TX] S2:DATA:333
09:03:16.864,S1,IGNORE_REPLY,,,,,,S2:DATA:333,[IGNORE] S2:DATA:333
09:03:17.399,S2,IGNORE_POLL,,,,,,POLL:1,[IGNORE] POLL:1
09:03:17.401,S1,RX_POLL,-71,8.75,334,,655,,[RX] POLL:1 | RSSI: -71 dBm | SNR: 8.75 dB | RX#: 334
09:03:17.405,S1,TX_DATA,,,,334,,,[TX] S1:DATA:334
09:03:17.444,S2,IGNORE_REPLY,,,,,,S1:DATA:334,[IGNORE] S1:DATA:334
09:03:17.474,S1,IGNORE_POLL,,,,,,POLL:2,[IGNORE] POLL:2
09:03:17.481,S2,RX_POLL,-86,9.0,334,,655,,[RX] POLL:2 | RSSI: -86 dBm | SNR: 9.00 dB | RX#: 334
09:03:17.481,S2,TX_DATA,,,,334,,,[TX] S2:DATA:334
09:03:17.524,S1,IGNORE_REPLY,,,,,,S2:DATA:334,[IGNORE] S2:DATA:334
09:03:18.054,S2,IGNORE_POLL,,,,,,POLL:1,[IGNORE] POLL:1
09:03:18.056,S1,RX_POLL,-71,9.0,335,,655,,[RX] POLL:1 | RSSI: -71 dBm | SNR: 9.00 dB | RX#: 335
09:03:18.060,S1,TX_DATA,,,,335,,,[TX] S1:DATA:335
09:03:18.100,S2,IGNORE_REPLY,,,,,,S1:DATA:335,[IGNORE] S1:DATA:335
09:03:18.134,S1,IGNORE_POLL,,,,,,POLL:2,[IGNORE] POLL:2
09:03:18.136,S2,RX_POLL,-86,8.75,335,,656,,[RX] POLL:2 | RSSI: -86 dBm | SNR: 8.75 dB | RX#: 335
09:03:18.137,S2,TX_DATA,,,,335,,,[TX] S2:DATA:335
09:03:18.179,S1,IGNORE_REPLY,,,,,,S2:DATA:335,[IGNORE] S2:DATA:335
09:03:18.710,S2,IGNORE_POLL,,,,,,POLL:1,[IGNORE] POLL:1
09:03:18.712,S1,RX_POLL,-71,9.0,336,,656,,[RX] POLL:1 | RSSI: -71 dBm | SNR: 9.00 dB | RX#: 336
09:03:18.716,S1,TX_DATA,,,,336,,,[TX] S1:DATA:336
09:03:18.755,S2,IGNORE_REPLY,,,,,,S1:DATA:336,[IGNORE] S1:DATA:336
09:03:18.789,S1,IGNORE_POLL,,,,,,POLL:2,[IGNORE] POLL:2
09:03:18.792,S2,RX_POLL,-86,9.5,336,,655,,[RX] POLL:2 | RSSI: -86 dBm | SNR: 9.50 dB | RX#: 336
09:03:18.792,S2,TX_DATA,,,,336,,,[TX] S2:DATA:336
09:03:18.835,S1,IGNORE_REPLY,,,,,,S2:DATA:336,[IGNORE] S2:DATA:336
09:03:19.365,S2,IGNORE_POLL,,,,,,POLL:1,[IGNORE] POLL:1
09:03:19.371,S1,RX_POLL,-71,8.75,337,,659,,[RX] POLL:1 | RSSI: -71 dBm | SNR: 8.75 dB | RX#: 337
09:03:19.371,S1,TX_DATA,,,,337,,,[TX] S1:DATA:337
09:03:19.410,S2,IGNORE_REPLY,,,,,,S1:DATA:337,[IGNORE] S1:DATA:337
09:03:19.444,S1,IGNORE_POLL,,,,,,POLL:2,[IGNORE] POLL:2
09:03:19.447,S2,RX_POLL,-87,9.0,337,,655,,[RX] POLL:2 | RSSI: -87 dBm | SNR: 9.00 dB | RX#: 337
09:03:19.447,S2,TX_DATA,,,,337,,,[TX] S2:DATA:337
09:03:19.489,S1,IGNORE_REPLY,,,,,,S2:DATA:337,[IGNORE] S2:DATA:337
09:03:20.020,S2,IGNORE_POLL,,,,,,POLL:1,[IGNORE] POLL:1
09:03:20.026,S1,RX_POLL,-71,9.0,338,,655,,[RX] POLL:1 | RSSI: -71 dBm | SNR: 9.00 dB | RX#: 338
09:03:20.026,S1,TX_DATA,,,,338,,,[TX] S1:DATA:338
09:03:20.065,S2,IGNORE_REPLY,,,,,,S1:DATA:338,[IGNORE] S1:DATA:338
09:03:20.100,S1,IGNORE_POLL,,,,,,POLL:2,[IGNORE] POLL:2
09:03:20.102,S2,RX_POLL,-86,8.5,338,,655,,[RX] POLL:2 | RSSI: -86 dBm | SNR: 8.50 dB | RX#: 338
09:03:20.103,S2,TX_DATA,,,,338,,,[TX] S2:DATA:338
09:03:20.145,S1,IGNORE_REPLY,,,,,,S2:DATA:338,[IGNORE] S2:DATA:338
09:03:20.676,S2,IGNORE_POLL,,,,,,POLL:1,[IGNORE] POLL:1
09:03:20.681,S1,RX_POLL,-71,9.25,339,,655,,[RX] POLL:1 | RSSI: -71 dBm | SNR: 9.25 dB | RX#: 339
09:03:20.682,S1,TX_DATA,,,,339,,,[TX] S1:DATA:339
09:03:20.721,S2,IGNORE_REPLY,,,,,,S1:DATA:339,[IGNORE] S1:DATA:339
09:03:20.755,S1,IGNORE_POLL,,,,,,POLL:2,[IGNORE] POLL:2
09:03:20.758,S2,RX_POLL,-87,9.0,339,,656,,[RX] POLL:2 | RSSI: -87 dBm | SNR: 9.00 dB | RX#: 339
09:03:20.762,S2,TX_DATA,,,,339,,,[TX] S2:DATA:339
09:03:20.800,S1,IGNORE_REPLY,,,,,,S2:DATA:339,[IGNORE] S2:DATA:339
09:03:21.332,S2,IGNORE_POLL,,,,,,POLL:1,[IGNORE] POLL:1
09:03:21.337,S1,RX_POLL,-71,8.75,340,,655,,[RX] POLL:1 | RSSI: -71 dBm | SNR: 8.75 dB | RX#: 340
09:03:21.337,S1,TX_DATA,,,,340,,,[TX] S1:DATA:340
09:03:21.376,S2,IGNORE_REPLY,,,,,,S1:DATA:340,[IGNORE] S1:DATA:340
09:03:21.411,S1,IGNORE_POLL,,,,,,POLL:2,[IGNORE] POLL:2
09:03:21.413,S2,RX_POLL,-87,9.25,340,,655,,[RX] POLL:2 | RSSI: -87 dBm | SNR: 9.25 dB | RX#: 340
09:03:21.417,S2,TX_DATA,,,,340,,,[TX] S2:DATA:340
09:03:21.456,S1,IGNORE_REPLY,,,,,,S2:DATA:340,[IGNORE] S2:DATA:340
09:03:21.990,S2,IGNORE_POLL,,,,,,POLL:1,[IGNORE] POLL:1
09:03:21.992,S1,RX_POLL,-71,9.0,341,,655,,[RX] POLL:1 | RSSI: -71 dBm | SNR: 9.00 dB | RX#: 341
09:03:21.992,S1,TX_DATA,,,,341,,,[TX] S1:DATA:341
09:03:22.035,S2,IGNORE_REPLY,,,,,,S1:DATA:341,[IGNORE] S1:DATA:341
09:03:22.066,S1,IGNORE_POLL,,,,,,POLL:2,[IGNORE] POLL:2
09:03:22.069,S2,RX_POLL,-88,9.0,341,,655,,[RX] POLL:2 | RSSI: -88 dBm | SNR: 9.00 dB | RX#: 341
09:03:22.072,S2,TX_DATA,,,,341,,,[TX] S2:DATA:341
09:03:22.114,S1,IGNORE_REPLY,,,,,,S2:DATA:341,[IGNORE] S2:DATA:341
09:03:22.646,S2,IGNORE_POLL,,,,,,POLL:1,[IGNORE] POLL:1
09:03:22.647,S1,RX_POLL,-71,9.0,342,,655,,[RX] POLL:1 | RSSI: -71 dBm | SNR: 9.00 dB | RX#: 342
09:03:22.648,S1,TX_DATA,,,,342,,,[TX] S1:DATA:342
09:03:22.691,S2,IGNORE_REPLY,,,,,,S1:DATA:342,[IGNORE] S1:DATA:342
09:03:22.721,S1,IGNORE_POLL,,,,,,POLL:2,[IGNORE] POLL:2
09:03:22.724,S2,RX_POLL,-89,8.75,342,,655,,[RX] POLL:2 | RSSI: -89 dBm | SNR: 8.75 dB | RX#: 342
09:03:22.728,S2,TX_DATA,,,,342,,,[TX] S2:DATA:342
09:03:22.766,S1,IGNORE_REPLY,,,,,,S2:DATA:342,[IGNORE] S2:DATA:342
09:03:23.301,S2,IGNORE_POLL,,,,,,POLL:1,[IGNORE] POLL:1
09:03:23.303,S1,RX_POLL,-71,9.0,343,,656,,[RX] POLL:1 | RSSI: -71 dBm | SNR: 9.00 dB | RX#: 343
09:03:23.303,S1,TX_DATA,,,,343,,,[TX] S1:DATA:343
09:03:23.346,S2,IGNORE_REPLY,,,,,,S1:DATA:343,[IGNORE] S1:DATA:343
09:03:23.376,S1,IGNORE_POLL,,,,,,POLL:2,[IGNORE] POLL:2
09:03:23.379,S2,RX_POLL,-88,9.0,343,,655,,[RX] POLL:2 | RSSI: -88 dBm | SNR: 9.00 dB | RX#: 343
09:03:23.387,S2,TX_DATA,,,,343,,,[TX] S2:DATA:343
09:03:23.422,S1,IGNORE_REPLY,,,,,,S2:DATA:343,[IGNORE] S2:DATA:343
09:03:23.956,S2,IGNORE_POLL,,,,,,POLL:1,[IGNORE] POLL:1
09:03:23.958,S1,RX_POLL,-71,8.75,344,,655,,[RX] POLL:1 | RSSI: -71 dBm | SNR: 8.75 dB | RX#: 344
09:03:23.962,S1,TX_DATA,,,,344,,,[TX] S1:DATA:344
09:03:24.001,S2,IGNORE_REPLY,,,,,,S1:DATA:344,[IGNORE] S1:DATA:344
09:03:24.032,S1,IGNORE_POLL,,,,,,POLL:2,[IGNORE] POLL:2
09:03:24.038,S2,RX_POLL,-88,9.25,344,,659,,[RX] POLL:2 | RSSI: -88 dBm | SNR: 9.25 dB | RX#: 344
09:03:24.039,S2,TX_DATA,,,,344,,,[TX] S2:DATA:344
09:03:24.077,S1,IGNORE_REPLY,,,,,,S2:DATA:344,[IGNORE] S2:DATA:344
09:03:24.612,S2,IGNORE_POLL,,,,,,POLL:1,[IGNORE] POLL:1
09:03:24.613,S1,RX_POLL,-71,8.75,345,,655,,[RX] POLL:1 | RSSI: -71 dBm | SNR: 8.75 dB | RX#: 345
09:03:24.617,S1,TX_DATA,,,,345,,,[TX] S1:DATA:345
09:03:24.661,S2,IGNORE_REPLY,,,,,,S1:DATA:345,[IGNORE] S1:DATA:345
09:03:24.687,S1,IGNORE_POLL,,,,,,POLL:2,[IGNORE] POLL:2
09:03:24.694,S2,RX_POLL,-88,8.5,345,,656,,[RX] POLL:2 | RSSI: -88 dBm | SNR: 8.50 dB | RX#: 345
09:03:24.695,S2,TX_DATA,,,,345,,,[TX] S2:DATA:345
09:03:24.736,S1,IGNORE_REPLY,,,,,,S2:DATA:345,[IGNORE] S2:DATA:345
09:03:25.267,S2,IGNORE_POLL,,,,,,POLL:1,[IGNORE] POLL:1
09:03:25.269,S1,RX_POLL,-71,8.75,346,,655,,[RX] POLL:1 | RSSI: -71 dBm | SNR: 8.75 dB | RX#: 346
09:03:25.273,S1,TX_DATA,,,,346,,,[TX] S1:DATA:346
09:03:25.312,S2,IGNORE_REPLY,,,,,,S1:DATA:346,[IGNORE] S1:DATA:346
09:03:25.342,S1,IGNORE_POLL,,,,,,POLL:2,[IGNORE] POLL:2
09:03:25.349,S2,RX_POLL,-88,8.75,346,,655,,[RX] POLL:2 | RSSI: -88 dBm | SNR: 8.75 dB | RX#: 346
09:03:25.349,S2,TX_DATA,,,,346,,,[TX] S2:DATA:346
09:03:25.391,S1,IGNORE_REPLY,,,,,,S2:DATA:346,[IGNORE] S2:DATA:346
09:03:25.923,S2,IGNORE_POLL,,,,,,POLL:1,[IGNORE] POLL:1
09:03:25.924,S1,RX_POLL,-71,8.75,347,,655,,[RX] POLL:1 | RSSI: -71 dBm | SNR: 8.75 dB | RX#: 347
09:03:25.928,S1,TX_DATA,,,,347,,,[TX] S1:DATA:347
09:03:25.967,S2,IGNORE_REPLY,,,,,,S1:DATA:347,[IGNORE] S1:DATA:347
09:03:26.001,S1,IGNORE_POLL,,,,,,POLL:2,[IGNORE] POLL:2
09:03:26.004,S2,RX_POLL,-89,8.75,347,,655,,[RX] POLL:2 | RSSI: -89 dBm | SNR: 8.75 dB | RX#: 347
09:03:26.005,S2,TX_DATA,,,,347,,,[TX] S2:DATA:347
09:03:26.047,S1,IGNORE_REPLY,,,,,,S2:DATA:347,[IGNORE] S2:DATA:347
09:03:26.578,S2,IGNORE_POLL,,,,,,POLL:1,[IGNORE] POLL:1
09:03:26.580,S1,RX_POLL,-71,9.0,348,,655,,[RX] POLL:1 | RSSI: -71 dBm | SNR: 9.00 dB | RX#: 348
09:03:26.584,S1,TX_DATA,,,,348,,,[TX] S1:DATA:348
09:03:26.623,S2,IGNORE_REPLY,,,,,,S1:DATA:348,[IGNORE] S1:DATA:348
09:03:26.657,S1,IGNORE_POLL,,,,,,POLL:2,[IGNORE] POLL:2
09:03:26.660,S2,RX_POLL,-87,9.0,348,,655,,[RX] POLL:2 | RSSI: -87 dBm | SNR: 9.00 dB | RX#: 348
09:03:26.660,S2,TX_DATA,,,,348,,,[TX] S2:DATA:348
09:03:26.702,S1,IGNORE_REPLY,,,,,,S2:DATA:348,[IGNORE] S2:DATA:348
09:03:27.233,S2,IGNORE_POLL,,,,,,POLL:1,[IGNORE] POLL:1
09:03:27.238,S1,RX_POLL,-71,9.25,349,,659,,[RX] POLL:1 | RSSI: -71 dBm | SNR: 9.25 dB | RX#: 349
09:03:27.239,S1,TX_DATA,,,,349,,,[TX] S1:DATA:349
09:03:27.278,S2,IGNORE_REPLY,,,,,,S1:DATA:349,[IGNORE] S1:DATA:349
09:03:27.312,S1,IGNORE_POLL,,,,,,POLL:2,[IGNORE] POLL:2
09:03:27.315,S2,RX_POLL,-89,9.0,349,,655,,[RX] POLL:2 | RSSI: -89 dBm | SNR: 9.00 dB | RX#: 349
09:03:27.315,S2,TX_DATA,,,,349,,,[TX] S2:DATA:349
09:03:27.357,S1,IGNORE_REPLY,,,,,,S2:DATA:349,[IGNORE] S2:DATA:349
09:03:27.888,S2,IGNORE_POLL,,,,,,POLL:1,[IGNORE] POLL:1
09:03:27.894,S1,RX_POLL,-71,8.75,350,,656,,[RX] POLL:1 | RSSI: -71 dBm | SNR: 8.75 dB | RX#: 350
09:03:27.895,S1,TX_DATA,,,,350,,,[TX] S1:DATA:350
09:03:27.933,S2,IGNORE_REPLY,,,,,,S1:DATA:350,[IGNORE] S1:DATA:350
09:03:27.972,S2,RX_POLL,-89,8.5,350,,657,,[RX] POLL:2 | RSSI: -89 dBm | SNR: 8.50 dB | RX#: 350
09:03:27.973,S2,TX_DATA,,,,350,,,[TX] S2:DATA:350
09:03:27.973,S1,IGNORE_POLL,,,,,,POLL:2,[IGNORE] POLL:2
09:03:28.013,S1,IGNORE_REPLY,,,,,,S2:DATA:350,[IGNORE] S2:DATA:350
09:03:28.544,S2,IGNORE_POLL,,,,,,POLL:1,[IGNORE] POLL:1
09:03:28.549,S1,RX_POLL,-71,8.5,351,,655,,[RX] POLL:1 | RSSI: -71 dBm | SNR: 8.50 dB | RX#: 351
09:03:28.550,S1,TX_DATA,,,,351,,,[TX] S1:DATA:351
09:03:28.589,S2,IGNORE_REPLY,,,,,,S1:DATA:351,[IGNORE] S1:DATA:351
09:03:28.623,S1,IGNORE_POLL,,,,,,POLL:2,[IGNORE] POLL:2
09:03:28.626,S2,RX_POLL,-89,8.25,351,,653,,[RX] POLL:2 | RSSI: -89 dBm | SNR: 8.25 dB | RX#: 351
09:03:28.626,S2,TX_DATA,,,,351,,,[TX] S2:DATA:351
09:03:28.668,S1,IGNORE_REPLY,,,,,,S2:DATA:351,[IGNORE] S2:DATA:351
09:03:29.199,S2,IGNORE_POLL,,,,,,POLL:1,[IGNORE] POLL:1
09:03:29.205,S1,RX_POLL,-71,8.5,352,,656,,[RX] POLL:1 | RSSI: -71 dBm | SNR: 8.50 dB | RX#: 352
09:03:29.206,S1,TX_DATA,,,,352,,,[TX] S1:DATA:352
09:03:29.248,S2,IGNORE_REPLY,,,,,,S1:DATA:352,[IGNORE] S1:DATA:352
09:03:29.279,S1,IGNORE_POLL,,,,,,POLL:2,[IGNORE] POLL:2
09:03:29.281,S2,RX_POLL,-88,8.75,352,,655,,[RX] POLL:2 | RSSI: -88 dBm | SNR: 8.75 dB | RX#: 352
09:03:29.281,S2,TX_DATA,,,,352,,,[TX] S2:DATA:352
09:03:29.324,S1,IGNORE_REPLY,,,,,,S2:DATA:352,[IGNORE] S2:DATA:352
09:03:29.854,S2,IGNORE_POLL,,,,,,POLL:1,[IGNORE] POLL:1
09:03:29.860,S1,RX_POLL,-71,9.25,353,,655,,[RX] POLL:1 | RSSI: -71 dBm | SNR: 9.25 dB | RX#: 353
09:03:29.860,S1,TX_DATA,,,,353,,,[TX] S1:DATA:353
09:03:29.899,S2,IGNORE_REPLY,,,,,,S1:DATA:353,[IGNORE] S1:DATA:353
09:03:29.934,S1,IGNORE_POLL,,,,,,POLL:2,[IGNORE] POLL:2
09:03:29.936,S2,RX_POLL,-88,8.75,353,,655,,[RX] POLL:2 | RSSI: -88 dBm | SNR: 8.75 dB | RX#: 353
09:03:29.940,S2,TX_DATA,,,,353,,,[TX] S2:DATA:353
09:03:29.979,S1,IGNORE_REPLY,,,,,,S2:DATA:353,[IGNORE] S2:DATA:353
09:03:30.510,S2,IGNORE_POLL,,,,,,POLL:1,[IGNORE] POLL:1
09:03:30.515,S1,RX_POLL,-71,8.75,354,,656,,[RX] POLL:1 | RSSI: -71 dBm | SNR: 8.75 dB | RX#: 354
09:03:30.516,S1,TX_DATA,,,,354,,,[TX] S1:DATA:354
09:03:30.558,S2,IGNORE_REPLY,,,,,,S1:DATA:354,[IGNORE] S1:DATA:354
09:03:30.589,S1,IGNORE_POLL,,,,,,POLL:2,[IGNORE] POLL:2
09:03:30.592,S2,RX_POLL,-89,9.0,354,,655,,[RX] POLL:2 | RSSI: -89 dBm | SNR: 9.00 dB | RX#: 354
09:03:30.596,S2,TX_DATA,,,,354,,,[TX] S2:DATA:354
09:03:30.635,S1,IGNORE_REPLY,,,,,,S2:DATA:354,[IGNORE] S2:DATA:354
09:03:31.169,S2,IGNORE_POLL,,,,,,POLL:1,[IGNORE] POLL:1
09:03:31.172,S1,RX_POLL,-71,9.0,355,,656,,[RX] POLL:1 | RSSI: -71 dBm | SNR: 9.00 dB | RX#: 355
09:03:31.172,S1,TX_DATA,,,,355,,,[TX] S1:DATA:355
09:03:31.214,S2,IGNORE_REPLY,,,,,,S1:DATA:355,[IGNORE] S1:DATA:355
09:03:31.244,S1,IGNORE_POLL,,,,,,POLL:2,[IGNORE] POLL:2
09:03:31.247,S2,RX_POLL,-89,8.5,355,,655,,[RX] POLL:2 | RSSI: -89 dBm | SNR: 8.50 dB | RX#: 355
09:03:31.251,S2,TX_DATA,,,,355,,,[TX] S2:DATA:355
09:03:31.290,S1,IGNORE_REPLY,,,,,,S2:DATA:355,[IGNORE] S2:DATA:355
09:03:31.824,S2,IGNORE_POLL,,,,,,POLL:1,[IGNORE] POLL:1
09:03:31.826,S1,RX_POLL,-71,8.75,356,,654,,[RX] POLL:1 | RSSI: -71 dBm | SNR: 8.75 dB | RX#: 356
09:03:31.827,S1,TX_DATA,,,,356,,,[TX] S1:DATA:356
09:03:31.869,S2,IGNORE_REPLY,,,,,,S1:DATA:356,[IGNORE] S1:DATA:356
09:03:31.900,S1,IGNORE_POLL,,,,,,POLL:2,[IGNORE] POLL:2
09:03:31.903,S2,RX_POLL,-89,8.75,356,,656,,[RX] POLL:2 | RSSI: -89 dBm | SNR: 8.75 dB | RX#: 356
09:03:31.906,S2,TX_DATA,,,,356,,,[TX] S2:DATA:356
09:03:31.945,S1,IGNORE_REPLY,,,,,,S2:DATA:356,[IGNORE] S2:DATA:356
09:03:32.480,S2,IGNORE_POLL,,,,,,POLL:1,[IGNORE] POLL:1
09:03:32.481,S1,RX_POLL,-71,9.0,357,,655,,[RX] POLL:1 | RSSI: -71 dBm | SNR: 9.00 dB | RX#: 357
09:03:32.485,S1,TX_DATA,,,,357,,,[TX] S1:DATA:357
09:03:32.525,S2,IGNORE_REPLY,,,,,,S1:DATA:357,[IGNORE] S1:DATA:357
09:03:32.555,S1,IGNORE_POLL,,,,,,POLL:2,[IGNORE] POLL:2
09:03:32.558,S2,RX_POLL,-90,8.75,357,,655,,[RX] POLL:2 | RSSI: -90 dBm | SNR: 8.75 dB | RX#: 357
09:03:32.563,S2,TX_DATA,,,,357,,,[TX] S2:DATA:357
09:03:32.600,S1,IGNORE_REPLY,,,,,,S2:DATA:357,[IGNORE] S2:DATA:357
09:03:33.135,S2,IGNORE_POLL,,,,,,POLL:1,[IGNORE] POLL:1
09:03:33.137,S1,RX_POLL,-70,8.75,358,,656,,[RX] POLL:1 | RSSI: -70 dBm | SNR: 8.75 dB | RX#: 358
09:03:33.141,S1,TX_DATA,,,,358,,,[TX] S1:DATA:358
09:03:33.180,S2,IGNORE_REPLY,,,,,,S1:DATA:358,[IGNORE] S1:DATA:358
09:03:33.211,S1,IGNORE_POLL,,,,,,POLL:2,[IGNORE] POLL:2
09:03:33.218,S2,RX_POLL,-88,8.5,358,,660,,[RX] POLL:2 | RSSI: -88 dBm | SNR: 8.50 dB | RX#: 358
09:03:33.218,S2,TX_DATA,,,,358,,,[TX] S2:DATA:358
09:03:33.256,S1,IGNORE_REPLY,,,,,,S2:DATA:358,[IGNORE] S2:DATA:358
09:03:33.790,S2,IGNORE_POLL,,,,,,POLL:1,[IGNORE] POLL:1
09:03:33.792,S1,RX_POLL,-71,9.0,359,,655,,[RX] POLL:1 | RSSI: -71 dBm | SNR: 9.00 dB | RX#: 359
09:03:33.796,S1,TX_DATA,,,,359,,,[TX] S1:DATA:359
09:03:33.836,S2,IGNORE_REPLY,,,,,,S1:DATA:359,[IGNORE] S1:DATA:359
09:03:33.866,S1,IGNORE_POLL,,,,,,POLL:2,[IGNORE] POLL:2
09:03:33.872,S2,RX_POLL,-86,8.75,359,,654,,[RX] POLL:2 | RSSI: -86 dBm | SNR: 8.75 dB | RX#: 359
09:03:33.873,S2,TX_DATA,,,,359,,,[TX] S2:DATA:359
09:03:33.915,S1,IGNORE_REPLY,,,,,,S2:DATA:359,[IGNORE] S2:DATA:359
09:03:34.446,S2,IGNORE_POLL,,,,,,POLL:1,[IGNORE] POLL:1
09:03:34.447,S1,RX_POLL,-71,9.0,360,,655,,[RX] POLL:1 | RSSI: -71 dBm | SNR: 9.00 dB | RX#: 360
09:03:34.451,S1,TX_DATA,,,,360,,,[TX] S1:DATA:360
09:03:34.491,S2,IGNORE_REPLY,,,,,,S1:DATA:360,[IGNORE] S1:DATA:360
09:03:34.525,S1,IGNORE_POLL,,,,,,POLL:2,[IGNORE] POLL:2
09:03:34.528,S2,RX_POLL,-86,9.25,360,,655,,[RX] POLL:2 | RSSI: -86 dBm | SNR: 9.25 dB | RX#: 360
09:03:34.528,S2,TX_DATA,,,,360,,,[TX] S2:DATA:360
09:03:34.570,S1,IGNORE_REPLY,,,,,,S2:DATA:360,[IGNORE] S2:DATA:360
09:03:35.101,S2,IGNORE_POLL,,,,,,POLL:1,[IGNORE] POLL:1
09:03:35.103,S1,RX_POLL,-71,8.75,361,,655,,[RX] POLL:1 | RSSI: -71 dBm | SNR: 8.75 dB | RX#: 361
09:03:35.110,S1,TX_DATA,,,,361,,,[TX] S1:DATA:361
09:03:35.146,S2,IGNORE_REPLY,,,,,,S1:DATA:361,[IGNORE] S1:DATA:361
09:03:35.180,S1,IGNORE_POLL,,,,,,POLL:2,[IGNORE] POLL:2
09:03:35.183,S2,RX_POLL,-86,8.5,361,,655,,[RX] POLL:2 | RSSI: -86 dBm | SNR: 8.50 dB | RX#: 361
09:03:35.183,S2,TX_DATA,,,,361,,,[TX] S2:DATA:361
09:03:35.225,S1,IGNORE_REPLY,,,,,,S2:DATA:361,[IGNORE] S2:DATA:361
09:03:35.757,S2,IGNORE_POLL,,,,,,POLL:1,[IGNORE] POLL:1
09:03:35.762,S1,RX_POLL,-71,9.0,362,,660,,[RX] POLL:1 | RSSI: -71 dBm | SNR: 9.00 dB | RX#: 362
09:03:35.762,S1,TX_DATA,,,,362,,,[TX] S1:DATA:362
09:03:35.802,S2,IGNORE_REPLY,,,,,,S1:DATA:362,[IGNORE] S1:DATA:362
09:03:35.835,S1,IGNORE_POLL,,,,,,POLL:2,[IGNORE] POLL:2
09:03:35.839,S2,RX_POLL,-85,8.5,362,,656,,[RX] POLL:2 | RSSI: -85 dBm | SNR: 8.50 dB | RX#: 362
09:03:35.839,S2,TX_DATA,,,,362,,,[TX] S2:DATA:362
09:03:35.881,S1,IGNORE_REPLY,,,,,,S2:DATA:362,[IGNORE] S2:DATA:362
09:03:36.412,S2,IGNORE_POLL,,,,,,POLL:1,[IGNORE] POLL:1
09:03:36.417,S1,RX_POLL,-71,8.75,363,,655,,[RX] POLL:1 | RSSI: -71 dBm | SNR: 8.75 dB | RX#: 363
09:03:36.417,S1,TX_DATA,,,,363,,,[TX] S1:DATA:363
09:03:36.457,S2,IGNORE_REPLY,,,,,,S1:DATA:363,[IGNORE] S1:DATA:363
09:03:36.491,S1,IGNORE_POLL,,,,,,POLL:2,[IGNORE] POLL:2
09:03:36.494,S2,RX_POLL,-89,8.5,363,,656,,[RX] POLL:2 | RSSI: -89 dBm | SNR: 8.50 dB | RX#: 363
09:03:36.495,S2,TX_DATA,,,,363,,,[TX] S2:DATA:363
09:03:36.536,S1,IGNORE_REPLY,,,,,,S2:DATA:363,[IGNORE] S2:DATA:363
09:03:37.067,S2,IGNORE_POLL,,,,,,POLL:1,[IGNORE] POLL:1
09:03:37.072,S1,RX_POLL,-71,8.75,364,,655,,[RX] POLL:1 | RSSI: -71 dBm | SNR: 8.75 dB | RX#: 364
09:03:37.073,S1,TX_DATA,,,,364,,,[TX] S1:DATA:364
09:03:37.112,S2,IGNORE_REPLY,,,,,,S1:DATA:364,[IGNORE] S1:DATA:364
09:03:37.150,S1,IGNORE_POLL,,,,,,POLL:2,[IGNORE] POLL:2
09:03:37.150,S2,RX_POLL,-90,8.5,364,,656,,[RX] POLL:2 | RSSI: -90 dBm | SNR: 8.50 dB | RX#: 364
09:03:37.150,S2,TX_DATA,,,,364,,,[TX] S2:DATA:364
09:03:37.192,S1,IGNORE_REPLY,,,,,,S2:DATA:364,[IGNORE] S2:DATA:364
09:03:37.722,S2,IGNORE_POLL,,,,,,POLL:1,[IGNORE] POLL:1
09:03:37.728,S1,RX_POLL,-71,8.75,365,,655,,[RX] POLL:1 | RSSI: -71 dBm | SNR: 8.75 dB | RX#: 365
09:03:37.728,S1,TX_DATA,,,,365,,,[TX] S1:DATA:365
09:03:37.768,S2,IGNORE_REPLY,,,,,,S1:DATA:365,[IGNORE] S1:DATA:365
09:03:37.802,S1,IGNORE_POLL,,,,,,POLL:2,[IGNORE] POLL:2
09:03:37.805,S2,RX_POLL,-90,8.75,365,,654,,[RX] POLL:2 | RSSI: -90 dBm | SNR: 8.75 dB | RX#: 365
09:03:37.805,S2,TX_DATA,,,,365,,,[TX] S2:DATA:365
09:03:37.847,S1,IGNORE_REPLY,,,,,,S2:DATA:365,[IGNORE] S2:DATA:365
09:03:38.378,S2,IGNORE_POLL,,,,,,POLL:1,[IGNORE] POLL:1
09:03:38.383,S1,RX_POLL,-71,8.75,366,,655,,[RX] POLL:1 | RSSI: -71 dBm | SNR: 8.75 dB | RX#: 366
09:03:38.383,S1,TX_DATA,,,,366,,,[TX] S1:DATA:366
09:03:38.423,S2,IGNORE_REPLY,,,,,,S1:DATA:366,[IGNORE] S1:DATA:366
09:03:38.458,S1,IGNORE_POLL,,,,,,POLL:2,[IGNORE] POLL:2
09:03:38.460,S2,RX_POLL,-90,8.75,366,,655,,[RX] POLL:2 | RSSI: -90 dBm | SNR: 8.75 dB | RX#: 366
09:03:38.464,S2,TX_DATA,,,,366,,,[TX] S2:DATA:366
09:03:38.502,S1,IGNORE_REPLY,,,,,,S2:DATA:366,[IGNORE] S2:DATA:366
09:03:39.033,S2,IGNORE_POLL,,,,,,POLL:1,[IGNORE] POLL:1
09:03:39.039,S1,RX_POLL,-71,9.0,367,,656,,[RX] POLL:1 | RSSI: -71 dBm | SNR: 9.00 dB | RX#: 367
09:03:39.040,S1,TX_DATA,,,,367,,,[TX] S1:DATA:367
09:03:39.079,S2,IGNORE_REPLY,,,,,,S1:DATA:367,[IGNORE] S1:DATA:367
09:03:39.112,S1,IGNORE_POLL,,,,,,POLL:2,[IGNORE] POLL:2
09:03:39.115,S2,RX_POLL,-90,8.75,367,,655,,[RX] POLL:2 | RSSI: -90 dBm | SNR: 8.75 dB | RX#: 367
09:03:39.119,S2,TX_DATA,,,,367,,,[TX] S2:DATA:367
09:03:39.157,S1,IGNORE_REPLY,,,,,,S2:DATA:367,[IGNORE] S2:DATA:367
09:03:39.692,S2,IGNORE_POLL,,,,,,POLL:1,[IGNORE] POLL:1
09:03:39.698,S1,RX_POLL,-71,9.0,368,,659,,[RX] POLL:1 | RSSI: -71 dBm | SNR: 9.00 dB | RX#: 368
09:03:39.698,S1,TX_DATA,,,,368,,,[TX] S1:DATA:368
09:03:39.737,S2,IGNORE_REPLY,,,,,,S1:DATA:368,[IGNORE] S1:DATA:368
09:03:39.768,S1,IGNORE_POLL,,,,,,POLL:2,[IGNORE] POLL:2
09:03:39.770,S2,RX_POLL,-90,8.5,368,,655,,[RX] POLL:2 | RSSI: -90 dBm | SNR: 8.50 dB | RX#: 368
09:03:39.774,S2,TX_DATA,,,,368,,,[TX] S2:DATA:368
09:03:39.813,S1,IGNORE_REPLY,,,,,,S2:DATA:368,[IGNORE] S2:DATA:368
09:03:40.348,S2,IGNORE_POLL,,,,,,POLL:1,[IGNORE] POLL:1
09:03:40.349,S1,RX_POLL,-71,8.75,369,,652,,[RX] POLL:1 | RSSI: -71 dBm | SNR: 8.75 dB | RX#: 369
09:03:40.350,S1,TX_DATA,,,,369,,,[TX] S1:DATA:369
09:03:40.393,S2,IGNORE_REPLY,,,,,,S1:DATA:369,[IGNORE] S1:DATA:369
09:03:40.423,S1,IGNORE_POLL,,,,,,POLL:2,[IGNORE] POLL:2
09:03:40.426,S2,RX_POLL,-89,8.25,369,,655,,[RX] POLL:2 | RSSI: -89 dBm | SNR: 8.25 dB | RX#: 369
09:03:40.429,S2,TX_DATA,,,,369,,,[TX] S2:DATA:369
09:03:40.468,S1,IGNORE_REPLY,,,,,,S2:DATA:369,[IGNORE] S2:DATA:369
09:03:41.003,S2,IGNORE_POLL,,,,,,POLL:1,[IGNORE] POLL:1
09:03:41.005,S1,RX_POLL,-72,8.75,370,,656,,[RX] POLL:1 | RSSI: -72 dBm | SNR: 8.75 dB | RX#: 370
09:03:41.008,S1,TX_DATA,,,,370,,,[TX] S1:DATA:370
09:03:41.048,S2,IGNORE_REPLY,,,,,,S1:DATA:370,[IGNORE] S1:DATA:370
09:03:41.078,S1,IGNORE_POLL,,,,,,POLL:2,[IGNORE] POLL:2
09:03:41.081,S2,RX_POLL,-89,8.5,370,,656,,[RX] POLL:2 | RSSI: -89 dBm | SNR: 8.50 dB | RX#: 370
09:03:41.085,S2,TX_DATA,,,,370,,,[TX] S2:DATA:370
09:03:41.124,S1,IGNORE_REPLY,,,,,,S2:DATA:370,[IGNORE] S2:DATA:370
09:03:41.659,S2,IGNORE_POLL,,,,,,POLL:1,[IGNORE] POLL:1
09:03:41.660,S1,RX_POLL,-71,9.25,371,,655,,[RX] POLL:1 | RSSI: -71 dBm | SNR: 9.25 dB | RX#: 371
09:03:41.664,S1,TX_DATA,,,,371,,,[TX] S1:DATA:371
09:03:41.703,S2,IGNORE_REPLY,,,,,,S1:DATA:371,[IGNORE] S1:DATA:371
09:03:41.736,S1,IGNORE_POLL,,,,,,POLL:2,[IGNORE] POLL:2
09:03:41.741,S2,RX_POLL,-90,8.5,371,,659,,[RX] POLL:2 | RSSI: -90 dBm | SNR: 8.50 dB | RX#: 371
09:03:41.741,S2,TX_DATA,,,,371,,,[TX] S2:DATA:371
09:03:41.779,S1,IGNORE_REPLY,,,,,,S2:DATA:371,[IGNORE] S2:DATA:371
09:03:42.314,S2,IGNORE_POLL,,,,,,POLL:1,[IGNORE] POLL:1
09:03:42.315,S1,RX_POLL,-71,9.0,372,,656,,[RX] POLL:1 | RSSI: -71 dBm | SNR: 9.00 dB | RX#: 372
09:03:42.319,S1,TX_DATA,,,,372,,,[TX] S1:DATA:372
09:03:42.359,S2,IGNORE_REPLY,,,,,,S1:DATA:372,[IGNORE] S1:DATA:372
09:03:42.389,S1,IGNORE_POLL,,,,,,POLL:2,[IGNORE] POLL:2
09:03:42.396,S2,RX_POLL,-90,8.75,372,,655,,[RX] POLL:2 | RSSI: -90 dBm | SNR: 8.75 dB | RX#: 372
09:03:42.396,S2,TX_DATA,,,,372,,,[TX] S2:DATA:372
09:03:42.438,S1,IGNORE_REPLY,,,,,,S2:DATA:372,[IGNORE] S2:DATA:372
09:03:42.969,S2,IGNORE_POLL,,,,,,POLL:1,[IGNORE] POLL:1
09:03:42.971,S1,RX_POLL,-71,9.0,373,,655,,[RX] POLL:1 | RSSI: -71 dBm | SNR: 9.00 dB | RX#: 373
09:03:42.974,S1,TX_DATA,,,,373,,,[TX] S1:DATA:373
09:03:43.014,S2,IGNORE_REPLY,,,,,,S1:DATA:373,[IGNORE] S1:DATA:373
09:03:43.048,S1,IGNORE_POLL,,,,,,POLL:2,[IGNORE] POLL:2
09:03:43.051,S2,RX_POLL,-91,8.75,373,,656,,[RX] POLL:2 | RSSI: -91 dBm | SNR: 8.75 dB | RX#: 373
09:03:43.052,S2,TX_DATA,,,,373,,,[TX] S2:DATA:373
09:03:43.093,S1,IGNORE_REPLY,,,,,,S2:DATA:373,[IGNORE] S2:DATA:373
09:03:43.625,S2,IGNORE_POLL,,,,,,POLL:1,[IGNORE] POLL:1
09:03:43.626,S1,RX_POLL,-71,8.75,374,,656,,[RX] POLL:1 | RSSI: -71 dBm | SNR: 8.75 dB | RX#: 374
09:03:43.630,S1,TX_DATA,,,,374,,,[TX] S1:DATA:374
09:03:43.670,S2,IGNORE_REPLY,,,,,,S1:DATA:374,[IGNORE] S1:DATA:374
09:03:43.704,S1,IGNORE_POLL,,,,,,POLL:2,[IGNORE] POLL:2
09:03:43.707,S2,RX_POLL,-91,8.5,374,,655,,[RX] POLL:2 | RSSI: -91 dBm | SNR: 8.50 dB | RX#: 374
09:03:43.707,S2,TX_DATA,,,,374,,,[TX] S2:DATA:374
09:03:43.748,S1,IGNORE_REPLY,,,,,,S2:DATA:374,[IGNORE] S2:DATA:374
09:03:44.280,S2,IGNORE_POLL,,,,,,POLL:1,[IGNORE] POLL:1
09:03:44.286,S1,RX_POLL,-71,9.0,375,,659,,[RX] POLL:1 | RSSI: -71 dBm | SNR: 9.00 dB | RX#: 375
09:03:44.286,S1,TX_DATA,,,,375,,,[TX] S1:DATA:375
09:03:44.325,S2,IGNORE_REPLY,,,,,,S1:DATA:375,[IGNORE] S1:DATA:375
09:03:44.359,S1,IGNORE_POLL,,,,,,POLL:2,[IGNORE] POLL:2
09:03:44.362,S2,RX_POLL,-89,8.75,375,,655,,[RX] POLL:2 | RSSI: -89 dBm | SNR: 8.75 dB | RX#: 375
09:03:44.362,S2,TX_DATA,,,,375,,,[TX] S2:DATA:375
09:03:44.404,S1,IGNORE_REPLY,,,,,,S2:DATA:375,[IGNORE] S2:DATA:375
09:03:44.935,S2,IGNORE_POLL,,,,,,POLL:1,[IGNORE] POLL:1
09:03:44.940,S1,RX_POLL,-71,8.75,376,,655,,[RX] POLL:1 | RSSI: -71 dBm | SNR: 8.75 dB | RX#: 376
09:03:44.941,S1,TX_DATA,,,,376,,,[TX] S1:DATA:376
09:03:44.980,S2,IGNORE_REPLY,,,,,,S1:DATA:376,[IGNORE] S1:DATA:376
09:03:45.014,S1,IGNORE_POLL,,,,,,POLL:2,[IGNORE] POLL:2
09:03:45.017,S2,RX_POLL,-91,8.5,376,,656,,[RX] POLL:2 | RSSI: -91 dBm | SNR: 8.50 dB | RX#: 376
09:03:45.018,S2,TX_DATA,,,,376,,,[TX] S2:DATA:376
09:03:45.059,S1,IGNORE_REPLY,,,,,,S2:DATA:376,[IGNORE] S2:DATA:376
09:03:45.591,S2,IGNORE_POLL,,,,,,POLL:1,[IGNORE] POLL:1
09:03:45.596,S1,RX_POLL,-71,8.75,377,,656,,[RX] POLL:1 | RSSI: -71 dBm | SNR: 8.75 dB | RX#: 377
09:03:45.596,S1,TX_DATA,,,,377,,,[TX] S1:DATA:377
09:03:45.635,S2,IGNORE_REPLY,,,,,,S1:DATA:377,[IGNORE] S1:DATA:377
09:03:45.670,S1,IGNORE_POLL,,,,,,POLL:2,[IGNORE] POLL:2
09:03:45.673,S2,RX_POLL,-90,8.75,377,,656,,[RX] POLL:2 | RSSI: -90 dBm | SNR: 8.75 dB | RX#: 377
09:03:45.674,S2,TX_DATA,,,,377,,,[TX] S2:DATA:377
09:03:45.715,S1,IGNORE_REPLY,,,,,,S2:DATA:377,[IGNORE] S2:DATA:377
09:03:46.246,S2,IGNORE_POLL,,,,,,POLL:1,[IGNORE] POLL:1
09:03:46.252,S1,RX_POLL,-71,8.75,378,,656,,[RX] POLL:1 | RSSI: -71 dBm | SNR: 8.75 dB | RX#: 378
09:03:46.253,S1,TX_DATA,,,,378,,,[TX] S1:DATA:378
09:03:46.291,S2,IGNORE_REPLY,,,,,,S1:DATA:378,[IGNORE] S1:DATA:378
09:03:46.325,S1,IGNORE_POLL,,,,,,POLL:2,[IGNORE] POLL:2
09:03:46.328,S2,RX_POLL,-86,8.75,378,,655,,[RX] POLL:2 | RSSI: -86 dBm | SNR: 8.75 dB | RX#: 378
09:03:46.329,S2,TX_DATA,,,,378,,,[TX] S2:DATA:378
09:03:46.370,S1,IGNORE_REPLY,,,,,,S2:DATA:378,[IGNORE] S2:DATA:378
09:03:46.901,S2,IGNORE_POLL,,,,,,POLL:1,[IGNORE] POLL:1
09:03:46.907,S1,RX_POLL,-71,8.25,379,,654,,[RX] POLL:1 | RSSI: -71 dBm | SNR: 8.25 dB | RX#: 379
09:03:46.907,S1,TX_DATA,,,,379,,,[TX] S1:DATA:379
09:03:46.946,S2,IGNORE_REPLY,,,,,,S1:DATA:379,[IGNORE] S1:DATA:379
09:03:46.980,S1,IGNORE_POLL,,,,,,POLL:2,[IGNORE] POLL:2
09:03:46.983,S2,RX_POLL,-86,9.0,379,,655,,[RX] POLL:2 | RSSI: -86 dBm | SNR: 9.00 dB | RX#: 379
09:03:46.987,S2,TX_DATA,,,,379,,,[TX] S2:DATA:379
09:03:47.025,S1,IGNORE_REPLY,,,,,,S2:DATA:379,[IGNORE] S2:DATA:379
09:03:47.556,S2,IGNORE_POLL,,,,,,POLL:1,[IGNORE] POLL:1
09:03:47.562,S1,RX_POLL,-71,8.75,380,,655,,[RX] POLL:1 | RSSI: -71 dBm | SNR: 8.75 dB | RX#: 380
09:03:47.562,S1,TX_DATA,,,,380,,,[TX] S1:DATA:380
09:03:47.602,S2,IGNORE_REPLY,,,,,,S1:DATA:380,[IGNORE] S1:DATA:380
09:03:47.636,S1,IGNORE_POLL,,,,,,POLL:2,[IGNORE] POLL:2
09:03:47.638,S2,RX_POLL,-86,8.75,380,,655,,[RX] POLL:2 | RSSI: -86 dBm | SNR: 8.75 dB | RX#: 380
09:03:47.642,S2,TX_DATA,,,,380,,,[TX] S2:DATA:380
09:03:47.681,S1,IGNORE_REPLY,,,,,,S2:DATA:380,[IGNORE] S2:DATA:380
09:03:48.212,S2,IGNORE_POLL,,,,,,POLL:1,[IGNORE] POLL:1
09:03:48.217,S1,RX_POLL,-71,9.25,381,,655,,[RX] POLL:1 | RSSI: -71 dBm | SNR: 9.25 dB | RX#: 381
09:03:48.218,S1,TX_DATA,,,,381,,,[TX] S1:DATA:381
09:03:48.260,S2,IGNORE_REPLY,,,,,,S1:DATA:381,[IGNORE] S1:DATA:381
09:03:48.291,S1,IGNORE_POLL,,,,,,POLL:2,[IGNORE] POLL:2
09:03:48.294,S2,RX_POLL,-86,9.0,381,,655,,[RX] POLL:2 | RSSI: -86 dBm | SNR: 9.00 dB | RX#: 381
09:03:48.297,S2,TX_DATA,,,,381,,,[TX] S2:DATA:381
09:03:48.336,S1,IGNORE_REPLY,,,,,,S2:DATA:381,[IGNORE] S2:DATA:381
09:03:48.870,S2,IGNORE_POLL,,,,,,POLL:1,[IGNORE] POLL:1
09:03:48.872,S1,RX_POLL,-71,9.25,382,,655,,[RX] POLL:1 | RSSI: -71 dBm | SNR: 9.25 dB | RX#: 382
09:03:48.873,S1,TX_DATA,,,,382,,,[TX] S1:DATA:382
09:03:48.913,S2,IGNORE_REPLY,,,,,,S1:DATA:382,[IGNORE] S1:DATA:382
09:03:48.946,S1,IGNORE_POLL,,,,,,POLL:2,[IGNORE] POLL:2
09:03:48.950,S2,RX_POLL,-86,8.75,382,,656,,[RX] POLL:2 | RSSI: -86 dBm | SNR: 8.75 dB | RX#: 382
09:03:48.953,S2,TX_DATA,,,,382,,,[TX] S2:DATA:382
09:03:48.991,S1,IGNORE_REPLY,,,,,,S2:DATA:382,[IGNORE] S2:DATA:382
09:03:49.522,S2,IGNORE_POLL,,,,,,POLL:1,[IGNORE] POLL:1
09:03:49.528,S1,RX_POLL,-71,9.25,383,,655,,[RX] POLL:1 | RSSI: -71 dBm | SNR: 9.25 dB | RX#: 383
09:03:49.528,S1,TX_DATA,,,,383,,,[TX] S1:DATA:383
09:03:49.567,S2,IGNORE_REPLY,,,,,,S1:DATA:383,[IGNORE] S1:DATA:383
09:03:49.602,S1,IGNORE_POLL,,,,,,POLL:2,[IGNORE] POLL:2
09:03:49.604,S2,RX_POLL,-86,9.25,383,,655,,[RX] POLL:2 | RSSI: -86 dBm | SNR: 9.25 dB | RX#: 383
09:03:49.605,S2,TX_DATA,,,,383,,,[TX] S2:DATA:383
09:03:49.647,S1,IGNORE_REPLY,,,,,,S2:DATA:383,[IGNORE] S2:DATA:383
09:03:50.178,S2,IGNORE_POLL,,,,,,POLL:1,[IGNORE] POLL:1
09:03:50.183,S1,RX_POLL,-71,9.0,384,,655,,[RX] POLL:1 | RSSI: -71 dBm | SNR: 9.00 dB | RX#: 384
09:03:50.183,S1,TX_DATA,,,,384,,,[TX] S1:DATA:384
09:03:50.223,S2,IGNORE_REPLY,,,,,,S1:DATA:384,[IGNORE] S1:DATA:384
09:03:50.257,S1,IGNORE_POLL,,,,,,POLL:2,[IGNORE] POLL:2
09:03:50.260,S2,RX_POLL,-86,9.0,384,,655,,[RX] POLL:2 | RSSI: -86 dBm | SNR: 9.00 dB | RX#: 384
09:03:50.260,S2,TX_DATA,,,,384,,,[TX] S2:DATA:384
09:03:50.302,S1,IGNORE_REPLY,,,,,,S2:DATA:384,[IGNORE] S2:DATA:384
09:03:50.833,S2,IGNORE_POLL,,,,,,POLL:1,[IGNORE] POLL:1
09:03:50.839,S1,RX_POLL,-71,9.0,385,,656,,[RX] POLL:1 | RSSI: -71 dBm | SNR: 9.00 dB | RX#: 385
09:03:50.839,S1,TX_DATA,,,,385,,,[TX] S1:DATA:385
09:03:50.878,S2,IGNORE_REPLY,,,,,,S1:DATA:385,[IGNORE] S1:DATA:385
09:03:50.912,S1,IGNORE_POLL,,,,,,POLL:2,[IGNORE] POLL:2
09:03:50.915,S2,RX_POLL,-86,8.75,385,,655,,[RX] POLL:2 | RSSI: -86 dBm | SNR: 8.75 dB | RX#: 385
09:03:50.915,S2,TX_DATA,,,,385,,,[TX] S2:DATA:385
09:03:50.957,S1,IGNORE_REPLY,,,,,,S2:DATA:385,[IGNORE] S2:DATA:385
09:03:51.489,S2,IGNORE_POLL,,,,,,POLL:1,[IGNORE] POLL:1
09:03:51.494,S1,RX_POLL,-71,8.75,386,,656,,[RX] POLL:1 | RSSI: -71 dBm | SNR: 8.75 dB | RX#: 386
09:03:51.495,S1,TX_DATA,,,,386,,,[TX] S1:DATA:386
09:03:51.534,S2,IGNORE_REPLY,,,,,,S1:DATA:386,[IGNORE] S1:DATA:386
09:03:51.568,S1,IGNORE_POLL,,,,,,POLL:2,[IGNORE] POLL:2
09:03:51.571,S2,RX_POLL,-86,9.25,386,,656,,[RX] POLL:2 | RSSI: -86 dBm | SNR: 9.25 dB | RX#: 386
09:03:51.571,S2,TX_DATA,,,,386,,,[TX] S2:DATA:386
09:03:51.613,S1,IGNORE_REPLY,,,,,,S2:DATA:386,[IGNORE] S2:DATA:386
09:03:52.144,S2,IGNORE_POLL,,,,,,POLL:1,[IGNORE] POLL:1
09:03:52.149,S1,RX_POLL,-71,9.5,387,,655,,[RX] POLL:1 | RSSI: -71 dBm | SNR: 9.50 dB | RX#: 387
09:03:52.150,S1,TX_DATA,,,,387,,,[TX] S1:DATA:387
09:03:52.189,S2,IGNORE_REPLY,,,,,,S1:DATA:387,[IGNORE] S1:DATA:387
09:03:52.223,S1,IGNORE_POLL,,,,,,POLL:2,[IGNORE] POLL:2
09:03:52.226,S2,RX_POLL,-86,9.25,387,,655,,[RX] POLL:2 | RSSI: -86 dBm | SNR: 9.25 dB | RX#: 387
09:03:52.226,S2,TX_DATA,,,,387,,,[TX] S2:DATA:387
09:03:52.268,S1,IGNORE_REPLY,,,,,,S2:DATA:387,[IGNORE] S2:DATA:387
09:03:52.799,S2,IGNORE_POLL,,,,,,POLL:1,[IGNORE] POLL:1
09:03:52.805,S1,RX_POLL,-71,8.75,388,,656,,[RX] POLL:1 | RSSI: -71 dBm | SNR: 8.75 dB | RX#: 388
09:03:52.805,S1,TX_DATA,,,,388,,,[TX] S1:DATA:388
09:03:52.844,S2,IGNORE_REPLY,,,,,,S1:DATA:388,[IGNORE] S1:DATA:388
09:03:52.878,S1,IGNORE_POLL,,,,,,POLL:2,[IGNORE] POLL:2
09:03:52.881,S2,RX_POLL,-87,8.75,388,,655,,[RX] POLL:2 | RSSI: -87 dBm | SNR: 8.75 dB | RX#: 388
09:03:52.881,S2,TX_DATA,,,,388,,,[TX] S2:DATA:388
09:03:52.923,S1,IGNORE_REPLY,,,,,,S2:DATA:388,[IGNORE] S2:DATA:388
09:03:53.456,S2,IGNORE_POLL,,,,,,POLL:1,[IGNORE] POLL:1
09:03:53.460,S1,RX_POLL,-71,8.75,389,,655,,[RX] POLL:1 | RSSI: -71 dBm | SNR: 8.75 dB | RX#: 389
09:03:53.460,S1,TX_DATA,,,,389,,,[TX] S1:DATA:389
09:03:53.500,S2,IGNORE_REPLY,,,,,,S1:DATA:389,[IGNORE] S1:DATA:389
09:03:53.533,S1,IGNORE_POLL,,,,,,POLL:2,[IGNORE] POLL:2
09:03:53.536,S2,RX_POLL,-86,8.5,389,,655,,[RX] POLL:2 | RSSI: -86 dBm | SNR: 8.50 dB | RX#: 389
09:03:53.537,S2,TX_DATA,,,,389,,,[TX] S2:DATA:389
09:03:53.578,S1,IGNORE_REPLY,,,,,,S2:DATA:389,[IGNORE] S2:DATA:389
09:03:54.109,S2,IGNORE_POLL,,,,,,POLL:1,[IGNORE] POLL:1
09:03:54.115,S1,RX_POLL,-71,8.75,390,,655,,[RX] POLL:1 | RSSI: -71 dBm | SNR: 8.75 dB | RX#: 390
09:03:54.115,S1,TX_DATA,,,,390,,,[TX] S1:DATA:390
09:03:54.155,S2,IGNORE_REPLY,,,,,,S1:DATA:390,[IGNORE] S1:DATA:390
09:03:54.189,S1,IGNORE_POLL,,,,,,POLL:2,[IGNORE] POLL:2
09:03:54.192,S2,RX_POLL,-85,8.5,390,,655,,[RX] POLL:2 | RSSI: -85 dBm | SNR: 8.50 dB | RX#: 390
09:03:54.192,S2,TX_DATA,,,,390,,,[TX] S2:DATA:390
09:03:54.234,S1,IGNORE_REPLY,,,,,,S2:DATA:390,[IGNORE] S2:DATA:390
09:03:54.765,S2,IGNORE_POLL,,,,,,POLL:1,[IGNORE] POLL:1
09:03:54.770,S1,RX_POLL,-71,8.75,391,,655,,[RX] POLL:1 | RSSI: -71 dBm | SNR: 8.75 dB | RX#: 391
09:03:54.771,S1,TX_DATA,,,,391,,,[TX] S1:DATA:391
09:03:54.810,S2,IGNORE_REPLY,,,,,,S1:DATA:391,[IGNORE] S1:DATA:391
09:03:54.844,S1,IGNORE_POLL,,,,,,POLL:2,[IGNORE] POLL:2
09:03:54.847,S2,RX_POLL,-86,8.75,391,,656,,[RX] POLL:2 | RSSI: -86 dBm | SNR: 8.75 dB | RX#: 391
09:03:54.851,S2,TX_DATA,,,,391,,,[TX] S2:DATA:391
09:03:54.889,S1,IGNORE_REPLY,,,,,,S2:DATA:391,[IGNORE] S2:DATA:391
09:03:55.420,S2,IGNORE_POLL,,,,,,POLL:1,[IGNORE] POLL:1
09:03:55.426,S1,RX_POLL,-71,8.75,392,,655,,[RX] POLL:1 | RSSI: -71 dBm | SNR: 8.75 dB | RX#: 392
09:03:55.426,S1,TX_DATA,,,,392,,,[TX] S1:DATA:392
09:03:55.469,S2,IGNORE_REPLY,,,,,,S1:DATA:392,[IGNORE] S1:DATA:392
09:03:55.499,S1,IGNORE_POLL,,,,,,POLL:2,[IGNORE] POLL:2
09:03:55.502,S2,RX_POLL,-85,9.0,392,,655,,[RX] POLL:2 | RSSI: -85 dBm | SNR: 9.00 dB | RX#: 392
09:03:55.506,S2,TX_DATA,,,,392,,,[TX] S2:DATA:392
09:03:55.545,S1,IGNORE_REPLY,,,,,,S2:DATA:392,[IGNORE] S2:DATA:392
09:03:56.079,S2,IGNORE_POLL,,,,,,POLL:1,[IGNORE] POLL:1
09:03:56.081,S1,RX_POLL,-71,9.0,393,,655,,[RX] POLL:1 | RSSI: -71 dBm | SNR: 9.00 dB | RX#: 393
09:03:56.081,S1,TX_DATA,,,,393,,,[TX] S1:DATA:393
09:03:56.125,S2,IGNORE_REPLY,,,,,,S1:DATA:393,[IGNORE] S1:DATA:393
09:03:56.155,S1,IGNORE_POLL,,,,,,POLL:2,[IGNORE] POLL:2
09:03:56.158,S2,RX_POLL,-86,8.75,393,,656,,[RX] POLL:2 | RSSI: -86 dBm | SNR: 8.75 dB | RX#: 393
09:03:56.162,S2,TX_DATA,,,,393,,,[TX] S2:DATA:393
09:03:56.200,S1,IGNORE_REPLY,,,,,,S2:DATA:393,[IGNORE] S2:DATA:393
09:03:56.735,S2,IGNORE_POLL,,,,,,POLL:1,[IGNORE] POLL:1
09:03:56.736,S1,RX_POLL,-71,9.25,394,,655,,[RX] POLL:1 | RSSI: -71 dBm | SNR: 9.25 dB | RX#: 394
09:03:56.737,S1,TX_DATA,,,,394,,,[TX] S1:DATA:394
09:03:56.780,S2,IGNORE_REPLY,,,,,,S1:DATA:394,[IGNORE] S1:DATA:394
09:03:56.810,S1,IGNORE_POLL,,,,,,POLL:2,[IGNORE] POLL:2
09:03:56.813,S2,RX_POLL,-86,9.0,394,,655,,[RX] POLL:2 | RSSI: -86 dBm | SNR: 9.00 dB | RX#: 394
09:03:56.817,S2,TX_DATA,,,,394,,,[TX] S2:DATA:394
09:03:56.855,S1,IGNORE_REPLY,,,,,,S2:DATA:394,[IGNORE] S2:DATA:394
09:03:57.391,S2,IGNORE_POLL,,,,,,POLL:1,[IGNORE] POLL:1
09:03:57.392,S1,RX_POLL,-71,8.75,395,,655,,[RX] POLL:1 | RSSI: -71 dBm | SNR: 8.75 dB | RX#: 395
09:03:57.395,S1,TX_DATA,,,,395,,,[TX] S1:DATA:395
09:03:57.435,S2,IGNORE_REPLY,,,,,,S1:DATA:395,[IGNORE] S1:DATA:395
09:03:57.465,S1,IGNORE_POLL,,,,,,POLL:2,[IGNORE] POLL:2
09:03:57.472,S2,RX_POLL,-86,8.5,395,,659,,[RX] POLL:2 | RSSI: -86 dBm | SNR: 8.50 dB | RX#: 395
09:03:57.473,S2,TX_DATA,,,,395,,,[TX] S2:DATA:395
09:03:57.510,S1,IGNORE_REPLY,,,,,,S2:DATA:395,[IGNORE] S2:DATA:395
09:03:58.046,S2,IGNORE_POLL,,,,,,POLL:1,[IGNORE] POLL:1
09:03:58.047,S1,RX_POLL,-71,8.75,396,,655,,[RX] POLL:1 | RSSI: -71 dBm | SNR: 8.75 dB | RX#: 396
09:03:58.051,S1,TX_DATA,,,,396,,,[TX] S1:DATA:396
09:03:58.091,S2,IGNORE_REPLY,,,,,,S1:DATA:396,[IGNORE] S1:DATA:396
09:03:58.121,S1,IGNORE_POLL,,,,,,POLL:2,[IGNORE] POLL:2
09:03:58.127,S2,RX_POLL,-86,8.5,396,,655,,[RX] POLL:2 | RSSI: -86 dBm | SNR: 8.50 dB | RX#: 396
09:03:58.128,S2,TX_DATA,,,,396,,,[TX] S2:DATA:396
09:03:58.170,S1,IGNORE_REPLY,,,,,,S2:DATA:396,[IGNORE] S2:DATA:396
09:03:58.702,S2,IGNORE_POLL,,,,,,POLL:1,[IGNORE] POLL:1
09:03:58.702,S1,RX_POLL,-71,8.75,397,,655,,[RX] POLL:1 | RSSI: -71 dBm | SNR: 8.75 dB | RX#: 397
09:03:58.706,S1,TX_DATA,,,,397,,,[TX] S1:DATA:397
09:03:58.746,S2,IGNORE_REPLY,,,,,,S1:DATA:397,[IGNORE] S1:DATA:397
09:03:58.780,S1,IGNORE_POLL,,,,,,POLL:2,[IGNORE] POLL:2
09:03:58.783,S2,RX_POLL,-87,9.0,397,,655,,[RX] POLL:2 | RSSI: -87 dBm | SNR: 9.00 dB | RX#: 397
09:03:58.783,S2,TX_DATA,,,,397,,,[TX] S2:DATA:397
09:03:58.825,S1,IGNORE_REPLY,,,,,,S2:DATA:397,[IGNORE] S2:DATA:397
09:03:59.356,S2,IGNORE_POLL,,,,,,POLL:1,[IGNORE] POLL:1
09:03:59.358,S1,RX_POLL,-71,8.75,398,,656,,[RX] POLL:1 | RSSI: -71 dBm | SNR: 8.75 dB | RX#: 398
09:03:59.362,S1,TX_DATA,,,,398,,,[TX] S1:DATA:398
09:03:59.401,S2,IGNORE_REPLY,,,,,,S1:DATA:398,[IGNORE] S1:DATA:398
09:03:59.435,S1,IGNORE_POLL,,,,,,POLL:2,[IGNORE] POLL:2
09:03:59.438,S2,RX_POLL,-87,8.75,398,,655,,[RX] POLL:2 | RSSI: -87 dBm | SNR: 8.75 dB | RX#: 398
09:03:59.439,S2,TX_DATA,,,,398,,,[TX] S2:DATA:398
09:03:59.480,S1,IGNORE_REPLY,,,,,,S2:DATA:398,[IGNORE] S2:DATA:398
09:04:00.012,S2,IGNORE_POLL,,,,,,POLL:1,[IGNORE] POLL:1
09:04:00.013,S1,RX_POLL,-71,8.75,399,,655,,[RX] POLL:1 | RSSI: -71 dBm | SNR: 8.75 dB | RX#: 399
09:04:00.017,S1,TX_DATA,,,,399,,,[TX] S1:DATA:399
09:04:00.057,S2,IGNORE_REPLY,,,,,,S1:DATA:399,[IGNORE] S1:DATA:399
09:04:00.090,S1,IGNORE_POLL,,,,,,POLL:2,[IGNORE] POLL:2
09:04:00.093,S2,RX_POLL,-86,8.5,399,,655,,[RX] POLL:2 | RSSI: -86 dBm | SNR: 8.50 dB | RX#: 399
09:04:00.094,S2,TX_DATA,,,,399,,,[TX] S2:DATA:399
09:04:00.136,S1,IGNORE_REPLY,,,,,,S2:DATA:399,[IGNORE] S2:DATA:399
09:04:00.668,S2,IGNORE_POLL,,,,,,POLL:1,[IGNORE] POLL:1
09:04:00.673,S1,RX_POLL,-71,8.75,400,,659,,[RX] POLL:1 | RSSI: -71 dBm | SNR: 8.75 dB | RX#: 400
09:04:00.673,S1,TX_DATA,,,,400,,,[TX] S1:DATA:400
09:04:00.712,S2,IGNORE_REPLY,,,,,,S1:DATA:400,[IGNORE] S1:DATA:400
09:04:00.746,S1,IGNORE_POLL,,,,,,POLL:2,[IGNORE] POLL:2
09:04:00.749,S2,RX_POLL,-88,8.25,400,,655,,[RX] POLL:2 | RSSI: -88 dBm | SNR: 8.25 dB | RX#: 400
09:04:00.749,S2,TX_DATA,,,,400,,,[TX] S2:DATA:400
09:04:00.791,S1,IGNORE_REPLY,,,,,,S2:DATA:400,[IGNORE] S2:DATA:400
09:04:01.322,S2,IGNORE_POLL,,,,,,POLL:1,[IGNORE] POLL:1
09:04:01.328,S1,RX_POLL,-71,8.75,401,,655,,[RX] POLL:1 | RSSI: -71 dBm | SNR: 8.75 dB | RX#: 401
09:04:01.328,S1,TX_DATA,,,,401,,,[TX] S1:DATA:401
09:04:01.367,S2,IGNORE_REPLY,,,,,,S1:DATA:401,[IGNORE] S1:DATA:401
09:04:01.401,S1,IGNORE_POLL,,,,,,POLL:2,[IGNORE] POLL:2
09:04:01.405,S2,RX_POLL,-92,8.5,401,,656,,[RX] POLL:2 | RSSI: -92 dBm | SNR: 8.50 dB | RX#: 401
09:04:01.405,S2,TX_DATA,,,,401,,,[TX] S2:DATA:401
09:04:01.446,S1,IGNORE_REPLY,,,,,,S2:DATA:401,[IGNORE] S2:DATA:401
09:04:01.978,S2,IGNORE_POLL,,,,,,POLL:1,[IGNORE] POLL:1
09:04:01.983,S1,RX_POLL,-71,9.0,402,,656,,[RX] POLL:1 | RSSI: -71 dBm | SNR: 9.00 dB | RX#: 402
09:04:01.983,S1,TX_DATA,,,,402,,,[TX] S1:DATA:402
09:04:02.023,S2,IGNORE_REPLY,,,,,,S1:DATA:402,[IGNORE] S1:DATA:402
09:04:02.057,S1,IGNORE_POLL,,,,,,POLL:2,[IGNORE] POLL:2
09:04:02.060,S2,RX_POLL,-87,9.0,402,,655,,[RX] POLL:2 | RSSI: -87 dBm | SNR: 9.00 dB | RX#: 402
09:04:02.060,S2,TX_DATA,,,,402,,,[TX] S2:DATA:402
09:04:02.102,S1,IGNORE_REPLY,,,,,,S2:DATA:402,[IGNORE] S2:DATA:402
09:04:02.633,S2,IGNORE_POLL,,,,,,POLL:1,[IGNORE] POLL:1
09:04:02.638,S1,RX_POLL,-71,9.0,403,,655,,[RX] POLL:1 | RSSI: -71 dBm | SNR: 9.00 dB | RX#: 403
09:04:02.639,S1,TX_DATA,,,,403,,,[TX] S1:DATA:403
09:04:02.678,S2,IGNORE_REPLY,,,,,,S1:DATA:403,[IGNORE] S1:DATA:403
09:04:02.712,S1,IGNORE_POLL,,,,,,POLL:2,[IGNORE] POLL:2
09:04:02.715,S2,RX_POLL,-81,8.75,403,,655,,[RX] POLL:2 | RSSI: -81 dBm | SNR: 8.75 dB | RX#: 403
09:04:02.715,S2,TX_DATA,,,,403,,,[TX] S2:DATA:403
09:04:02.757,S1,IGNORE_REPLY,,,,,,S2:DATA:403,[IGNORE] S2:DATA:403
09:04:03.288,S2,IGNORE_POLL,,,,,,POLL:1,[IGNORE] POLL:1
09:04:03.294,S1,RX_POLL,-70,8.5,404,,656,,[RX] POLL:1 | RSSI: -70 dBm | SNR: 8.50 dB | RX#: 404
09:04:03.294,S1,TX_DATA,,,,404,,,[TX] S1:DATA:404
09:04:03.333,S2,IGNORE_REPLY,,,,,,S1:DATA:404,[IGNORE] S1:DATA:404
09:04:03.368,S1,IGNORE_POLL,,,,,,POLL:2,[IGNORE] POLL:2
09:04:03.371,S2,RX_POLL,-75,8.5,404,,656,,[RX] POLL:2 | RSSI: -75 dBm | SNR: 8.50 dB | RX#: 404
09:04:03.375,S2,TX_DATA,,,,404,,,[TX] S2:DATA:404
09:04:03.412,S1,IGNORE_REPLY,,,,,,S2:DATA:404,[IGNORE] S2:DATA:404
09:04:03.948,S2,IGNORE_POLL,,,,,,POLL:1,[IGNORE] POLL:1
09:04:03.949,S1,RX_POLL,-70,8.75,405,,655,,[RX] POLL:1 | RSSI: -70 dBm | SNR: 8.75 dB | RX#: 405
09:04:03.949,S1,TX_DATA,,,,405,,,[TX] S1:DATA:405
09:04:03.993,S2,IGNORE_REPLY,,,,,,S1:DATA:405,[IGNORE] S1:DATA:405
09:04:04.023,S1,IGNORE_POLL,,,,,,POLL:2,[IGNORE] POLL:2
09:04:04.026,S2,RX_POLL,-75,8.5,405,,655,,[RX] POLL:2 | RSSI: -75 dBm | SNR: 8.50 dB | RX#: 405
09:04:04.030,S2,TX_DATA,,,,405,,,[TX] S2:DATA:405
09:04:04.068,S1,IGNORE_REPLY,,,,,,S2:DATA:405,[IGNORE] S2:DATA:405
09:04:04.603,S2,IGNORE_POLL,,,,,,POLL:1,[IGNORE] POLL:1
09:04:04.604,S1,RX_POLL,-71,8.5,406,,655,,[RX] POLL:1 | RSSI: -71 dBm | SNR: 8.50 dB | RX#: 406
09:04:04.605,S1,TX_DATA,,,,406,,,[TX] S1:DATA:406
09:04:04.648,S2,IGNORE_REPLY,,,,,,S1:DATA:406,[IGNORE] S1:DATA:406
09:04:04.678,S1,IGNORE_POLL,,,,,,POLL:2,[IGNORE] POLL:2
09:04:04.681,S2,RX_POLL,-81,8.75,406,,655,,[RX] POLL:2 | RSSI: -81 dBm | SNR: 8.75 dB | RX#: 406
09:04:04.685,S2,TX_DATA,,,,406,,,[TX] S2:DATA:406
09:04:04.723,S1,IGNORE_REPLY,,,,,,S2:DATA:406,[IGNORE] S2:DATA:406
09:04:05.258,S2,IGNORE_POLL,,,,,,POLL:1,[IGNORE] POLL:1
09:04:05.260,S1,RX_POLL,-70,8.5,407,,655,,[RX] POLL:1 | RSSI: -70 dBm | SNR: 8.50 dB | RX#: 407
09:04:05.263,S1,TX_DATA,,,,407,,,[TX] S1:DATA:407
09:04:05.303,S2,IGNORE_REPLY,,,,,,S1:DATA:407,[IGNORE] S1:DATA:407
09:04:05.333,S1,IGNORE_POLL,,,,,,POLL:2,[IGNORE] POLL:2
09:04:05.336,S2,RX_POLL,-80,8.75,407,,655,,[RX] POLL:2 | RSSI: -80 dBm | SNR: 8.75 dB | RX#: 407
09:04:05.340,S2,TX_DATA,,,,407,,,[TX] S2:DATA:407
09:04:05.379,S1,IGNORE_REPLY,,,,,,S2:DATA:407,[IGNORE] S2:DATA:407
09:04:05.913,S2,IGNORE_POLL,,,,,,POLL:1,[IGNORE] POLL:1
09:04:05.915,S1,RX_POLL,-70,8.5,408,,655,,[RX] POLL:1 | RSSI: -70 dBm | SNR: 8.50 dB | RX#: 408
09:04:05.919,S1,TX_DATA,,,,408,,,[TX] S1:DATA:408
09:04:05.959,S2,IGNORE_REPLY,,,,,,S1:DATA:408,[IGNORE] S1:DATA:408
09:04:05.988,S1,IGNORE_POLL,,,,,,POLL:2,[IGNORE] POLL:2
09:04:05.996,S2,RX_POLL,-81,8.75,408,,659,,[RX] POLL:2 | RSSI: -81 dBm | SNR: 8.75 dB | RX#: 408
09:04:05.996,S2,TX_DATA,,,,408,,,[TX] S2:DATA:408
09:04:06.037,S1,IGNORE_REPLY,,,,,,S2:DATA:408,[IGNORE] S2:DATA:408
09:04:06.569,S2,IGNORE_POLL,,,,,,POLL:1,[IGNORE] POLL:1
09:04:06.570,S1,RX_POLL,-70,8.75,409,,655,,[RX] POLL:1 | RSSI: -70 dBm | SNR: 8.75 dB | RX#: 409
09:04:06.574,S1,TX_DATA,,,,409,,,[TX] S1:DATA:409
09:04:06.614,S2,IGNORE_REPLY,,,,,,S1:DATA:409,[IGNORE] S1:DATA:409
09:04:06.648,S1,IGNORE_POLL,,,,,,POLL:2,[IGNORE] POLL:2
09:04:06.651,S2,RX_POLL,-76,9.0,409,,655,,[RX] POLL:2 | RSSI: -76 dBm | SNR: 9.00 dB | RX#: 409
09:04:06.651,S2,TX_DATA,,,,409,,,[TX] S2:DATA:409
09:04:06.693,S1,IGNORE_REPLY,,,,,,S2:DATA:409,[IGNORE] S2:DATA:409
09:04:07.225,S2,IGNORE_POLL,,,,,,POLL:1,[IGNORE] POLL:1
09:04:07.226,S1,RX_POLL,-67,8.25,410,,655,,[RX] POLL:1 | RSSI: -67 dBm | SNR: 8.25 dB | RX#: 410
09:04:07.230,S1,TX_DATA,,,,410,,,[TX] S1:DATA:410
09:04:07.270,S2,IGNORE_REPLY,,,,,,S1:DATA:410,[IGNORE] S1:DATA:410
09:04:07.303,S1,IGNORE_POLL,,,,,,POLL:2,[IGNORE] POLL:2
09:04:07.306,S2,RX_POLL,-76,9.0,410,,655,,[RX] POLL:2 | RSSI: -76 dBm | SNR: 9.00 dB | RX#: 410
09:04:07.307,S2,TX_DATA,,,,410,,,[TX] S2:DATA:410
09:04:07.348,S1,IGNORE_REPLY,,,,,,S2:DATA:410,[IGNORE] S2:DATA:410
09:04:07.880,S2,IGNORE_POLL,,,,,,POLL:1,[IGNORE] POLL:1
09:04:07.885,S1,RX_POLL,-70,9.0,411,,659,,[RX] POLL:1 | RSSI: -70 dBm | SNR: 9.00 dB | RX#: 411
09:04:07.885,S1,TX_DATA,,,,411,,,[TX] S1:DATA:411
09:04:07.925,S2,IGNORE_REPLY,,,,,,S1:DATA:411,[IGNORE] S1:DATA:411
09:04:07.958,S1,IGNORE_POLL,,,,,,POLL:2,[IGNORE] POLL:2
09:04:07.962,S2,RX_POLL,-76,8.5,411,,655,,[RX] POLL:2 | RSSI: -76 dBm | SNR: 8.50 dB | RX#: 411
09:04:07.962,S2,TX_DATA,,,,411,,,[TX] S2:DATA:411
09:04:08.004,S1,IGNORE_REPLY,,,,,,S2:DATA:411,[IGNORE] S2:DATA:411
09:04:08.536,S2,IGNORE_POLL,,,,,,POLL:1,[IGNORE] POLL:1
09:04:08.540,S1,RX_POLL,-70,8.75,412,,655,,[RX] POLL:1 | RSSI: -70 dBm | SNR: 8.75 dB | RX#: 412
09:04:08.540,S1,TX_DATA,,,,412,,,[TX] S1:DATA:412
09:04:08.580,S2,IGNORE_REPLY,,,,,,S1:DATA:412,[IGNORE] S1:DATA:412
09:04:08.614,S1,IGNORE_POLL,,,,,,POLL:2,[IGNORE] POLL:2
09:04:08.617,S2,RX_POLL,-76,8.75,412,,656,,[RX] POLL:2 | RSSI: -76 dBm | SNR: 8.75 dB | RX#: 412
09:04:08.618,S2,TX_DATA,,,,412,,,[TX] S2:DATA:412
09:04:08.659,S1,IGNORE_REPLY,,,,,,S2:DATA:412,[IGNORE] S2:DATA:412
09:04:09.191,S2,IGNORE_POLL,,,,,,POLL:1,[IGNORE] POLL:1
09:04:09.196,S1,RX_POLL,-70,8.5,413,,656,,[RX] POLL:1 | RSSI: -70 dBm | SNR: 8.50 dB | RX#: 413
09:04:09.196,S1,TX_DATA,,,,413,,,[TX] S1:DATA:413
09:04:09.236,S2,IGNORE_REPLY,,,,,,S1:DATA:413,[IGNORE] S1:DATA:413
09:04:09.270,S1,IGNORE_POLL,,,,,,POLL:2,[IGNORE] POLL:2
09:04:09.273,S2,RX_POLL,-76,9.0,413,,655,,[RX] POLL:2 | RSSI: -76 dBm | SNR: 9.00 dB | RX#: 413
09:04:09.273,S2,TX_DATA,,,,413,,,[TX] S2:DATA:413
09:04:09.314,S1,IGNORE_REPLY,,,,,,S2:DATA:413,[IGNORE] S2:DATA:413
09:04:09.846,S2,IGNORE_POLL,,,,,,POLL:1,[IGNORE] POLL:1
09:04:09.851,S1,RX_POLL,-70,9.0,414,,655,,[RX] POLL:1 | RSSI: -70 dBm | SNR: 9.00 dB | RX#: 414
09:04:09.851,S1,TX_DATA,,,,414,,,[TX] S1:DATA:414
09:04:09.891,S2,IGNORE_REPLY,,,,,,S1:DATA:414,[IGNORE] S1:DATA:414
09:04:09.925,S1,IGNORE_POLL,,,,,,POLL:2,[IGNORE] POLL:2
09:04:09.928,S2,RX_POLL,-77,9.0,414,,655,,[RX] POLL:2 | RSSI: -77 dBm | SNR: 9.00 dB | RX#: 414
09:04:09.928,S2,TX_DATA,,,,414,,,[TX] S2:DATA:414
09:04:09.970,S1,IGNORE_REPLY,,,,,,S2:DATA:414,[IGNORE] S2:DATA:414
09:04:10.501,S2,IGNORE_POLL,,,,,,POLL:1,[IGNORE] POLL:1
09:04:10.506,S1,RX_POLL,-70,8.75,415,,655,,[RX] POLL:1 | RSSI: -70 dBm | SNR: 8.75 dB | RX#: 415
09:04:10.507,S1,TX_DATA,,,,415,,,[TX] S1:DATA:415
09:04:10.546,S2,IGNORE_REPLY,,,,,,S1:DATA:415,[IGNORE] S1:DATA:415
09:04:10.580,S1,IGNORE_POLL,,,,,,POLL:2,[IGNORE] POLL:2
09:04:10.583,S2,RX_POLL,-75,9.0,415,,655,,[RX] POLL:2 | RSSI: -75 dBm | SNR: 9.00 dB | RX#: 415
09:04:10.587,S2,TX_DATA,,,,415,,,[TX] S2:DATA:415
09:04:10.625,S1,IGNORE_REPLY,,,,,,S2:DATA:415,[IGNORE] S2:DATA:415
09:04:11.157,S2,IGNORE_POLL,,,,,,POLL:1,[IGNORE] POLL:1
09:04:11.162,S1,RX_POLL,-71,8.75,416,,656,,[RX] POLL:1 | RSSI: -71 dBm | SNR: 8.75 dB | RX#: 416
09:04:11.162,S1,TX_DATA,,,,416,,,[TX] S1:DATA:416
09:04:11.206,S2,IGNORE_REPLY,,,,,,S1:DATA:416,[IGNORE] S1:DATA:416
09:04:11.235,S1,IGNORE_POLL,,,,,,POLL:2,[IGNORE] POLL:2
09:04:11.239,S2,RX_POLL,-75,8.75,416,,656,,[RX] POLL:2 | RSSI: -75 dBm | SNR: 8.75 dB | RX#: 416
09:04:11.243,S2,TX_DATA,,,,416,,,[TX] S2:DATA:416
09:04:11.284,S1,IGNORE_REPLY,,,,,,S2:DATA:416,[IGNORE] S2:DATA:416
09:04:11.816,S2,IGNORE_POLL,,,,,,POLL:1,[IGNORE] POLL:1
09:04:11.817,S1,RX_POLL,-70,8.75,417,,655,,[RX] POLL:1 | RSSI: -70 dBm | SNR: 8.75 dB | RX#: 417
09:04:11.817,S1,TX_DATA,,,,417,,,[TX] S1:DATA:417
09:04:11.861,S2,IGNORE_REPLY,,,,,,S1:DATA:417,[IGNORE] S1:DATA:417
09:04:11.891,S1,IGNORE_POLL,,,,,,POLL:2,[IGNORE] POLL:2
09:04:11.894,S2,RX_POLL,-76,9.0,417,,655,,[RX] POLL:2 | RSSI: -76 dBm | SNR: 9.00 dB | RX#: 417
09:04:11.897,S2,TX_DATA,,,,417,,,[TX] S2:DATA:417
09:04:11.936,S1,IGNORE_REPLY,,,,,,S2:DATA:417,[IGNORE] S2:DATA:417
09:04:12.471,S2,IGNORE_POLL,,,,,,POLL:1,[IGNORE] POLL:1
09:04:12.473,S1,RX_POLL,-70,8.75,418,,656,,[RX] POLL:1 | RSSI: -70 dBm | SNR: 8.75 dB | RX#: 418
09:04:12.473,S1,TX_DATA,,,,418,,,[TX] S1:DATA:418
09:04:12.516,S2,IGNORE_REPLY,,,,,,S1:DATA:418,[IGNORE] S1:DATA:418
09:04:12.546,S1,IGNORE_POLL,,,,,,POLL:2,[IGNORE] POLL:2
09:04:12.549,S2,RX_POLL,-75,8.5,418,,656,,[RX] POLL:2 | RSSI: -75 dBm | SNR: 8.50 dB | RX#: 418
09:04:12.556,S2,TX_DATA,,,,418,,,[TX] S2:DATA:418
09:04:12.591,S1,IGNORE_REPLY,,,,,,S2:DATA:418,[IGNORE] S2:DATA:418
09:04:13.127,S2,IGNORE_POLL,,,,,,POLL:1,[IGNORE] POLL:1
09:04:13.128,S1,RX_POLL,-70,8.75,419,,655,,[RX] POLL:1 | RSSI: -70 dBm | SNR: 8.75 dB | RX#: 419
09:04:13.131,S1,TX_DATA,,,,419,,,[TX] S1:DATA:419
09:04:13.171,S2,IGNORE_REPLY,,,,,,S1:DATA:419,[IGNORE] S1:DATA:419
09:04:13.201,S1,IGNORE_POLL,,,,,,POLL:2,[IGNORE] POLL:2
09:04:13.205,S2,RX_POLL,-76,9.0,419,,655,,[RX] POLL:2 | RSSI: -76 dBm | SNR: 9.00 dB | RX#: 419
09:04:13.209,S2,TX_DATA,,,,419,,,[TX] S2:DATA:419
09:04:13.246,S1,IGNORE_REPLY,,,,,,S2:DATA:419,[IGNORE] S2:DATA:419
09:04:13.781,S2,IGNORE_POLL,,,,,,POLL:1,[IGNORE] POLL:1
09:04:13.783,S1,RX_POLL,-70,8.75,420,,655,,[RX] POLL:1 | RSSI: -70 dBm | SNR: 8.75 dB | RX#: 420
09:04:13.787,S1,TX_DATA,,,,420,,,[TX] S1:DATA:420
09:04:13.829,S2,IGNORE_REPLY,,,,,,S1:DATA:420,[IGNORE] S1:DATA:420
09:04:13.860,S1,IGNORE_POLL,,,,,,POLL:2,[IGNORE] POLL:2
09:04:13.864,S2,RX_POLL,-75,8.75,420,,659,,[RX] POLL:2 | RSSI: -75 dBm | SNR: 8.75 dB | RX#: 420
09:04:13.864,S2,TX_DATA,,,,420,,,[TX] S2:DATA:420
09:04:13.905,S1,IGNORE_REPLY,,,,,,S2:DATA:420,[IGNORE] S2:DATA:420
09:04:14.437,S2,IGNORE_POLL,,,,,,POLL:1,[IGNORE] POLL:1
09:04:14.438,S1,RX_POLL,-70,9.0,421,,655,,[RX] POLL:1 | RSSI: -70 dBm | SNR: 9.00 dB | RX#: 421
09:04:14.442,S1,TX_DATA,,,,421,,,[TX] S1:DATA:421
09:04:14.482,S2,IGNORE_REPLY,,,,,,S1:DATA:421,[IGNORE] S1:DATA:421
09:04:14.516,S1,IGNORE_POLL,,,,,,POLL:2,[IGNORE] POLL:2
09:04:14.519,S2,RX_POLL,-76,9.0,421,,655,,[RX] POLL:2 | RSSI: -76 dBm | SNR: 9.00 dB | RX#: 421
09:04:14.519,S2,TX_DATA,,,,421,,,[TX] S2:DATA:421
09:04:14.561,S1,IGNORE_REPLY,,,,,,S2:DATA:421,[IGNORE] S2:DATA:421
09:04:15.092,S2,IGNORE_POLL,,,,,,POLL:1,[IGNORE] POLL:1
09:04:15.094,S1,RX_POLL,-70,8.75,422,,655,,[RX] POLL:1 | RSSI: -70 dBm | SNR: 8.75 dB | RX#: 422
09:04:15.102,S1,TX_DATA,,,,422,,,[TX] S1:DATA:422
09:04:15.137,S2,IGNORE_REPLY,,,,,,S1:DATA:422,[IGNORE] S1:DATA:422
09:04:15.171,S1,IGNORE_POLL,,,,,,POLL:2,[IGNORE] POLL:2
09:04:15.174,S2,RX_POLL,-75,9.25,422,,655,,[RX] POLL:2 | RSSI: -75 dBm | SNR: 9.25 dB | RX#: 422
09:04:15.174,S2,TX_DATA,,,,422,,,[TX] S2:DATA:422
09:04:15.216,S1,IGNORE_REPLY,,,,,,S2:DATA:422,[IGNORE] S2:DATA:422
09:04:15.747,S2,IGNORE_POLL,,,,,,POLL:1,[IGNORE] POLL:1
09:04:15.749,S1,RX_POLL,-70,8.75,423,,655,,[RX] POLL:1 | RSSI: -70 dBm | SNR: 8.75 dB | RX#: 423
09:04:15.753,S1,TX_DATA,,,,423,,,[TX] S1:DATA:423
09:04:15.793,S2,IGNORE_REPLY,,,,,,S1:DATA:423,[IGNORE] S1:DATA:423
09:04:15.826,S1,IGNORE_POLL,,,,,,POLL:2,[IGNORE] POLL:2
09:04:15.830,S2,RX_POLL,-75,9.0,423,,656,,[RX] POLL:2 | RSSI: -75 dBm | SNR: 9.00 dB | RX#: 423
09:04:15.830,S2,TX_DATA,,,,423,,,[TX] S2:DATA:423
09:04:15.871,S1,IGNORE_REPLY,,,,,,S2:DATA:423,[IGNORE] S2:DATA:423
09:04:16.403,S2,IGNORE_POLL,,,,,,POLL:1,[IGNORE] POLL:1
09:04:16.408,S1,RX_POLL,-70,8.75,424,,659,,[RX] POLL:1 | RSSI: -70 dBm | SNR: 8.75 dB | RX#: 424
09:04:16.408,S1,TX_DATA,,,,424,,,[TX] S1:DATA:424
09:04:16.448,S2,IGNORE_REPLY,,,,,,S1:DATA:424,[IGNORE] S1:DATA:424
09:04:16.482,S1,IGNORE_POLL,,,,,,POLL:2,[IGNORE] POLL:2
09:04:16.485,S2,RX_POLL,-75,8.75,424,,655,,[RX] POLL:2 | RSSI: -75 dBm | SNR: 8.75 dB | RX#: 424
09:04:16.485,S2,TX_DATA,,,,424,,,[TX] S2:DATA:424
09:04:16.527,S1,IGNORE_REPLY,,,,,,S2:DATA:424,[IGNORE] S2:DATA:424
09:04:17.059,S2,IGNORE_POLL,,,,,,POLL:1,[IGNORE] POLL:1
09:04:17.064,S1,RX_POLL,-70,8.5,425,,656,,[RX] POLL:1 | RSSI: -70 dBm | SNR: 8.50 dB | RX#: 425
09:04:17.064,S1,TX_DATA,,,,425,,,[TX] S1:DATA:425
09:04:17.104,S2,IGNORE_REPLY,,,,,,S1:DATA:425,[IGNORE] S1:DATA:425
09:04:17.140,S1,IGNORE_POLL,,,,,,POLL:2,[IGNORE] POLL:2
09:04:17.140,S2,RX_POLL,-75,8.25,425,,655,,[RX] POLL:2 | RSSI: -75 dBm | SNR: 8.25 dB | RX#: 425
09:04:17.140,S2,TX_DATA,,,,425,,,[TX] S2:DATA:425
09:04:17.182,S1,IGNORE_REPLY,,,,,,S2:DATA:425,[IGNORE] S2:DATA:425
09:04:17.714,S2,IGNORE_POLL,,,,,,POLL:1,[IGNORE] POLL:1
09:04:17.719,S1,RX_POLL,-70,9.0,426,,655,,[RX] POLL:1 | RSSI: -70 dBm | SNR: 9.00 dB | RX#: 426
09:04:17.719,S1,TX_DATA,,,,426,,,[TX] S1:DATA:426
09:04:17.759,S2,IGNORE_REPLY,,,,,,S1:DATA:426,[IGNORE] S1:DATA:426
09:04:17.793,S1,IGNORE_POLL,,,,,,POLL:2,[IGNORE] POLL:2
09:04:17.796,S2,RX_POLL,-75,8.75,426,,656,,[RX] POLL:2 | RSSI: -75 dBm | SNR: 8.75 dB | RX#: 426
09:04:17.796,S2,TX_DATA,,,,426,,,[TX] S2:DATA:426
09:04:17.838,S1,IGNORE_REPLY,,,,,,S2:DATA:426,[IGNORE] S2:DATA:426
09:04:18.369,S2,IGNORE_POLL,,,,,,POLL:1,[IGNORE] POLL:1
09:04:18.375,S1,RX_POLL,-70,8.75,427,,656,,[RX] POLL:1 | RSSI: -70 dBm | SNR: 8.75 dB | RX#: 427
09:04:18.375,S1,TX_DATA,,,,427,,,[TX] S1:DATA:427
09:04:18.414,S2,IGNORE_REPLY,,,,,,S1:DATA:427,[IGNORE] S1:DATA:427
09:04:18.448,S1,IGNORE_POLL,,,,,,POLL:2,[IGNORE] POLL:2
09:04:18.451,S2,RX_POLL,-75,9.0,427,,656,,[RX] POLL:2 | RSSI: -75 dBm | SNR: 9.00 dB | RX#: 427
09:04:18.452,S2,TX_DATA,,,,427,,,[TX] S2:DATA:427
09:04:18.493,S1,IGNORE_REPLY,,,,,,S2:DATA:427,[IGNORE] S2:DATA:427
09:04:19.024,S2,IGNORE_POLL,,,,,,POLL:1,[IGNORE] POLL:1
09:04:19.029,S1,RX_POLL,-70,8.75,428,,654,,[RX] POLL:1 | RSSI: -70 dBm | SNR: 8.75 dB | RX#: 428
09:04:19.030,S1,TX_DATA,,,,428,,,[TX] S1:DATA:428
09:04:19.070,S2,IGNORE_REPLY,,,,,,S1:DATA:428,[IGNORE] S1:DATA:428
09:04:19.103,S1,IGNORE_POLL,,,,,,POLL:2,[IGNORE] POLL:2
09:04:19.106,S2,RX_POLL,-74,8.75,428,,655,,[RX] POLL:2 | RSSI: -74 dBm | SNR: 8.75 dB | RX#: 428
09:04:19.110,S2,TX_DATA,,,,428,,,[TX] S2:DATA:428
09:04:19.148,S1,IGNORE_REPLY,,,,,,S2:DATA:428,[IGNORE] S2:DATA:428
09:04:19.684,S2,IGNORE_POLL,,,,,,POLL:1,[IGNORE] POLL:1
09:04:19.685,S1,RX_POLL,-70,9.25,429,,655,,[RX] POLL:1 | RSSI: -70 dBm | SNR: 9.25 dB | RX#: 429
09:04:19.685,S1,TX_DATA,,,,429,,,[TX] S1:DATA:429
09:04:19.728,S2,IGNORE_REPLY,,,,,,S1:DATA:429,[IGNORE] S1:DATA:429
09:04:19.759,S1,IGNORE_POLL,,,,,,POLL:2,[IGNORE] POLL:2
09:04:19.762,S2,RX_POLL,-76,9.0,429,,656,,[RX] POLL:2 | RSSI: -76 dBm | SNR: 9.00 dB | RX#: 429
09:04:19.765,S2,TX_DATA,,,,429,,,[TX] S2:DATA:429
09:04:19.804,S1,IGNORE_REPLY,,,,,,S2:DATA:429,[IGNORE] S2:DATA:429
09:04:20.339,S2,IGNORE_POLL,,,,,,POLL:1,[IGNORE] POLL:1
09:04:20.340,S1,RX_POLL,-70,9.0,430,,655,,[RX] POLL:1 | RSSI: -70 dBm | SNR: 9.00 dB | RX#: 430
09:04:20.340,S1,TX_DATA,,,,430,,,[TX] S1:DATA:430
09:04:20.384,S2,IGNORE_REPLY,,,,,,S1:DATA:430,[IGNORE] S1:DATA:430
09:04:20.414,S1,IGNORE_POLL,,,,,,POLL:2,[IGNORE] POLL:2
09:04:20.417,S2,RX_POLL,-76,8.75,430,,655,,[RX] POLL:2 | RSSI: -76 dBm | SNR: 8.75 dB | RX#: 430
09:04:20.421,S2,TX_DATA,,,,430,,,[TX] S2:DATA:430
09:04:20.459,S1,IGNORE_REPLY,,,,,,S2:DATA:430,[IGNORE] S2:DATA:430
09:04:20.994,S2,IGNORE_POLL,,,,,,POLL:1,[IGNORE] POLL:1
09:04:20.996,S1,RX_POLL,-71,8.5,431,,655,,[RX] POLL:1 | RSSI: -71 dBm | SNR: 8.50 dB | RX#: 431
09:04:20.999,S1,TX_DATA,,,,431,,,[TX] S1:DATA:431
09:04:21.039,S2,IGNORE_REPLY,,,,,,S1:DATA:431,[IGNORE] S1:DATA:431
09:04:21.069,S1,IGNORE_POLL,,,,,,POLL:2,[IGNORE] POLL:2
09:04:21.072,S2,RX_POLL,-76,9.0,431,,656,,[RX] POLL:2 | RSSI: -76 dBm | SNR: 9.00 dB | RX#: 431
09:04:21.077,S2,TX_DATA,,,,431,,,[TX] S2:DATA:431
09:04:21.114,S1,IGNORE_REPLY,,,,,,S2:DATA:431,[IGNORE] S2:DATA:431
09:04:21.649,S2,IGNORE_POLL,,,,,,POLL:1,[IGNORE] POLL:1
09:04:21.651,S1,RX_POLL,-70,8.75,432,,656,,[RX] POLL:1 | RSSI: -70 dBm | SNR: 8.75 dB | RX#: 432
09:04:21.656,S1,TX_DATA,,,,432,,,[TX] S1:DATA:432
09:04:21.695,S2,IGNORE_REPLY,,,,,,S1:DATA:432,[IGNORE] S1:DATA:432
09:04:21.725,S1,IGNORE_POLL,,,,,,POLL:2,[IGNORE] POLL:2
09:04:21.728,S2,RX_POLL,-74,8.5,432,,655,,[RX] POLL:2 | RSSI: -74 dBm | SNR: 8.50 dB | RX#: 432
09:04:21.732,S2,TX_DATA,,,,432,,,[TX] S2:DATA:432
09:04:21.770,S1,IGNORE_REPLY,,,,,,S2:DATA:432,[IGNORE] S2:DATA:432
09:04:22.305,S2,IGNORE_POLL,,,,,,POLL:1,[IGNORE] POLL:1
09:04:22.306,S1,RX_POLL,-70,9.25,433,,655,,[RX] POLL:1 | RSSI: -70 dBm | SNR: 9.25 dB | RX#: 433
09:04:22.310,S1,TX_DATA,,,,433,,,[TX] S1:DATA:433
09:04:22.350,S2,IGNORE_REPLY,,,,,,S1:DATA:433,[IGNORE] S1:DATA:433
09:04:22.380,S1,IGNORE_POLL,,,,,,POLL:2,[IGNORE] POLL:2
09:04:22.388,S2,RX_POLL,-74,8.25,433,,660,,[RX] POLL:2 | RSSI: -74 dBm | SNR: 8.25 dB | RX#: 433
09:04:22.388,S2,TX_DATA,,,,433,,,[TX] S2:DATA:433
09:04:22.429,S1,IGNORE_REPLY,,,,,,S2:DATA:433,[IGNORE] S2:DATA:433
09:04:22.960,S2,IGNORE_POLL,,,,,,POLL:1,[IGNORE] POLL:1
09:04:22.962,S1,RX_POLL,-70,8.75,434,,655,,[RX] POLL:1 | RSSI: -70 dBm | SNR: 8.75 dB | RX#: 434
09:04:22.965,S1,TX_DATA,,,,434,,,[TX] S1:DATA:434
09:04:23.008,S2,IGNORE_REPLY,,,,,,S1:DATA:434,[IGNORE] S1:DATA:434
09:04:23.040,S1,IGNORE_POLL,,,,,,POLL:2,[IGNORE] POLL:2
09:04:23.043,S2,RX_POLL,-74,9.0,434,,655,,[RX] POLL:2 | RSSI: -74 dBm | SNR: 9.00 dB | RX#: 434
09:04:23.043,S2,TX_DATA,,,,434,,,[TX] S2:DATA:434
09:04:23.084,S1,IGNORE_REPLY,,,,,,S2:DATA:434,[IGNORE] S2:DATA:434
09:04:23.616,S2,IGNORE_POLL,,,,,,POLL:1,[IGNORE] POLL:1
09:04:23.617,S1,RX_POLL,-70,9.0,435,,655,,[RX] POLL:1 | RSSI: -70 dBm | SNR: 9.00 dB | RX#: 435
09:04:23.621,S1,TX_DATA,,,,435,,,[TX] S1:DATA:435
09:04:23.661,S2,IGNORE_REPLY,,,,,,S1:DATA:435,[IGNORE] S1:DATA:435
09:04:23.695,S1,IGNORE_POLL,,,,,,POLL:2,[IGNORE] POLL:2
09:04:23.698,S2,RX_POLL,-74,9.25,435,,656,,[RX] POLL:2 | RSSI: -74 dBm | SNR: 9.25 dB | RX#: 435
09:04:23.699,S2,TX_DATA,,,,435,,,[TX] S2:DATA:435
09:04:23.740,S1,IGNORE_REPLY,,,,,,S2:DATA:435,[IGNORE] S2:DATA:435
09:04:24.271,S2,IGNORE_POLL,,,,,,POLL:1,[IGNORE] POLL:1
09:04:24.276,S1,RX_POLL,-70,8.5,436,,659,,[RX] POLL:1 | RSSI: -70 dBm | SNR: 8.50 dB | RX#: 436
09:04:24.276,S1,TX_DATA,,,,436,,,[TX] S1:DATA:436
09:04:24.316,S2,IGNORE_REPLY,,,,,,S1:DATA:436,[IGNORE] S1:DATA:436
09:04:24.350,S1,IGNORE_POLL,,,,,,POLL:2,[IGNORE] POLL:2
09:04:24.353,S2,RX_POLL,-74,8.75,436,,655,,[RX] POLL:2 | RSSI: -74 dBm | SNR: 8.75 dB | RX#: 436
09:04:24.353,S2,TX_DATA,,,,436,,,[TX] S2:DATA:436
09:04:24.395,S1,IGNORE_REPLY,,,,,,S2:DATA:436,[IGNORE] S2:DATA:436
09:04:24.926,S2,IGNORE_POLL,,,,,,POLL:1,[IGNORE] POLL:1
09:04:24.931,S1,RX_POLL,-71,8.75,437,,655,,[RX] POLL:1 | RSSI: -71 dBm | SNR: 8.75 dB | RX#: 437
09:04:24.932,S1,TX_DATA,,,,437,,,[TX] S1:DATA:437
09:04:24.971,S2,IGNORE_REPLY,,,,,,S1:DATA:437,[IGNORE] S1:DATA:437
09:04:25.005,S1,IGNORE_POLL,,,,,,POLL:2,[IGNORE] POLL:2
09:04:25.008,S2,RX_POLL,-74,8.5,437,,655,,[RX] POLL:2 | RSSI: -74 dBm | SNR: 8.50 dB | RX#: 437
09:04:25.008,S2,TX_DATA,,,,437,,,[TX] S2:DATA:437
09:04:25.050,S1,IGNORE_REPLY,,,,,,S2:DATA:437,[IGNORE] S2:DATA:437
09:04:25.581,S2,IGNORE_POLL,,,,,,POLL:1,[IGNORE] POLL:1
09:04:25.587,S1,RX_POLL,-70,8.75,438,,656,,[RX] POLL:1 | RSSI: -70 dBm | SNR: 8.75 dB | RX#: 438
09:04:25.588,S1,TX_DATA,,,,438,,,[TX] S1:DATA:438
09:04:25.627,S2,IGNORE_REPLY,,,,,,S1:DATA:438,[IGNORE] S1:DATA:438
09:04:25.661,S1,IGNORE_POLL,,,,,,POLL:2,[IGNORE] POLL:2
09:04:25.664,S2,RX_POLL,-74,8.75,438,,656,,[RX] POLL:2 | RSSI: -74 dBm | SNR: 8.75 dB | RX#: 438
09:04:25.664,S2,TX_DATA,,,,438,,,[TX] S2:DATA:438
09:04:25.706,S1,IGNORE_REPLY,,,,,,S2:DATA:438,[IGNORE] S2:DATA:438
09:04:26.237,S2,IGNORE_POLL,,,,,,POLL:1,[IGNORE] POLL:1
09:04:26.243,S1,RX_POLL,-70,8.75,439,,656,,[RX] POLL:1 | RSSI: -70 dBm | SNR: 8.75 dB | RX#: 439
09:04:26.243,S1,TX_DATA,,,,439,,,[TX] S1:DATA:439
09:04:26.282,S2,IGNORE_REPLY,,,,,,S1:DATA:439,[IGNORE] S1:DATA:439
09:04:26.318,S1,IGNORE_POLL,,,,,,POLL:2,[IGNORE] POLL:2
09:04:26.319,S2,RX_POLL,-74,8.75,439,,655,,[RX] POLL:2 | RSSI: -74 dBm | SNR: 8.75 dB | RX#: 439
09:04:26.319,S2,TX_DATA,,,,439,,,[TX] S2:DATA:439
09:04:26.361,S1,IGNORE_REPLY,,,,,,S2:DATA:439,[IGNORE] S2:DATA:439
09:04:26.893,S2,IGNORE_POLL,,,,,,POLL:1,[IGNORE] POLL:1
09:04:26.898,S1,RX_POLL,-70,8.75,440,,655,,[RX] POLL:1 | RSSI: -70 dBm | SNR: 8.75 dB | RX#: 440
09:04:26.898,S1,TX_DATA,,,,440,,,[TX] S1:DATA:440
09:04:26.938,S2,IGNORE_REPLY,,,,,,S1:DATA:440,[IGNORE] S1:DATA:440
09:04:26.971,S1,IGNORE_POLL,,,,,,POLL:2,[IGNORE] POLL:2
09:04:26.974,S2,RX_POLL,-74,9.0,440,,655,,[RX] POLL:2 | RSSI: -74 dBm | SNR: 9.00 dB | RX#: 440
09:04:26.974,S2,TX_DATA,,,,440,,,[TX] S2:DATA:440
09:04:27.017,S1,IGNORE_REPLY,,,,,,S2:DATA:440,[IGNORE] S2:DATA:440
09:04:27.548,S2,IGNORE_POLL,,,,,,POLL:1,[IGNORE] POLL:1
09:04:27.553,S1,RX_POLL,-70,9.0,441,,655,,[RX] POLL:1 | RSSI: -70 dBm | SNR: 9.00 dB | RX#: 441
09:04:27.554,S1,TX_DATA,,,,441,,,[TX] S1:DATA:441
09:04:27.592,S2,IGNORE_REPLY,,,,,,S1:DATA:441,[IGNORE] S1:DATA:441
09:04:27.626,S1,IGNORE_POLL,,,,,,POLL:2,[IGNORE] POLL:2
09:04:27.630,S2,RX_POLL,-74,8.5,441,,656,,[RX] POLL:2 | RSSI: -74 dBm | SNR: 8.50 dB | RX#: 441
09:04:27.634,S2,TX_DATA,,,,441,,,[TX] S2:DATA:441
09:04:27.672,S1,IGNORE_REPLY,,,,,,S2:DATA:441,[IGNORE] S2:DATA:441
09:04:28.203,S2,IGNORE_POLL,,,,,,POLL:1,[IGNORE] POLL:1
09:04:28.208,S1,RX_POLL,-70,8.75,442,,655,,[RX] POLL:1 | RSSI: -70 dBm | SNR: 8.75 dB | RX#: 442
09:04:28.209,S1,TX_DATA,,,,442,,,[TX] S1:DATA:442
09:04:28.252,S2,IGNORE_REPLY,,,,,,S1:DATA:442,[IGNORE] S1:DATA:442
09:04:28.282,S1,IGNORE_POLL,,,,,,POLL:2,[IGNORE] POLL:2
09:04:28.285,S2,RX_POLL,-74,9.0,442,,655,,[RX] POLL:2 | RSSI: -74 dBm | SNR: 9.00 dB | RX#: 442
09:04:28.289,S2,TX_DATA,,,,442,,,[TX] S2:DATA:442
09:04:28.327,S1,IGNORE_REPLY,,,,,,S2:DATA:442,[IGNORE] S2:DATA:442
09:04:28.863,S2,IGNORE_POLL,,,,,,POLL:1,[IGNORE] POLL:1
09:04:28.864,S1,RX_POLL,-70,8.5,443,,655,,[RX] POLL:1 | RSSI: -70 dBm | SNR: 8.50 dB | RX#: 443
09:04:28.864,S1,TX_DATA,,,,443,,,[TX] S1:DATA:443
09:04:28.907,S2,IGNORE_REPLY,,,,,,S1:DATA:443,[IGNORE] S1:DATA:443
09:04:28.937,S1,IGNORE_POLL,,,,,,POLL:2,[IGNORE] POLL:2
09:04:28.940,S2,RX_POLL,-74,8.75,443,,655,,[RX] POLL:2 | RSSI: -74 dBm | SNR: 8.75 dB | RX#: 443
09:04:28.944,S2,TX_DATA,,,,443,,,[TX] S2:DATA:443
09:04:28.982,S1,IGNORE_REPLY,,,,,,S2:DATA:443,[IGNORE] S2:DATA:443
09:04:29.517,S2,IGNORE_POLL,,,,,,POLL:1,[IGNORE] POLL:1
09:04:29.519,S1,RX_POLL,-70,8.75,444,,656,,[RX] POLL:1 | RSSI: -70 dBm | SNR: 8.75 dB | RX#: 444
09:04:29.519,S1,TX_DATA,,,,444,,,[TX] S1:DATA:444
09:04:29.563,S2,IGNORE_REPLY,,,,,,S1:DATA:444,[IGNORE] S1:DATA:444
09:04:29.592,S1,IGNORE_POLL,,,,,,POLL:2,[IGNORE] POLL:2
09:04:29.596,S2,RX_POLL,-74,8.75,444,,655,,[RX] POLL:2 | RSSI: -74 dBm | SNR: 8.75 dB | RX#: 444
09:04:29.599,S2,TX_DATA,,,,444,,,[TX] S2:DATA:444
09:04:29.638,S1,IGNORE_REPLY,,,,,,S2:DATA:444,[IGNORE] S2:DATA:444
09:04:30.173,S2,IGNORE_POLL,,,,,,POLL:1,[IGNORE] POLL:1
09:04:30.174,S1,RX_POLL,-70,8.75,445,,655,,[RX] POLL:1 | RSSI: -70 dBm | SNR: 8.75 dB | RX#: 445
09:04:30.178,S1,TX_DATA,,,,445,,,[TX] S1:DATA:445
09:04:30.218,S2,IGNORE_REPLY,,,,,,S1:DATA:445,[IGNORE] S1:DATA:445
09:04:30.248,S1,IGNORE_POLL,,,,,,POLL:2,[IGNORE] POLL:2
09:04:30.251,S2,RX_POLL,-74,9.0,445,,655,,[RX] POLL:2 | RSSI: -74 dBm | SNR: 9.00 dB | RX#: 445
09:04:30.255,S2,TX_DATA,,,,445,,,[TX] S2:DATA:445
09:04:30.293,S1,IGNORE_REPLY,,,,,,S2:DATA:445,[IGNORE] S2:DATA:445
09:04:30.828,S2,IGNORE_POLL,,,,,,POLL:1,[IGNORE] POLL:1
09:04:30.829,S1,RX_POLL,-70,8.75,446,,655,,[RX] POLL:1 | RSSI: -70 dBm | SNR: 8.75 dB | RX#: 446
09:04:30.833,S1,TX_DATA,,,,446,,,[TX] S1:DATA:446
09:04:30.873,S2,IGNORE_REPLY,,,,,,S1:DATA:446,[IGNORE] S1:DATA:446
09:04:30.907,S1,IGNORE_POLL,,,,,,POLL:2,[IGNORE] POLL:2
09:04:30.910,S2,RX_POLL,-75,8.25,446,,659,,[RX] POLL:2 | RSSI: -75 dBm | SNR: 8.25 dB | RX#: 446
09:04:30.910,S2,TX_DATA,,,,446,,,[TX] S2:DATA:446
09:04:30.952,S1,IGNORE_REPLY,,,,,,S2:DATA:446,[IGNORE] S2:DATA:446
09:04:31.484,S2,IGNORE_POLL,,,,,,POLL:1,[IGNORE] POLL:1
09:04:31.485,S1,RX_POLL,-70,9.0,447,,655,,[RX] POLL:1 | RSSI: -70 dBm | SNR: 9.00 dB | RX#: 447
09:04:31.489,S1,TX_DATA,,,,447,,,[TX] S1:DATA:447
09:04:31.529,S2,IGNORE_REPLY,,,,,,S1:DATA:447,[IGNORE] S1:DATA:447
09:04:31.562,S1,IGNORE_POLL,,,,,,POLL:2,[IGNORE] POLL:2
09:04:31.566,S2,RX_POLL,-74,8.5,447,,656,,[RX] POLL:2 | RSSI: -74 dBm | SNR: 8.50 dB | RX#: 447
09:04:31.566,S2,TX_DATA,,,,447,,,[TX] S2:DATA:447
09:04:31.608,S1,IGNORE_REPLY,,,,,,S2:DATA:447,[IGNORE] S2:DATA:447
09:04:32.139,S2,IGNORE_POLL,,,,,,POLL:1,[IGNORE] POLL:1
09:04:32.140,S1,RX_POLL,-70,8.5,448,,655,,[RX] POLL:1 | RSSI: -70 dBm | SNR: 8.50 dB | RX#: 448
09:04:32.144,S1,TX_DATA,,,,448,,,[TX] S1:DATA:448
09:04:32.184,S2,IGNORE_REPLY,,,,,,S1:DATA:448,[IGNORE] S1:DATA:448
09:04:32.218,S1,IGNORE_POLL,,,,,,POLL:2,[IGNORE] POLL:2
09:04:32.221,S2,RX_POLL,-74,8.5,448,,655,,[RX] POLL:2 | RSSI: -74 dBm | SNR: 8.50 dB | RX#: 448
09:04:32.221,S2,TX_DATA,,,,448,,,[TX] S2:DATA:448
09:04:32.263,S1,IGNORE_REPLY,,,,,,S2:DATA:448,[IGNORE] S2:DATA:448
09:04:32.794,S2,IGNORE_POLL,,,,,,POLL:1,[IGNORE] POLL:1
09:04:32.799,S1,RX_POLL,-70,8.75,449,,659,,[RX] POLL:1 | RSSI: -70 dBm | SNR: 8.75 dB | RX#: 449
09:04:32.800,S1,TX_DATA,,,,449,,,[TX] S1:DATA:449
09:04:32.840,S2,IGNORE_REPLY,,,,,,S1:DATA:449,[IGNORE] S1:DATA:449
09:04:32.873,S1,IGNORE_POLL,,,,,,POLL:2,[IGNORE] POLL:2
09:04:32.876,S2,RX_POLL,-75,8.75,449,,655,,[RX] POLL:2 | RSSI: -75 dBm | SNR: 8.75 dB | RX#: 449
09:04:32.877,S2,TX_DATA,,,,449,,,[TX] S2:DATA:449
09:04:32.918,S1,IGNORE_REPLY,,,,,,S2:DATA:449,[IGNORE] S2:DATA:449
09:04:33.450,S2,IGNORE_POLL,,,,,,POLL:1,[IGNORE] POLL:1
09:04:33.455,S1,RX_POLL,-70,9.0,450,,656,,[RX] POLL:1 | RSSI: -70 dBm | SNR: 9.00 dB | RX#: 450
09:04:33.455,S1,TX_DATA,,,,450,,,[TX] S1:DATA:450
09:04:33.495,S2,IGNORE_REPLY,,,,,,S1:DATA:450,[IGNORE] S1:DATA:450
09:04:33.528,S1,IGNORE_POLL,,,,,,POLL:2,[IGNORE] POLL:2
09:04:33.532,S2,RX_POLL,-75,8.75,450,,656,,[RX] POLL:2 | RSSI: -75 dBm | SNR: 8.75 dB | RX#: 450
09:04:33.532,S2,TX_DATA,,,,450,,,[TX] S2:DATA:450
09:04:33.574,S1,IGNORE_REPLY,,,,,,S2:DATA:450,[IGNORE] S2:DATA:450
09:04:34.105,S2,IGNORE_POLL,,,,,,POLL:1,[IGNORE] POLL:1
09:04:34.110,S1,RX_POLL,-70,8.75,451,,655,,[RX] POLL:1 | RSSI: -70 dBm | SNR: 8.75 dB | RX#: 451
09:04:34.111,S1,TX_DATA,,,,451,,,[TX] S1:DATA:451
09:04:34.150,S2,IGNORE_REPLY,,,,,,S1:DATA:451,[IGNORE] S1:DATA:451
09:04:34.184,S1,IGNORE_POLL,,,,,,POLL:2,[IGNORE] POLL:2
09:04:34.188,S2,RX_POLL,-74,8.5,451,,656,,[RX] POLL:2 | RSSI: -74 dBm | SNR: 8.50 dB | RX#: 451
09:04:34.188,S2,TX_DATA,,,,451,,,[TX] S2:DATA:451
09:04:34.229,S1,IGNORE_REPLY,,,,,,S2:DATA:451,[IGNORE] S2:DATA:451
09:04:34.761,S2,IGNORE_POLL,,,,,,POLL:1,[IGNORE] POLL:1
09:04:34.765,S1,RX_POLL,-71,8.75,452,,655,,[RX] POLL:1 | RSSI: -71 dBm | SNR: 8.75 dB | RX#: 452
09:04:34.766,S1,TX_DATA,,,,452,,,[TX] S1:DATA:452
09:04:34.805,S2,IGNORE_REPLY,,,,,,S1:DATA:452,[IGNORE] S1:DATA:452
09:04:34.839,S1,IGNORE_POLL,,,,,,POLL:2,[IGNORE] POLL:2
09:04:34.843,S2,RX_POLL,-75,8.5,452,,655,,[RX] POLL:2 | RSSI: -75 dBm | SNR: 8.50 dB | RX#: 452
09:04:34.843,S2,TX_DATA,,,,452,,,[TX] S2:DATA:452
09:04:34.884,S1,IGNORE_REPLY,,,,,,S2:DATA:452,[IGNORE] S2:DATA:452
09:04:35.416,S2,IGNORE_POLL,,,,,,POLL:1,[IGNORE] POLL:1
09:04:35.421,S1,RX_POLL,-70,9.0,453,,655,,[RX] POLL:1 | RSSI: -70 dBm | SNR: 9.00 dB | RX#: 453
09:04:35.421,S1,TX_DATA,,,,453,,,[TX] S1:DATA:453
09:04:35.461,S2,IGNORE_REPLY,,,,,,S1:DATA:453,[IGNORE] S1:DATA:453
09:04:35.494,S1,IGNORE_POLL,,,,,,POLL:2,[IGNORE] POLL:2
09:04:35.498,S2,RX_POLL,-74,9.0,453,,655,,[RX] POLL:2 | RSSI: -74 dBm | SNR: 9.00 dB | RX#: 453
09:04:35.498,S2,TX_DATA,,,,453,,,[TX] S2:DATA:453
09:04:35.539,S1,IGNORE_REPLY,,,,,,S2:DATA:453,[IGNORE] S2:DATA:453
09:04:36.071,S2,IGNORE_POLL,,,,,,POLL:1,[IGNORE] POLL:1
09:04:36.077,S1,RX_POLL,-70,9.0,454,,656,,[RX] POLL:1 | RSSI: -70 dBm | SNR: 9.00 dB | RX#: 454
09:04:36.077,S1,TX_DATA,,,,454,,,[TX] S1:DATA:454
09:04:36.116,S2,IGNORE_REPLY,,,,,,S1:DATA:454,[IGNORE] S1:DATA:454
09:04:36.150,S1,IGNORE_POLL,,,,,,POLL:2,[IGNORE] POLL:2
09:04:36.153,S2,RX_POLL,-74,8.5,454,,656,,[RX] POLL:2 | RSSI: -74 dBm | SNR: 8.50 dB | RX#: 454
09:04:36.153,S2,TX_DATA,,,,454,,,[TX] S2:DATA:454
09:04:36.195,S1,IGNORE_REPLY,,,,,,S2:DATA:454,[IGNORE] S2:DATA:454
09:04:36.727,S2,IGNORE_POLL,,,,,,POLL:1,[IGNORE] POLL:1
09:04:36.732,S1,RX_POLL,-70,8.75,455,,655,,[RX] POLL:1 | RSSI: -70 dBm | SNR: 8.75 dB | RX#: 455
09:04:36.732,S1,TX_DATA,,,,455,,,[TX] S1:DATA:455
09:04:36.772,S2,IGNORE_REPLY,,,,,,S1:DATA:455,[IGNORE] S1:DATA:455
09:04:36.805,S1,IGNORE_POLL,,,,,,POLL:2,[IGNORE] POLL:2
09:04:36.809,S2,RX_POLL,-74,8.5,455,,656,,[RX] POLL:2 | RSSI: -74 dBm | SNR: 8.50 dB | RX#: 455
09:04:36.813,S2,TX_DATA,,,,455,,,[TX] S2:DATA:455
09:04:36.851,S1,IGNORE_REPLY,,,,,,S2:DATA:455,[IGNORE] S2:DATA:455
09:04:37.382,S2,IGNORE_POLL,,,,,,POLL:1,[IGNORE] POLL:1
09:04:37.387,S1,RX_POLL,-70,8.75,456,,655,,[RX] POLL:1 | RSSI: -70 dBm | SNR: 8.75 dB | RX#: 456
09:04:37.387,S1,TX_DATA,,,,456,,,[TX] S1:DATA:456
09:04:37.430,S2,IGNORE_REPLY,,,,,,S1:DATA:456,[IGNORE] S1:DATA:456
09:04:37.460,S1,IGNORE_POLL,,,,,,POLL:2,[IGNORE] POLL:2
09:04:37.464,S2,RX_POLL,-74,9.0,456,,655,,[RX] POLL:2 | RSSI: -74 dBm | SNR: 9.00 dB | RX#: 456
09:04:37.467,S2,TX_DATA,,,,456,,,[TX] S2:DATA:456
09:04:37.505,S1,IGNORE_REPLY,,,,,,S2:DATA:456,[IGNORE] S2:DATA:456
09:04:38.041,S2,IGNORE_POLL,,,,,,POLL:1,[IGNORE] POLL:1
09:04:38.042,S1,RX_POLL,-70,8.75,457,,655,,[RX] POLL:1 | RSSI: -70 dBm | SNR: 8.75 dB | RX#: 457
09:04:38.046,S1,TX_DATA,,,,457,,,[TX] S1:DATA:457
09:04:38.086,S2,IGNORE_REPLY,,,,,,S1:DATA:457,[IGNORE] S1:DATA:457
09:04:38.116,S1,IGNORE_POLL,,,,,,POLL:2,[IGNORE] POLL:2
09:04:38.119,S2,RX_POLL,-75,8.25,457,,655,,[RX] POLL:2 | RSSI: -75 dBm | SNR: 8.25 dB | RX#: 457
09:04:38.123,S2,TX_DATA,,,,457,,,[TX] S2:DATA:457
09:04:38.161,S1,IGNORE_REPLY,,,,,,S2:DATA:457,[IGNORE] S2:DATA:457
09:04:38.697,S2,IGNORE_POLL,,,,,,POLL:1,[IGNORE] POLL:1
09:04:38.698,S1,RX_POLL,-70,8.75,458,,656,,[RX] POLL:1 | RSSI: -70 dBm | SNR: 8.75 dB | RX#: 458
09:04:38.701,S1,TX_DATA,,,,458,,,[TX] S1:DATA:458
09:04:38.741,S2,IGNORE_REPLY,,,,,,S1:DATA:458,[IGNORE] S1:DATA:458
09:04:38.771,S1,IGNORE_POLL,,,,,,POLL:2,[IGNORE] POLL:2
09:04:38.775,S2,RX_POLL,-74,8.75,458,,657,,[RX] POLL:2 | RSSI: -74 dBm | SNR: 8.75 dB | RX#: 458
09:04:38.778,S2,TX_DATA,,,,458,,,[TX] S2:DATA:458
09:04:38.816,S1,IGNORE_REPLY,,,,,,S2:DATA:458,[IGNORE] S2:DATA:458
09:04:39.351,S2,IGNORE_POLL,,,,,,POLL:1,[IGNORE] POLL:1
09:04:39.353,S1,RX_POLL,-71,9.25,459,,655,,[RX] POLL:1 | RSSI: -71 dBm | SNR: 9.25 dB | RX#: 459
09:04:39.357,S1,TX_DATA,,,,459,,,[TX] S1:DATA:459
09:04:39.396,S2,IGNORE_REPLY,,,,,,S1:DATA:459,[IGNORE] S1:DATA:459
09:04:39.426,S1,IGNORE_POLL,,,,,,POLL:2,[IGNORE] POLL:2
09:04:39.433,S2,RX_POLL,-74,8.25,459,,658,,[RX] POLL:2 | RSSI: -74 dBm | SNR: 8.25 dB | RX#: 459
09:04:39.434,S2,TX_DATA,,,,459,,,[TX] S2:DATA:459
09:04:39.475,S1,IGNORE_REPLY,,,,,,S2:DATA:459,[IGNORE] S2:DATA:459
09:04:40.007,S2,IGNORE_POLL,,,,,,POLL:1,[IGNORE] POLL:1
09:04:40.008,S1,RX_POLL,-70,8.75,460,,655,,[RX] POLL:1 | RSSI: -70 dBm | SNR: 8.75 dB | RX#: 460
09:04:40.012,S1,TX_DATA,,,,460,,,[TX] S1:DATA:460
09:04:40.056,S2,IGNORE_REPLY,,,,,,S1:DATA:460,[IGNORE] S1:DATA:460
09:04:40.086,S1,IGNORE_POLL,,,,,,POLL:2,[IGNORE] POLL:2
09:04:40.089,S2,RX_POLL,-75,9.0,460,,655,,[RX] POLL:2 | RSSI: -75 dBm | SNR: 9.00 dB | RX#: 460
09:04:40.089,S2,TX_DATA,,,,460,,,[TX] S2:DATA:460
09:04:40.131,S1,IGNORE_REPLY,,,,,,S2:DATA:460,[IGNORE] S2:DATA:460
09:04:40.662,S2,IGNORE_POLL,,,,,,POLL:1,[IGNORE] POLL:1
09:04:40.664,S1,RX_POLL,-70,8.75,461,,656,,[RX] POLL:1 | RSSI: -70 dBm | SNR: 8.75 dB | RX#: 461
09:04:40.667,S1,TX_DATA,,,,461,,,[TX] S1:DATA:461
09:04:40.707,S2,IGNORE_REPLY,,,,,,S1:DATA:461,[IGNORE] S1:DATA:461
09:04:40.741,S1,IGNORE_POLL,,,,,,POLL:2,[IGNORE] POLL:2
09:04:40.745,S2,RX_POLL,-74,8.75,461,,656,,[RX] POLL:2 | RSSI: -74 dBm | SNR: 8.75 dB | RX#: 461
09:04:40.745,S2,TX_DATA,,,,461,,,[TX] S2:DATA:461
09:04:40.786,S1,IGNORE_REPLY,,,,,,S2:DATA:461,[IGNORE] S2:DATA:461
09:04:41.317,S2,IGNORE_POLL,,,,,,POLL:1,[IGNORE] POLL:1
09:04:41.323,S1,RX_POLL,-70,8.75,462,,659,,[RX] POLL:1 | RSSI: -70 dBm | SNR: 8.75 dB | RX#: 462
09:04:41.323,S1,TX_DATA,,,,462,,,[TX] S1:DATA:462
09:04:41.363,S2,IGNORE_REPLY,,,,,,S1:DATA:462,[IGNORE] S1:DATA:462
09:04:41.396,S1,IGNORE_POLL,,,,,,POLL:2,[IGNORE] POLL:2
09:04:41.399,S2,RX_POLL,-75,8.5,462,,655,,[RX] POLL:2 | RSSI: -75 dBm | SNR: 8.50 dB | RX#: 462
09:04:41.400,S2,TX_DATA,,,,462,,,[TX] S2:DATA:462
09:04:41.441,S1,IGNORE_REPLY,,,,,,S2:DATA:462,[IGNORE] S2:DATA:462
09:04:41.973,S2,IGNORE_POLL,,,,,,POLL:1,[IGNORE] POLL:1
09:04:41.978,S1,RX_POLL,-70,8.75,463,,656,,[RX] POLL:1 | RSSI: -70 dBm | SNR: 8.75 dB | RX#: 463
09:04:41.979,S1,TX_DATA,,,,463,,,[TX] S1:DATA:463
09:04:42.018,S2,IGNORE_REPLY,,,,,,S1:DATA:463,[IGNORE] S1:DATA:463
09:04:42.052,S1,IGNORE_POLL,,,,,,POLL:2,[IGNORE] POLL:2
09:04:42.055,S2,RX_POLL,-74,9.0,463,,656,,[RX] POLL:2 | RSSI: -74 dBm | SNR: 9.00 dB | RX#: 463
09:04:42.056,S2,TX_DATA,,,,463,,,[TX] S2:DATA:463
09:04:42.097,S1,IGNORE_REPLY,,,,,,S2:DATA:463,[IGNORE] S2:DATA:463
09:04:42.629,S2,IGNORE_POLL,,,,,,POLL:1,[IGNORE] POLL:1
09:04:42.633,S1,RX_POLL,-70,8.5,464,,655,,[RX] POLL:1 | RSSI: -70 dBm | SNR: 8.50 dB | RX#: 464
09:04:42.634,S1,TX_DATA,,,,464,,,[TX] S1:DATA:464
09:04:42.673,S2,IGNORE_REPLY,,,,,,S1:DATA:464,[IGNORE] S1:DATA:464
09:04:42.707,S1,IGNORE_POLL,,,,,,POLL:2,[IGNORE] POLL:2
09:04:42.711,S2,RX_POLL,-75,9.25,464,,656,,[RX] POLL:2 | RSSI: -75 dBm | SNR: 9.25 dB | RX#: 464
09:04:42.711,S2,TX_DATA,,,,464,,,[TX] S2:DATA:464
09:04:42.752,S1,IGNORE_REPLY,,,,,,S2:DATA:464,[IGNORE] S2:DATA:464
09:04:43.284,S2,IGNORE_POLL,,,,,,POLL:1,[IGNORE] POLL:1
09:04:43.289,S1,RX_POLL,-70,8.75,465,,655,,[RX] POLL:1 | RSSI: -70 dBm | SNR: 8.75 dB | RX#: 465
09:04:43.289,S1,TX_DATA,,,,465,,,[TX] S1:DATA:465
09:04:43.329,S2,IGNORE_REPLY,,,,,,S1:DATA:465,[IGNORE] S1:DATA:465
09:04:43.367,S1,IGNORE_POLL,,,,,,POLL:2,[IGNORE] POLL:2
09:04:43.367,S2,RX_POLL,-74,8.75,465,,656,,[RX] POLL:2 | RSSI: -74 dBm | SNR: 8.75 dB | RX#: 465
09:04:43.367,S2,TX_DATA,,,,465,,,[TX] S2:DATA:465
09:04:43.407,S1,IGNORE_REPLY,,,,,,S2:DATA:465,[IGNORE] S2:DATA:465
09:04:43.939,S2,IGNORE_POLL,,,,,,POLL:1,[IGNORE] POLL:1
09:04:43.945,S1,RX_POLL,-70,8.75,466,,656,,[RX] POLL:1 | RSSI: -70 dBm | SNR: 8.75 dB | RX#: 466
09:04:43.945,S1,TX_DATA,,,,466,,,[TX] S1:DATA:466
09:04:43.984,S2,IGNORE_REPLY,,,,,,S1:DATA:466,[IGNORE] S1:DATA:466
09:04:44.018,S1,IGNORE_POLL,,,,,,POLL:2,[IGNORE] POLL:2
09:04:44.021,S2,RX_POLL,-74,9.0,466,,654,,[RX] POLL:2 | RSSI: -74 dBm | SNR: 9.00 dB | RX#: 466
09:04:44.025,S2,TX_DATA,,,,466,,,[TX] S2:DATA:466
09:04:44.063,S1,IGNORE_REPLY,,,,,,S2:DATA:466,[IGNORE] S2:DATA:466
09:04:44.594,S2,IGNORE_POLL,,,,,,POLL:1,[IGNORE] POLL:1
09:04:44.599,S1,RX_POLL,-70,8.5,467,,655,,[RX] POLL:1 | RSSI: -70 dBm | SNR: 8.50 dB | RX#: 467
09:04:44.599,S1,TX_DATA,,,,467,,,[TX] S1:DATA:467
09:04:44.642,S2,IGNORE_REPLY,,,,,,S1:DATA:467,[IGNORE] S1:DATA:467
09:04:44.673,S1,IGNORE_POLL,,,,,,POLL:2,[IGNORE] POLL:2
09:04:44.677,S2,RX_POLL,-74,8.5,467,,656,,[RX] POLL:2 | RSSI: -74 dBm | SNR: 8.50 dB | RX#: 467
09:04:44.680,S2,TX_DATA,,,,467,,,[TX] S2:DATA:467
09:04:44.718,S1,IGNORE_REPLY,,,,,,S2:DATA:467,[IGNORE] S2:DATA:467
09:04:45.250,S2,IGNORE_POLL,,,,,,POLL:1,[IGNORE] POLL:1
09:04:45.255,S1,RX_POLL,-68,8.0,468,,656,,[RX] POLL:1 | RSSI: -68 dBm | SNR: 8.00 dB | RX#: 468
09:04:45.256,S1,TX_DATA,,,,468,,,[TX] S1:DATA:468
09:04:45.299,S2,IGNORE_REPLY,,,,,,S1:DATA:468,[IGNORE] S1:DATA:468
09:04:45.329,S1,IGNORE_POLL,,,,,,POLL:2,[IGNORE] POLL:2
09:04:45.332,S2,RX_POLL,-75,8.75,468,,655,,[RX] POLL:2 | RSSI: -75 dBm | SNR: 8.75 dB | RX#: 468
09:04:45.336,S2,TX_DATA,,,,468,,,[TX] S2:DATA:468
09:04:45.374,S1,IGNORE_REPLY,,,,,,S2:DATA:468,[IGNORE] S2:DATA:468
09:04:45.909,S2,IGNORE_POLL,,,,,,POLL:1,[IGNORE] POLL:1
09:04:45.914,S1,RX_POLL,-70,9.25,469,,659,,[RX] POLL:1 | RSSI: -70 dBm | SNR: 9.25 dB | RX#: 469
09:04:45.914,S1,TX_DATA,,,,469,,,[TX] S1:DATA:469
09:04:45.954,S2,IGNORE_REPLY,,,,,,S1:DATA:469,[IGNORE] S1:DATA:469
09:04:45.984,S1,IGNORE_POLL,,,,,,POLL:2,[IGNORE] POLL:2
09:04:45.987,S2,RX_POLL,-75,8.5,469,,655,,[RX] POLL:2 | RSSI: -75 dBm | SNR: 8.50 dB | RX#: 469
09:04:45.991,S2,TX_DATA,,,,469,,,[TX] S2:DATA:469
09:04:46.029,S1,IGNORE_REPLY,,,,,,S2:DATA:469,[IGNORE] S2:DATA:469
09:04:46.564,S2,IGNORE_POLL,,,,,,POLL:1,[IGNORE] POLL:1
09:04:46.565,S1,RX_POLL,-70,8.75,470,,651,,[RX] POLL:1 | RSSI: -70 dBm | SNR: 8.75 dB | RX#: 470
09:04:46.569,S1,TX_DATA,,,,470,,,[TX] S1:DATA:470
09:04:46.609,S2,IGNORE_REPLY,,,,,,S1:DATA:470,[IGNORE] S1:DATA:470
09:04:46.639,S1,IGNORE_POLL,,,,,,POLL:2,[IGNORE] POLL:2
09:04:46.643,S2,RX_POLL,-75,8.75,470,,656,,[RX] POLL:2 | RSSI: -75 dBm | SNR: 8.75 dB | RX#: 470
09:04:46.646,S2,TX_DATA,,,,470,,,[TX] S2:DATA:470
09:04:46.684,S1,IGNORE_REPLY,,,,,,S2:DATA:470,[IGNORE] S2:DATA:470
09:04:47.219,S2,IGNORE_POLL,,,,,,POLL:1,[IGNORE] POLL:1
09:04:47.221,S1,RX_POLL,-70,8.5,471,,655,,[RX] POLL:1 | RSSI: -70 dBm | SNR: 8.50 dB | RX#: 471
09:04:47.224,S1,TX_DATA,,,,471,,,[TX] S1:DATA:471
09:04:47.264,S2,IGNORE_REPLY,,,,,,S1:DATA:471,[IGNORE] S1:DATA:471
09:04:47.294,S1,IGNORE_POLL,,,,,,POLL:2,[IGNORE] POLL:2
09:04:47.301,S2,RX_POLL,-75,8.75,471,,659,,[RX] POLL:2 | RSSI: -75 dBm | SNR: 8.75 dB | RX#: 471
09:04:47.302,S2,TX_DATA,,,,471,,,[TX] S2:DATA:471
09:04:47.343,S1,IGNORE_REPLY,,,,,,S2:DATA:471,[IGNORE] S2:DATA:471
09:04:47.875,S2,IGNORE_POLL,,,,,,POLL:1,[IGNORE] POLL:1
09:04:47.876,S1,RX_POLL,-70,8.75,472,,656,,[RX] POLL:1 | RSSI: -70 dBm | SNR: 8.75 dB | RX#: 472
09:04:47.880,S1,TX_DATA,,,,472,,,[TX] S1:DATA:472
09:04:47.920,S2,IGNORE_REPLY,,,,,,S1:DATA:472,[IGNORE] S1:DATA:472
09:04:47.953,S1,IGNORE_POLL,,,,,,POLL:2,[IGNORE] POLL:2
09:04:47.957,S2,RX_POLL,-75,8.75,472,,655,,[RX] POLL:2 | RSSI: -75 dBm | SNR: 8.75 dB | RX#: 472
09:04:47.957,S2,TX_DATA,,,,472,,,[TX] S2:DATA:472
09:04:47.999,S1,IGNORE_REPLY,,,,,,S2:DATA:472,[IGNORE] S2:DATA:472
09:04:48.530,S2,IGNORE_POLL,,,,,,POLL:1,[IGNORE] POLL:1
09:04:48.531,S1,RX_POLL,-70,9.0,473,,655,,[RX] POLL:1 | RSSI: -70 dBm | SNR: 9.00 dB | RX#: 473
09:04:48.535,S1,TX_DATA,,,,473,,,[TX] S1:DATA:473
09:04:48.575,S2,IGNORE_REPLY,,,,,,S1:DATA:473,[IGNORE] S1:DATA:473
09:04:48.609,S1,IGNORE_POLL,,,,,,POLL:2,[IGNORE] POLL:2
09:04:48.612,S2,RX_POLL,-74,8.75,473,,655,,[RX] POLL:2 | RSSI: -74 dBm | SNR: 8.75 dB | RX#: 473
09:04:48.612,S2,TX_DATA,,,,473,,,[TX] S2:DATA:473
09:04:48.654,S1,IGNORE_REPLY,,,,,,S2:DATA:473,[IGNORE] S2:DATA:473
09:04:49.185,S2,IGNORE_POLL,,,,,,POLL:1,[IGNORE] POLL:1
09:04:49.190,S1,RX_POLL,-71,9.0,474,,659,,[RX] POLL:1 | RSSI: -71 dBm | SNR: 9.00 dB | RX#: 474
09:04:49.191,S1,TX_DATA,,,,474,,,[TX] S1:DATA:474
09:04:49.231,S2,IGNORE_REPLY,,,,,,S1:DATA:474,[IGNORE] S1:DATA:474
09:04:49.264,S1,IGNORE_POLL,,,,,,POLL:2,[IGNORE] POLL:2
09:04:49.268,S2,RX_POLL,-74,8.75,474,,657,,[RX] POLL:2 | RSSI: -74 dBm | SNR: 8.75 dB | RX#: 474
09:04:49.269,S2,TX_DATA,,,,474,,,[TX] S2:DATA:474
09:04:49.309,S1,IGNORE_REPLY,,,,,,S2:DATA:474,[IGNORE] S2:DATA:474
09:04:49.841,S2,IGNORE_POLL,,,,,,POLL:1,[IGNORE] POLL:1
09:04:49.846,S1,RX_POLL,-71,8.5,475,,656,,[RX] POLL:1 | RSSI: -71 dBm | SNR: 8.50 dB | RX#: 475
09:04:49.846,S1,TX_DATA,,,,475,,,[TX] S1:DATA:475
09:04:49.886,S2,IGNORE_REPLY,,,,,,S1:DATA:475,[IGNORE] S1:DATA:475
09:04:49.920,S1,IGNORE_POLL,,,,,,POLL:2,[IGNORE] POLL:2
09:04:49.923,S2,RX_POLL,-75,8.25,475,,654,,[RX] POLL:2 | RSSI: -75 dBm | SNR: 8.25 dB | RX#: 475
09:04:49.923,S2,TX_DATA,,,,475,,,[TX] S2:DATA:475
09:04:49.965,S1,IGNORE_REPLY,,,,,,S2:DATA:475,[IGNORE] S2:DATA:475
09:04:50.496,S2,IGNORE_POLL,,,,,,POLL:1,[IGNORE] POLL:1
09:04:50.501,S1,RX_POLL,-71,8.5,476,,655,,[RX] POLL:1 | RSSI: -71 dBm | SNR: 8.50 dB | RX#: 476
09:04:50.501,S1,TX_DATA,,,,476,,,[TX] S1:DATA:476
09:04:50.541,S2,IGNORE_REPLY,,,,,,S1:DATA:476,[IGNORE] S1:DATA:476
09:04:50.575,S1,IGNORE_POLL,,,,,,POLL:2,[IGNORE] POLL:2
09:04:50.578,S2,RX_POLL,-75,8.25,476,,655,,[RX] POLL:2 | RSSI: -75 dBm | SNR: 8.25 dB | RX#: 476
09:04:50.578,S2,TX_DATA,,,,476,,,[TX] S2:DATA:476
09:04:50.620,S1,IGNORE_REPLY,,,,,,S2:DATA:476,[IGNORE] S2:DATA:476
09:04:51.152,S2,IGNORE_POLL,,,,,,POLL:1,[IGNORE] POLL:1
09:04:51.157,S1,RX_POLL,-70,9.0,477,,656,,[RX] POLL:1 | RSSI: -70 dBm | SNR: 9.00 dB | RX#: 477
09:04:51.158,S1,TX_DATA,,,,477,,,[TX] S1:DATA:477
09:04:51.197,S2,IGNORE_REPLY,,,,,,S1:DATA:477,[IGNORE] S1:DATA:477
09:04:51.230,S1,IGNORE_POLL,,,,,,POLL:2,[IGNORE] POLL:2
09:04:51.234,S2,RX_POLL,-74,8.5,477,,656,,[RX] POLL:2 | RSSI: -74 dBm | SNR: 8.50 dB | RX#: 477
09:04:51.234,S2,TX_DATA,,,,477,,,[TX] S2:DATA:477
09:04:51.275,S1,IGNORE_REPLY,,,,,,S2:DATA:477,[IGNORE] S2:DATA:477
09:04:51.808,S2,IGNORE_POLL,,,,,,POLL:1,[IGNORE] POLL:1
09:04:51.812,S1,RX_POLL,-70,8.75,478,,655,,[RX] POLL:1 | RSSI: -70 dBm | SNR: 8.75 dB | RX#: 478
09:04:51.812,S1,TX_DATA,,,,478,,,[TX] S1:DATA:478
09:04:51.852,S2,IGNORE_REPLY,,,,,,S1:DATA:478,[IGNORE] S1:DATA:478
09:04:51.885,S1,IGNORE_POLL,,,,,,POLL:2,[IGNORE] POLL:2
09:04:51.889,S2,RX_POLL,-75,9.0,478,,655,,[RX] POLL:2 | RSSI: -75 dBm | SNR: 9.00 dB | RX#: 478
09:04:51.889,S2,TX_DATA,,,,478,,,[TX] S2:DATA:478
09:04:51.930,S1,IGNORE_REPLY,,,,,,S2:DATA:478,[IGNORE] S2:DATA:478
09:04:52.462,S2,IGNORE_POLL,,,,,,POLL:1,[IGNORE] POLL:1
09:04:52.467,S1,RX_POLL,-71,9.25,479,,656,,[RX] POLL:1 | RSSI: -71 dBm | SNR: 9.25 dB | RX#: 479
09:04:52.468,S1,TX_DATA,,,,479,,,[TX] S1:DATA:479
09:04:52.507,S2,IGNORE_REPLY,,,,,,S1:DATA:479,[IGNORE] S1:DATA:479
09:04:52.541,S1,IGNORE_POLL,,,,,,POLL:2,[IGNORE] POLL:2
09:04:52.544,S2,RX_POLL,-74,8.5,479,,655,,[RX] POLL:2 | RSSI: -74 dBm | SNR: 8.50 dB | RX#: 479
09:04:52.544,S2,TX_DATA,,,,479,,,[TX] S2:DATA:479
09:04:52.586,S1,IGNORE_REPLY,,,,,,S2:DATA:479,[IGNORE] S2:DATA:479
09:04:53.118,S2,IGNORE_POLL,,,,,,POLL:1,[IGNORE] POLL:1
09:04:53.123,S1,RX_POLL,-70,9.5,480,,655,,[RX] POLL:1 | RSSI: -70 dBm | SNR: 9.50 dB | RX#: 480
09:04:53.123,S1,TX_DATA,,,,480,,,[TX] S1:DATA:480
09:04:53.163,S2,IGNORE_REPLY,,,,,,S1:DATA:480,[IGNORE] S1:DATA:480
09:04:53.196,S1,IGNORE_POLL,,,,,,POLL:2,[IGNORE] POLL:2
09:04:53.199,S2,RX_POLL,-75,9.0,480,,655,,[RX] POLL:2 | RSSI: -75 dBm | SNR: 9.00 dB | RX#: 480
09:04:53.199,S2,TX_DATA,,,,480,,,[TX] S2:DATA:480
09:04:53.242,S1,IGNORE_REPLY,,,,,,S2:DATA:480,[IGNORE] S2:DATA:480
09:04:53.773,S2,IGNORE_POLL,,,,,,POLL:1,[IGNORE] POLL:1
09:04:53.774,S1,RX_POLL,-70,9.25,481,,651,,[RX] POLL:1 | RSSI: -70 dBm | SNR: 9.25 dB | RX#: 481
09:04:53.778,S1,TX_DATA,,,,481,,,[TX] S1:DATA:481
09:04:53.818,S2,IGNORE_REPLY,,,,,,S1:DATA:481,[IGNORE] S1:DATA:481
09:04:53.851,S1,IGNORE_POLL,,,,,,POLL:2,[IGNORE] POLL:2
09:04:53.855,S2,RX_POLL,-74,8.75,481,,656,,[RX] POLL:2 | RSSI: -74 dBm | SNR: 8.75 dB | RX#: 481
09:04:53.855,S2,TX_DATA,,,,481,,,[TX] S2:DATA:481
09:04:53.896,S1,IGNORE_REPLY,,,,,,S2:DATA:481,[IGNORE] S2:DATA:481
09:04:54.428,S2,IGNORE_POLL,,,,,,POLL:1,[IGNORE] POLL:1
09:04:54.429,S1,RX_POLL,-70,9.5,482,,655,,[RX] POLL:1 | RSSI: -70 dBm | SNR: 9.50 dB | RX#: 482
09:04:54.433,S1,TX_DATA,,,,482,,,[TX] S1:DATA:482
09:04:54.473,S2,IGNORE_REPLY,,,,,,S1:DATA:482,[IGNORE] S1:DATA:482
09:04:54.503,S1,IGNORE_POLL,,,,,,POLL:2,[IGNORE] POLL:2
09:04:54.510,S2,RX_POLL,-75,8.75,482,,655,,[RX] POLL:2 | RSSI: -75 dBm | SNR: 8.75 dB | RX#: 482
09:04:54.510,S2,TX_DATA,,,,482,,,[TX] S2:DATA:482
09:04:54.552,S1,IGNORE_REPLY,,,,,,S2:DATA:482,[IGNORE] S2:DATA:482
09:04:55.083,S2,IGNORE_POLL,,,,,,POLL:1,[IGNORE] POLL:1
09:04:55.085,S1,RX_POLL,-71,9.25,483,,655,,[RX] POLL:1 | RSSI: -71 dBm | SNR: 9.25 dB | RX#: 483
09:04:55.088,S1,TX_DATA,,,,483,,,[TX] S1:DATA:483
09:04:55.129,S2,IGNORE_REPLY,,,,,,S1:DATA:483,[IGNORE] S1:DATA:483
09:04:55.158,S1,IGNORE_POLL,,,,,,POLL:2,[IGNORE] POLL:2
09:04:55.162,S2,RX_POLL,-75,9.0,483,,652,,[RX] POLL:2 | RSSI: -75 dBm | SNR: 9.00 dB | RX#: 483
09:04:55.165,S2,TX_DATA,,,,483,,,[TX] S2:DATA:483
09:04:55.207,S1,IGNORE_REPLY,,,,,,S2:DATA:483,[IGNORE] S2:DATA:483
09:04:55.739,S2,IGNORE_POLL,,,,,,POLL:1,[IGNORE] POLL:1
09:04:55.740,S1,RX_POLL,-70,9.0,484,,655,,[RX] POLL:1 | RSSI: -70 dBm | SNR: 9.00 dB | RX#: 484
09:04:55.744,S1,TX_DATA,,,,484,,,[TX] S1:DATA:484
09:04:55.784,S2,IGNORE_REPLY,,,,,,S1:DATA:484,[IGNORE] S1:DATA:484
09:04:55.813,S1,IGNORE_POLL,,,,,,POLL:2,[IGNORE] POLL:2
09:04:55.821,S2,RX_POLL,-75,8.5,484,,660,,[RX] POLL:2 | RSSI: -75 dBm | SNR: 8.50 dB | RX#: 484
09:04:55.822,S2,TX_DATA,,,,484,,,[TX] S2:DATA:484
09:04:55.862,S1,IGNORE_REPLY,,,,,,S2:DATA:484,[IGNORE] S2:DATA:484
09:04:56.394,S2,IGNORE_POLL,,,,,,POLL:1,[IGNORE] POLL:1
09:04:56.395,S1,RX_POLL,-70,8.75,485,,656,,[RX] POLL:1 | RSSI: -70 dBm | SNR: 8.75 dB | RX#: 485
09:04:56.400,S1,TX_DATA,,,,485,,,[TX] S1:DATA:485
09:04:56.439,S2,IGNORE_REPLY,,,,,,S1:DATA:485,[IGNORE] S1:DATA:485
09:04:56.473,S1,IGNORE_POLL,,,,,,POLL:2,[IGNORE] POLL:2
09:04:56.476,S2,RX_POLL,-75,8.75,485,,655,,[RX] POLL:2 | RSSI: -75 dBm | SNR: 8.75 dB | RX#: 485
09:04:56.477,S2,TX_DATA,,,,485,,,[TX] S2:DATA:485
09:04:56.518,S1,IGNORE_REPLY,,,,,,S2:DATA:485,[IGNORE] S2:DATA:485
09:04:57.049,S2,IGNORE_POLL,,,,,,POLL:1,[IGNORE] POLL:1
09:04:57.051,S1,RX_POLL,-70,8.75,486,,655,,[RX] POLL:1 | RSSI: -70 dBm | SNR: 8.75 dB | RX#: 486
09:04:57.054,S1,TX_DATA,,,,486,,,[TX] S1:DATA:486
09:04:57.095,S2,IGNORE_REPLY,,,,,,S1:DATA:486,[IGNORE] S1:DATA:486
09:04:57.128,S1,IGNORE_POLL,,,,,,POLL:2,[IGNORE] POLL:2
09:04:57.131,S2,RX_POLL,-74,9.0,486,,655,,[RX] POLL:2 | RSSI: -74 dBm | SNR: 9.00 dB | RX#: 486
09:04:57.132,S2,TX_DATA,,,,486,,,[TX] S2:DATA:486
09:04:57.173,S1,IGNORE_REPLY,,,,,,S2:DATA:486,[IGNORE] S2:DATA:486
09:04:57.705,S2,IGNORE_POLL,,,,,,POLL:1,[IGNORE] POLL:1
09:04:57.710,S1,RX_POLL,-70,9.0,487,,659,,[RX] POLL:1 | RSSI: -70 dBm | SNR: 9.00 dB | RX#: 487
09:04:57.710,S1,TX_DATA,,,,487,,,[TX] S1:DATA:487
09:04:57.750,S2,IGNORE_REPLY,,,,,,S1:DATA:487,[IGNORE] S1:DATA:487
09:04:57.783,S1,IGNORE_POLL,,,,,,POLL:2,[IGNORE] POLL:2
09:04:57.787,S2,RX_POLL,-75,8.75,487,,655,,[RX] POLL:2 | RSSI: -75 dBm | SNR: 8.75 dB | RX#: 487
09:04:57.787,S2,TX_DATA,,,,487,,,[TX] S2:DATA:487
09:04:57.828,S1,IGNORE_REPLY,,,,,,S2:DATA:487,[IGNORE] S2:DATA:487
09:04:58.360,S2,IGNORE_POLL,,,,,,POLL:1,[IGNORE] POLL:1
09:04:58.365,S1,RX_POLL,-70,8.75,488,,655,,[RX] POLL:1 | RSSI: -70 dBm | SNR: 8.75 dB | RX#: 488
09:04:58.365,S1,TX_DATA,,,,488,,,[TX] S1:DATA:488
09:04:58.405,S2,IGNORE_REPLY,,,,,,S1:DATA:488,[IGNORE] S1:DATA:488
09:04:58.439,S1,IGNORE_POLL,,,,,,POLL:2,[IGNORE] POLL:2
09:04:58.442,S2,RX_POLL,-74,8.75,488,,655,,[RX] POLL:2 | RSSI: -74 dBm | SNR: 8.75 dB | RX#: 488
09:04:58.442,S2,TX_DATA,,,,488,,,[TX] S2:DATA:488
09:04:58.484,S1,IGNORE_REPLY,,,,,,S2:DATA:488,[IGNORE] S2:DATA:488
09:04:59.016,S2,IGNORE_POLL,,,,,,POLL:1,[IGNORE] POLL:1
09:04:59.021,S1,RX_POLL,-70,8.75,489,,656,,[RX] POLL:1 | RSSI: -70 dBm | SNR: 8.75 dB | RX#: 489
09:04:59.021,S1,TX_DATA,,,,489,,,[TX] S1:DATA:489
09:04:59.061,S2,IGNORE_REPLY,,,,,,S1:DATA:489,[IGNORE] S1:DATA:489
09:04:59.095,S1,IGNORE_POLL,,,,,,POLL:2,[IGNORE] POLL:2
09:04:59.097,S2,RX_POLL,-74,8.75,489,,655,,[RX] POLL:2 | RSSI: -74 dBm | SNR: 8.75 dB | RX#: 489
09:04:59.098,S2,TX_DATA,,,,489,,,[TX] S2:DATA:489
09:04:59.139,S1,IGNORE_REPLY,,,,,,S2:DATA:489,[IGNORE] S2:DATA:489
09:04:59.671,S2,IGNORE_POLL,,,,,,POLL:1,[IGNORE] POLL:1
09:04:59.676,S1,RX_POLL,-70,8.75,490,,655,,[RX] POLL:1 | RSSI: -70 dBm | SNR: 8.75 dB | RX#: 490
09:04:59.676,S1,TX_DATA,,,,490,,,[TX] S1:DATA:490
09:04:59.716,S2,IGNORE_REPLY,,,,,,S1:DATA:490,[IGNORE] S1:DATA:490
09:04:59.750,S1,IGNORE_POLL,,,,,,POLL:2,[IGNORE] POLL:2
09:04:59.753,S2,RX_POLL,-74,8.5,490,,656,,[RX] POLL:2 | RSSI: -74 dBm | SNR: 8.50 dB | RX#: 490
09:04:59.754,S2,TX_DATA,,,,490,,,[TX] S2:DATA:490
09:04:59.795,S1,IGNORE_REPLY,,,,,,S2:DATA:490,[IGNORE] S2:DATA:490
09:05:00.327,S2,IGNORE_POLL,,,,,,POLL:1,[IGNORE] POLL:1
09:05:00.331,S1,RX_POLL,-70,8.5,491,,655,,[RX] POLL:1 | RSSI: -70 dBm | SNR: 8.50 dB | RX#: 491
09:05:00.331,S1,TX_DATA,,,,491,,,[TX] S1:DATA:491
09:05:00.371,S2,IGNORE_REPLY,,,,,,S1:DATA:491,[IGNORE] S1:DATA:491
09:05:00.405,S1,IGNORE_POLL,,,,,,POLL:2,[IGNORE] POLL:2
09:05:00.408,S2,RX_POLL,-75,8.5,491,,655,,[RX] POLL:2 | RSSI: -75 dBm | SNR: 8.50 dB | RX#: 491
09:05:00.409,S2,TX_DATA,,,,491,,,[TX] S2:DATA:491
09:05:00.450,S1,IGNORE_REPLY,,,,,,S2:DATA:491,[IGNORE] S2:DATA:491
09:05:00.981,S2,IGNORE_POLL,,,,,,POLL:1,[IGNORE] POLL:1
09:05:00.987,S1,RX_POLL,-70,9.0,492,,656,,[RX] POLL:1 | RSSI: -70 dBm | SNR: 9.00 dB | RX#: 492
09:05:00.987,S1,TX_DATA,,,,492,,,[TX] S1:DATA:492
09:05:01.027,S2,IGNORE_REPLY,,,,,,S1:DATA:492,[IGNORE] S1:DATA:492
09:05:01.060,S1,IGNORE_POLL,,,,,,POLL:2,[IGNORE] POLL:2
09:05:01.064,S2,RX_POLL,-75,8.25,492,,656,,[RX] POLL:2 | RSSI: -75 dBm | SNR: 8.25 dB | RX#: 492
09:05:01.067,S2,TX_DATA,,,,492,,,[TX] S2:DATA:492
09:05:01.105,S1,IGNORE_REPLY,,,,,,S2:DATA:492,[IGNORE] S2:DATA:492
09:05:01.637,S2,IGNORE_POLL,,,,,,POLL:1,[IGNORE] POLL:1
09:05:01.642,S1,RX_POLL,-71,9.0,493,,655,,[RX] POLL:1 | RSSI: -71 dBm | SNR: 9.00 dB | RX#: 493
09:05:01.642,S1,TX_DATA,,,,493,,,[TX] S1:DATA:493
09:05:01.686,S2,IGNORE_REPLY,,,,,,S1:DATA:493,[IGNORE] S1:DATA:493
09:05:01.715,S1,IGNORE_POLL,,,,,,POLL:2,[IGNORE] POLL:2
09:05:01.719,S2,RX_POLL,-76,8.75,493,,655,,[RX] POLL:2 | RSSI: -76 dBm | SNR: 8.75 dB | RX#: 493
09:05:01.722,S2,TX_DATA,,,,493,,,[TX] S2:DATA:493
09:05:01.760,S1,IGNORE_REPLY,,,,,,S2:DATA:493,[IGNORE] S2:DATA:493
09:05:02.296,S2,IGNORE_POLL,,,,,,POLL:1,[IGNORE] POLL:1
09:05:02.297,S1,RX_POLL,-70,8.75,494,,655,,[RX] POLL:1 | RSSI: -70 dBm | SNR: 8.75 dB | RX#: 494
09:05:02.302,S1,TX_DATA,,,,494,,,[TX] S1:DATA:494
09:05:02.341,S2,IGNORE_REPLY,,,,,,S1:DATA:494,[IGNORE] S1:DATA:494
09:05:02.371,S1,IGNORE_POLL,,,,,,POLL:2,[IGNORE] POLL:2
09:05:02.374,S2,RX_POLL,-75,8.75,494,,656,,[RX] POLL:2 | RSSI: -75 dBm | SNR: 8.75 dB | RX#: 494
09:05:02.378,S2,TX_DATA,,,,494,,,[TX] S2:DATA:494
09:05:02.416,S1,IGNORE_REPLY,,,,,,S2:DATA:494,[IGNORE] S2:DATA:494
09:05:02.951,S2,IGNORE_POLL,,,,,,POLL:1,[IGNORE] POLL:1
09:05:02.953,S1,RX_POLL,-71,9.0,495,,655,,[RX] POLL:1 | RSSI: -71 dBm | SNR: 9.00 dB | RX#: 495
09:05:02.956,S1,TX_DATA,,,,495,,,[TX] S1:DATA:495
09:05:02.996,S2,IGNORE_REPLY,,,,,,S1:DATA:495,[IGNORE] S1:DATA:495
09:05:03.026,S1,IGNORE_POLL,,,,,,POLL:2,[IGNORE] POLL:2
09:05:03.030,S2,RX_POLL,-75,8.75,495,,656,,[RX] POLL:2 | RSSI: -75 dBm | SNR: 8.75 dB | RX#: 495
09:05:03.034,S2,TX_DATA,,,,495,,,[TX] S2:DATA:495
09:05:03.071,S1,IGNORE_REPLY,,,,,,S2:DATA:495,[IGNORE] S2:DATA:495
09:05:03.607,S2,IGNORE_POLL,,,,,,POLL:1,[IGNORE] POLL:1
09:05:03.608,S1,RX_POLL,-70,9.0,496,,655,,[RX] POLL:1 | RSSI: -70 dBm | SNR: 9.00 dB | RX#: 496
09:05:03.612,S1,TX_DATA,,,,496,,,[TX] S1:DATA:496
09:05:03.652,S2,IGNORE_REPLY,,,,,,S1:DATA:496,[IGNORE] S1:DATA:496
09:05:03.681,S1,IGNORE_POLL,,,,,,POLL:2,[IGNORE] POLL:2
09:05:03.685,S2,RX_POLL,-75,9.0,496,,655,,[RX] POLL:2 | RSSI: -75 dBm | SNR: 9.00 dB | RX#: 496
09:05:03.689,S2,TX_DATA,,,,496,,,[TX] S2:DATA:496
09:05:03.730,S1,IGNORE_REPLY,,,,,,S2:DATA:496,[IGNORE] S2:DATA:496
09:05:04.262,S2,IGNORE_POLL,,,,,,POLL:1,[IGNORE] POLL:1
09:05:04.263,S1,RX_POLL,-71,8.75,497,,655,,[RX] POLL:1 | RSSI: -71 dBm | SNR: 8.75 dB | RX#: 497
09:05:04.267,S1,TX_DATA,,,,497,,,[TX] S1:DATA:497
09:05:04.307,S2,IGNORE_REPLY,,,,,,S1:DATA:497,[IGNORE] S1:DATA:497
09:05:04.341,S1,IGNORE_POLL,,,,,,POLL:2,[IGNORE] POLL:2
09:05:04.344,S2,RX_POLL,-76,9.25,497,,659,,[RX] POLL:2 | RSSI: -76 dBm | SNR: 9.25 dB | RX#: 497
09:05:04.344,S2,TX_DATA,,,,497,,,[TX] S2:DATA:497
09:05:04.386,S1,IGNORE_REPLY,,,,,,S2:DATA:497,[IGNORE] S2:DATA:497
09:05:04.918,S2,IGNORE_POLL,,,,,,POLL:1,[IGNORE] POLL:1
09:05:04.919,S1,RX_POLL,-70,9.0,498,,655,,[RX] POLL:1 | RSSI: -70 dBm | SNR: 9.00 dB | RX#: 498
09:05:04.922,S1,TX_DATA,,,,498,,,[TX] S1:DATA:498
09:05:04.962,S2,IGNORE_REPLY,,,,,,S1:DATA:498,[IGNORE] S1:DATA:498
09:05:04.996,S1,IGNORE_POLL,,,,,,POLL:2,[IGNORE] POLL:2
09:05:04.999,S2,RX_POLL,-75,8.75,498,,655,,[RX] POLL:2 | RSSI: -75 dBm | SNR: 8.75 dB | RX#: 498
09:05:05.000,S2,TX_DATA,,,,498,,,[TX] S2:DATA:498
09:05:05.041,S1,IGNORE_REPLY,,,,,,S2:DATA:498,[IGNORE] S2:DATA:498
09:05:05.573,S2,IGNORE_POLL,,,,,,POLL:1,[IGNORE] POLL:1
09:05:05.578,S1,RX_POLL,-70,8.5,499,,659,,[RX] POLL:1 | RSSI: -70 dBm | SNR: 8.50 dB | RX#: 499
09:05:05.578,S1,TX_DATA,,,,499,,,[TX] S1:DATA:499
09:05:05.618,S2,IGNORE_REPLY,,,,,,S1:DATA:499,[IGNORE] S1:DATA:499
09:05:05.651,S1,IGNORE_POLL,,,,,,POLL:2,[IGNORE] POLL:2
09:05:05.655,S2,RX_POLL,-75,9.0,499,,656,,[RX] POLL:2 | RSSI: -75 dBm | SNR: 9.00 dB | RX#: 499
09:05:05.656,S2,TX_DATA,,,,499,,,[TX] S2:DATA:499
09:05:05.696,S1,IGNORE_REPLY,,,,,,S2:DATA:499,[IGNORE] S2:DATA:499
09:05:06.228,S2,IGNORE_POLL,,,,,,POLL:1,[IGNORE] POLL:1
09:05:06.233,S1,RX_POLL,-70,8.75,500,,655,,[RX] POLL:1 | RSSI: -70 dBm | SNR: 8.75 dB | RX#: 500
09:05:06.233,S1,TX_DATA,,,,500,,,[TX] S1:DATA:500
09:05:06.273,S2,IGNORE_REPLY,,,,,,S1:DATA:500,[IGNORE] S1:DATA:500
09:05:06.307,S1,IGNORE_POLL,,,,,,POLL:2,[IGNORE] POLL:2
09:05:06.310,S2,RX_POLL,-75,8.5,500,,655,,[RX] POLL:2 | RSSI: -75 dBm | SNR: 8.50 dB | RX#: 500
09:05:06.310,S2,TX_DATA,,,,500,,,[TX] S2:DATA:500
09:05:06.352,S1,IGNORE_REPLY,,,,,,S2:DATA:500,[IGNORE] S2:DATA:500
09:05:06.884,S2,IGNORE_POLL,,,,,,POLL:1,[IGNORE] POLL:1
09:05:06.888,S1,RX_POLL,-70,8.75,501,,655,,[RX] POLL:1 | RSSI: -70 dBm | SNR: 8.75 dB | RX#: 501
09:05:06.889,S1,TX_DATA,,,,501,,,[TX] S1:DATA:501
09:05:06.929,S2,IGNORE_REPLY,,,,,,S1:DATA:501,[IGNORE] S1:DATA:501
09:05:06.962,S1,IGNORE_POLL,,,,,,POLL:2,[IGNORE] POLL:2
09:05:06.965,S2,RX_POLL,-76,8.5,501,,655,,[RX] POLL:2 | RSSI: -76 dBm | SNR: 8.50 dB | RX#: 501
09:05:06.966,S2,TX_DATA,,,,501,,,[TX] S2:DATA:501
09:05:07.007,S1,IGNORE_REPLY,,,,,,S2:DATA:501,[IGNORE] S2:DATA:501
09:05:07.539,S2,IGNORE_POLL,,,,,,POLL:1,[IGNORE] POLL:1
09:05:07.544,S1,RX_POLL,-70,8.75,502,,656,,[RX] POLL:1 | RSSI: -70 dBm | SNR: 8.75 dB | RX#: 502
09:05:07.545,S1,TX_DATA,,,,502,,,[TX] S1:DATA:502
09:05:07.584,S2,IGNORE_REPLY,,,,,,S1:DATA:502,[IGNORE] S1:DATA:502
09:05:07.617,S1,IGNORE_POLL,,,,,,POLL:2,[IGNORE] POLL:2
09:05:07.621,S2,RX_POLL,-75,8.75,502,,656,,[RX] POLL:2 | RSSI: -75 dBm | SNR: 8.75 dB | RX#: 502
09:05:07.621,S2,TX_DATA,,,,502,,,[TX] S2:DATA:502
09:05:07.663,S1,IGNORE_REPLY,,,,,,S2:DATA:502,[IGNORE] S2:DATA:502
09:05:08.195,S2,IGNORE_POLL,,,,,,POLL:1,[IGNORE] POLL:1
09:05:08.199,S1,RX_POLL,-70,8.75,503,,655,,[RX] POLL:1 | RSSI: -70 dBm | SNR: 8.75 dB | RX#: 503
09:05:08.199,S1,TX_DATA,,,,503,,,[TX] S1:DATA:503
09:05:08.239,S2,IGNORE_REPLY,,,,,,S1:DATA:503,[IGNORE] S1:DATA:503
09:05:08.273,S1,IGNORE_POLL,,,,,,POLL:2,[IGNORE] POLL:2
09:05:08.276,S2,RX_POLL,-75,9.0,503,,656,,[RX] POLL:2 | RSSI: -75 dBm | SNR: 9.00 dB | RX#: 503
09:05:08.277,S2,TX_DATA,,,,503,,,[TX] S2:DATA:503
09:05:08.318,S1,IGNORE_REPLY,,,,,,S2:DATA:503,[IGNORE] S2:DATA:503
09:05:08.849,S2,IGNORE_POLL,,,,,,POLL:1,[IGNORE] POLL:1
09:05:08.854,S1,RX_POLL,-70,8.75,504,,655,,[RX] POLL:1 | RSSI: -70 dBm | SNR: 8.75 dB | RX#: 504
09:05:08.855,S1,TX_DATA,,,,504,,,[TX] S1:DATA:504
09:05:08.895,S2,IGNORE_REPLY,,,,,,S1:DATA:504,[IGNORE] S1:DATA:504
09:05:08.928,S1,IGNORE_POLL,,,,,,POLL:2,[IGNORE] POLL:2
09:05:08.932,S2,RX_POLL,-75,8.75,504,,656,,[RX] POLL:2 | RSSI: -75 dBm | SNR: 8.75 dB | RX#: 504
09:05:08.935,S2,TX_DATA,,,,504,,,[TX] S2:DATA:504
09:05:08.973,S1,IGNORE_REPLY,,,,,,S2:DATA:504,[IGNORE] S2:DATA:504
09:05:09.505,S2,IGNORE_POLL,,,,,,POLL:1,[IGNORE] POLL:1
09:05:09.510,S1,RX_POLL,-70,8.75,505,,655,,[RX] POLL:1 | RSSI: -70 dBm | SNR: 8.75 dB | RX#: 505
09:05:09.510,S1,TX_DATA,,,,505,,,[TX] S1:DATA:505
09:05:09.554,S2,IGNORE_REPLY,,,,,,S1:DATA:505,[IGNORE] S1:DATA:505
09:05:09.583,S1,IGNORE_POLL,,,,,,POLL:2,[IGNORE] POLL:2
09:05:09.587,S2,RX_POLL,-75,8.75,505,,655,,[RX] POLL:2 | RSSI: -75 dBm | SNR: 8.75 dB | RX#: 505
09:05:09.590,S2,TX_DATA,,,,505,,,[TX] S2:DATA:505
09:05:09.629,S1,IGNORE_REPLY,,,,,,S2:DATA:505,[IGNORE] S2:DATA:505
09:05:10.164,S2,IGNORE_POLL,,,,,,POLL:1,[IGNORE] POLL:1
09:05:10.165,S1,RX_POLL,-67,8.25,506,,655,,[RX] POLL:1 | RSSI: -67 dBm | SNR: 8.25 dB | RX#: 506
09:05:10.166,S1,TX_DATA,,,,506,,,[TX] S1:DATA:506
09:05:10.209,S2,IGNORE_REPLY,,,,,,S1:DATA:506,[IGNORE] S1:DATA:506
09:05:10.239,S1,IGNORE_POLL,,,,,,POLL:2,[IGNORE] POLL:2
09:05:10.242,S2,RX_POLL,-76,8.5,506,,655,,[RX] POLL:2 | RSSI: -76 dBm | SNR: 8.50 dB | RX#: 506
09:05:10.246,S2,TX_DATA,,,,506,,,[TX] S2:DATA:506
09:05:10.284,S1,IGNORE_REPLY,,,,,,S2:DATA:506,[IGNORE] S2:DATA:506
09:05:10.819,S2,IGNORE_POLL,,,,,,POLL:1,[IGNORE] POLL:1
09:05:10.820,S1,RX_POLL,-67,7.75,507,,655,,[RX] POLL:1 | RSSI: -67 dBm | SNR: 7.75 dB | RX#: 507
09:05:10.824,S1,TX_DATA,,,,507,,,[TX] S1:DATA:507
09:05:10.865,S2,IGNORE_REPLY,,,,,,S1:DATA:507,[IGNORE] S1:DATA:507
09:05:10.894,S1,IGNORE_POLL,,,,,,POLL:2,[IGNORE] POLL:2
09:05:10.897,S2,RX_POLL,-75,9.0,507,,655,,[RX] POLL:2 | RSSI: -75 dBm | SNR: 9.00 dB | RX#: 507
09:05:10.901,S2,TX_DATA,,,,507,,,[TX] S2:DATA:507
09:05:10.939,S1,IGNORE_REPLY,,,,,,S2:DATA:507,[IGNORE] S2:DATA:507
09:05:11.475,S2,IGNORE_POLL,,,,,,POLL:1,[IGNORE] POLL:1
09:05:11.476,S1,RX_POLL,-70,8.75,508,,655,,[RX] POLL:1 | RSSI: -70 dBm | SNR: 8.75 dB | RX#: 508
09:05:11.479,S1,TX_DATA,,,,508,,,[TX] S1:DATA:508
09:05:11.520,S2,IGNORE_REPLY,,,,,,S1:DATA:508,[IGNORE] S1:DATA:508
09:05:11.549,S1,IGNORE_POLL,,,,,,POLL:2,[IGNORE] POLL:2
09:05:11.553,S2,RX_POLL,-75,8.75,508,,655,,[RX] POLL:2 | RSSI: -75 dBm | SNR: 8.75 dB | RX#: 508
09:05:11.557,S2,TX_DATA,,,,508,,,[TX] S2:DATA:508
09:05:11.598,S1,IGNORE_REPLY,,,,,,S2:DATA:508,[IGNORE] S2:DATA:508
09:05:12.130,S2,IGNORE_POLL,,,,,,POLL:1,[IGNORE] POLL:1
09:05:12.131,S1,RX_POLL,-70,8.5,509,,655,,[RX] POLL:1 | RSSI: -70 dBm | SNR: 8.50 dB | RX#: 509
09:05:12.135,S1,TX_DATA,,,,509,,,[TX] S1:DATA:509
09:05:12.175,S2,IGNORE_REPLY,,,,,,S1:DATA:509,[IGNORE] S1:DATA:509
09:05:12.209,S1,IGNORE_POLL,,,,,,POLL:2,[IGNORE] POLL:2
09:05:12.212,S2,RX_POLL,-74,8.5,509,,659,,[RX] POLL:2 | RSSI: -74 dBm | SNR: 8.50 dB | RX#: 509
09:05:12.212,S2,TX_DATA,,,,509,,,[TX] S2:DATA:509
09:05:12.254,S1,IGNORE_REPLY,,,,,,S2:DATA:509,[IGNORE] S2:DATA:509
09:05:12.786,S2,IGNORE_POLL,,,,,,POLL:1,[IGNORE] POLL:1
09:05:12.786,S1,RX_POLL,-70,8.5,510,,655,,[RX] POLL:1 | RSSI: -70 dBm | SNR: 8.50 dB | RX#: 510
09:05:12.791,S1,TX_DATA,,,,510,,,[TX] S1:DATA:510
09:05:12.831,S2,IGNORE_REPLY,,,,,,S1:DATA:510,[IGNORE] S1:DATA:510
09:05:12.864,S1,IGNORE_POLL,,,,,,POLL:2,[IGNORE] POLL:2
09:05:12.867,S2,RX_POLL,-75,8.75,510,,656,,[RX] POLL:2 | RSSI: -75 dBm | SNR: 8.75 dB | RX#: 510
09:05:12.868,S2,TX_DATA,,,,510,,,[TX] S2:DATA:510
09:05:12.913,S1,IGNORE_REPLY,,,,,,S2:DATA:510,[IGNORE] S2:DATA:510
09:05:13.441,S2,IGNORE_POLL,,,,,,POLL:1,[IGNORE] POLL:1
09:05:13.446,S1,RX_POLL,-70,8.75,511,,659,,[RX] POLL:1 | RSSI: -70 dBm | SNR: 8.75 dB | RX#: 511
09:05:13.446,S1,TX_DATA,,,,511,,,[TX] S1:DATA:511
09:05:13.486,S2,IGNORE_REPLY,,,,,,S1:DATA:511,[IGNORE] S1:DATA:511
09:05:13.520,S1,IGNORE_POLL,,,,,,POLL:2,[IGNORE] POLL:2
09:05:13.523,S2,RX_POLL,-75,8.75,511,,655,,[RX] POLL:2 | RSSI: -75 dBm | SNR: 8.75 dB | RX#: 511
09:05:13.523,S2,TX_DATA,,,,511,,,[TX] S2:DATA:511
09:05:13.564,S1,IGNORE_REPLY,,,,,,S2:DATA:511,[IGNORE] S2:DATA:511
09:05:14.097,S2,IGNORE_POLL,,,,,,POLL:1,[IGNORE] POLL:1
09:05:14.101,S1,RX_POLL,-70,8.75,512,,656,,[RX] POLL:1 | RSSI: -70 dBm | SNR: 8.75 dB | RX#: 512
09:05:14.102,S1,TX_DATA,,,,512,,,[TX] S1:DATA:512
09:05:14.141,S2,IGNORE_REPLY,,,,,,S1:DATA:512,[IGNORE] S1:DATA:512
09:05:14.175,S1,IGNORE_POLL,,,,,,POLL:2,[IGNORE] POLL:2
09:05:14.178,S2,RX_POLL,-75,8.75,512,,655,,[RX] POLL:2 | RSSI: -75 dBm | SNR: 8.75 dB | RX#: 512
09:05:14.178,S2,TX_DATA,,,,512,,,[TX] S2:DATA:512
09:05:14.220,S1,IGNORE_REPLY,,,,,,S2:DATA:512,[IGNORE] S2:DATA:512
09:05:14.751,S2,IGNORE_POLL,,,,,,POLL:1,[IGNORE] POLL:1
09:05:14.756,S1,RX_POLL,-70,8.75,513,,655,,[RX] POLL:1 | RSSI: -70 dBm | SNR: 8.75 dB | RX#: 513
09:05:14.757,S1,TX_DATA,,,,513,,,[TX] S1:DATA:513
09:05:14.797,S2,IGNORE_REPLY,,,,,,S1:DATA:513,[IGNORE] S1:DATA:513
09:05:14.830,S1,IGNORE_POLL,,,,,,POLL:2,[IGNORE] POLL:2
09:05:14.833,S2,RX_POLL,-75,8.75,513,,655,,[RX] POLL:2 | RSSI: -75 dBm | SNR: 8.75 dB | RX#: 513
09:05:14.834,S2,TX_DATA,,,,513,,,[TX] S2:DATA:513
09:05:14.875,S1,IGNORE_REPLY,,,,,,S2:DATA:513,[IGNORE] S2:DATA:513
09:05:15.407,S2,IGNORE_POLL,,,,,,POLL:1,[IGNORE] POLL:1
09:05:15.412,S1,RX_POLL,-70,8.75,514,,655,,[RX] POLL:1 | RSSI: -70 dBm | SNR: 8.75 dB | RX#: 514
09:05:15.412,S1,TX_DATA,,,,514,,,[TX] S1:DATA:514
09:05:15.453,S2,IGNORE_REPLY,,,,,,S1:DATA:514,[IGNORE] S1:DATA:514
09:05:15.485,S1,IGNORE_POLL,,,,,,POLL:2,[IGNORE] POLL:2
09:05:15.489,S2,RX_POLL,-74,9.25,514,,655,,[RX] POLL:2 | RSSI: -74 dBm | SNR: 9.25 dB | RX#: 514
09:05:15.489,S2,TX_DATA,,,,514,,,[TX] S2:DATA:514
09:05:15.530,S1,IGNORE_REPLY,,,,,,S2:DATA:514,[IGNORE] S2:DATA:514
09:05:16.062,S2,IGNORE_POLL,,,,,,POLL:1,[IGNORE] POLL:1
09:05:16.067,S1,RX_POLL,-70,9.0,515,,656,,[RX] POLL:1 | RSSI: -70 dBm | SNR: 9.00 dB | RX#: 515
09:05:16.068,S1,TX_DATA,,,,515,,,[TX] S1:DATA:515
09:05:16.107,S2,IGNORE_REPLY,,,,,,S1:DATA:515,[IGNORE] S1:DATA:515
09:05:16.141,S1,IGNORE_POLL,,,,,,POLL:2,[IGNORE] POLL:2
09:05:16.144,S2,RX_POLL,-74,9.0,515,,655,,[RX] POLL:2 | RSSI: -74 dBm | SNR: 9.00 dB | RX#: 515
09:05:16.144,S2,TX_DATA,,,,515,,,[TX] S2:DATA:515
09:05:16.186,S1,IGNORE_REPLY,,,,,,S2:DATA:515,[IGNORE] S2:DATA:515
09:05:16.718,S2,IGNORE_POLL,,,,,,POLL:1,[IGNORE] POLL:1
09:05:16.722,S1,RX_POLL,-70,9.0,516,,655,,[RX] POLL:1 | RSSI: -70 dBm | SNR: 9.00 dB | RX#: 516
09:05:16.723,S1,TX_DATA,,,,516,,,[TX] S1:DATA:516
09:05:16.763,S2,IGNORE_REPLY,,,,,,S1:DATA:516,[IGNORE] S1:DATA:516
09:05:16.796,S1,IGNORE_POLL,,,,,,POLL:2,[IGNORE] POLL:2
09:05:16.800,S2,RX_POLL,-74,9.25,516,,656,,[RX] POLL:2 | RSSI: -74 dBm | SNR: 9.25 dB | RX#: 516
09:05:16.800,S2,TX_DATA,,,,516,,,[TX] S2:DATA:516
09:05:16.841,S1,IGNORE_REPLY,,,,,,S2:DATA:516,[IGNORE] S2:DATA:516
09:05:17.373,S2,IGNORE_POLL,,,,,,POLL:1,[IGNORE] POLL:1
09:05:17.377,S1,RX_POLL,-70,8.75,517,,655,,[RX] POLL:1 | RSSI: -70 dBm | SNR: 8.75 dB | RX#: 517
09:05:17.378,S1,TX_DATA,,,,517,,,[TX] S1:DATA:517
09:05:17.418,S2,IGNORE_REPLY,,,,,,S1:DATA:517,[IGNORE] S1:DATA:517
09:05:17.451,S1,IGNORE_POLL,,,,,,POLL:2,[IGNORE] POLL:2
09:05:17.455,S2,RX_POLL,-74,9.25,517,,655,,[RX] POLL:2 | RSSI: -74 dBm | SNR: 9.25 dB | RX#: 517
09:05:17.455,S2,TX_DATA,,,,517,,,[TX] S2:DATA:517
09:05:17.496,S1,IGNORE_REPLY,,,,,,S2:DATA:517,[IGNORE] S2:DATA:517
09:05:18.028,S2,IGNORE_POLL,,,,,,POLL:1,[IGNORE] POLL:1
09:05:18.033,S1,RX_POLL,-70,9.0,518,,656,,[RX] POLL:1 | RSSI: -70 dBm | SNR: 9.00 dB | RX#: 518
09:05:18.034,S1,TX_DATA,,,,518,,,[TX] S1:DATA:518
09:05:18.073,S2,IGNORE_REPLY,,,,,,S1:DATA:518,[IGNORE] S1:DATA:518
09:05:18.107,S1,IGNORE_POLL,,,,,,POLL:2,[IGNORE] POLL:2
09:05:18.110,S2,RX_POLL,-74,8.75,518,,655,,[RX] POLL:2 | RSSI: -74 dBm | SNR: 8.75 dB | RX#: 518
09:05:18.110,S2,TX_DATA,,,,518,,,[TX] S2:DATA:518
09:05:18.152,S1,IGNORE_REPLY,,,,,,S2:DATA:518,[IGNORE] S2:DATA:518
09:05:18.683,S2,IGNORE_POLL,,,,,,POLL:1,[IGNORE] POLL:1
09:05:18.684,S1,RX_POLL,-70,9.0,519,,651,,[RX] POLL:1 | RSSI: -70 dBm | SNR: 9.00 dB | RX#: 519
09:05:18.688,S1,TX_DATA,,,,519,,,[TX] S1:DATA:519
09:05:18.728,S2,IGNORE_REPLY,,,,,,S1:DATA:519,[IGNORE] S1:DATA:519
09:05:18.762,S1,IGNORE_POLL,,,,,,POLL:2,[IGNORE] POLL:2
09:05:18.767,S2,RX_POLL,-74,9.25,519,,657,,[RX] POLL:2 | RSSI: -74 dBm | SNR: 9.25 dB | RX#: 519
09:05:18.767,S2,TX_DATA,,,,519,,,[TX] S2:DATA:519
09:05:18.807,S1,IGNORE_REPLY,,,,,,S2:DATA:519,[IGNORE] S2:DATA:519
09:05:19.339,S2,IGNORE_POLL,,,,,,POLL:1,[IGNORE] POLL:1
09:05:19.340,S1,RX_POLL,-70,8.75,520,,655,,[RX] POLL:1 | RSSI: -70 dBm | SNR: 8.75 dB | RX#: 520
09:05:19.344,S1,TX_DATA,,,,520,,,[TX] S1:DATA:520
09:05:19.384,S2,IGNORE_REPLY,,,,,,S1:DATA:520,[IGNORE] S1:DATA:520
09:05:19.417,S1,IGNORE_POLL,,,,,,POLL:2,[IGNORE] POLL:2
09:05:19.421,S2,RX_POLL,-74,9.0,520,,654,,[RX] POLL:2 | RSSI: -74 dBm | SNR: 9.00 dB | RX#: 520
09:05:19.421,S2,TX_DATA,,,,520,,,[TX] S2:DATA:520
09:05:19.462,S1,IGNORE_REPLY,,,,,,S2:DATA:520,[IGNORE] S2:DATA:520
09:05:19.994,S2,IGNORE_POLL,,,,,,POLL:1,[IGNORE] POLL:1
09:05:19.995,S1,RX_POLL,-70,9.0,521,,655,,[RX] POLL:1 | RSSI: -70 dBm | SNR: 9.00 dB | RX#: 521
09:05:19.999,S1,TX_DATA,,,,521,,,[TX] S1:DATA:521
09:05:20.040,S2,IGNORE_REPLY,,,,,,S1:DATA:521,[IGNORE] S1:DATA:521
09:05:20.072,S1,IGNORE_POLL,,,,,,POLL:2,[IGNORE] POLL:2
09:05:20.076,S2,RX_POLL,-74,8.75,521,,655,,[RX] POLL:2 | RSSI: -74 dBm | SNR: 8.75 dB | RX#: 521
09:05:20.076,S2,TX_DATA,,,,521,,,[TX] S2:DATA:521
09:05:20.118,S1,IGNORE_REPLY,,,,,,S2:DATA:521,[IGNORE] S2:DATA:521
09:05:20.650,S2,IGNORE_POLL,,,,,,POLL:1,[IGNORE] POLL:1
09:05:20.654,S1,RX_POLL,-70,9.0,522,,659,,[RX] POLL:1 | RSSI: -70 dBm | SNR: 9.00 dB | RX#: 522
09:05:20.655,S1,TX_DATA,,,,522,,,[TX] S1:DATA:522
09:05:20.694,S2,IGNORE_REPLY,,,,,,S1:DATA:522,[IGNORE] S1:DATA:522
09:05:20.728,S1,IGNORE_POLL,,,,,,POLL:2,[IGNORE] POLL:2
09:05:20.731,S2,RX_POLL,-74,8.75,522,,655,,[RX] POLL:2 | RSSI: -74 dBm | SNR: 8.75 dB | RX#: 522
09:05:20.731,S2,TX_DATA,,,,522,,,[TX] S2:DATA:522
09:05:20.773,S1,IGNORE_REPLY,,,,,,S2:DATA:522,[IGNORE] S2:DATA:522
09:05:21.305,S2,IGNORE_POLL,,,,,,POLL:1,[IGNORE] POLL:1
09:05:21.313,S1,RX_POLL,-70,8.5,523,,659,,[RX] POLL:1 | RSSI: -70 dBm | SNR: 8.50 dB | RX#: 523
09:05:21.313,S1,TX_DATA,,,,523,,,[TX] S1:DATA:523
09:05:21.350,S2,IGNORE_REPLY,,,,,,S1:DATA:523,[IGNORE] S1:DATA:523
09:05:21.383,S1,IGNORE_POLL,,,,,,POLL:2,[IGNORE] POLL:2
09:05:21.387,S2,RX_POLL,-73,9.0,523,,655,,[RX] POLL:2 | RSSI: -73 dBm | SNR: 9.00 dB | RX#: 523
09:05:21.387,S2,TX_DATA,,,,523,,,[TX] S2:DATA:523
09:05:21.428,S1,IGNORE_REPLY,,,,,,S2:DATA:523,[IGNORE] S2:DATA:523
09:05:21.960,S2,IGNORE_POLL,,,,,,POLL:1,[IGNORE] POLL:1
09:05:21.965,S1,RX_POLL,-70,8.5,524,,652,,[RX] POLL:1 | RSSI: -70 dBm | SNR: 8.50 dB | RX#: 524
09:05:21.965,S1,TX_DATA,,,,524,,,[TX] S1:DATA:524
09:05:22.005,S2,IGNORE_REPLY,,,,,,S1:DATA:524,[IGNORE] S1:DATA:524
09:05:22.039,S1,IGNORE_POLL,,,,,,POLL:2,[IGNORE] POLL:2
09:05:22.042,S2,RX_POLL,-74,9.0,524,,655,,[RX] POLL:2 | RSSI: -74 dBm | SNR: 9.00 dB | RX#: 524
09:05:22.042,S2,TX_DATA,,,,524,,,[TX] S2:DATA:524
09:05:22.084,S1,IGNORE_REPLY,,,,,,S2:DATA:524,[IGNORE] S2:DATA:524
09:05:22.616,S2,IGNORE_POLL,,,,,,POLL:1,[IGNORE] POLL:1
09:05:22.620,S1,RX_POLL,-70,8.5,525,,655,,[RX] POLL:1 | RSSI: -70 dBm | SNR: 8.50 dB | RX#: 525
09:05:22.620,S1,TX_DATA,,,,525,,,[TX] S1:DATA:525
09:05:22.661,S2,IGNORE_REPLY,,,,,,S1:DATA:525,[IGNORE] S1:DATA:525
09:05:22.694,S1,IGNORE_POLL,,,,,,POLL:2,[IGNORE] POLL:2
09:05:22.697,S2,RX_POLL,-74,8.5,525,,655,,[RX] POLL:2 | RSSI: -74 dBm | SNR: 8.50 dB | RX#: 525
09:05:22.698,S2,TX_DATA,,,,525,,,[TX] S2:DATA:525
09:05:22.739,S1,IGNORE_REPLY,,,,,,S2:DATA:525,[IGNORE] S2:DATA:525
09:05:23.271,S2,IGNORE_POLL,,,,,,POLL:1,[IGNORE] POLL:1
09:05:23.275,S1,RX_POLL,-70,8.75,526,,655,,[RX] POLL:1 | RSSI: -70 dBm | SNR: 8.75 dB | RX#: 526
09:05:23.276,S1,TX_DATA,,,,526,,,[TX] S1:DATA:526
09:05:23.316,S2,IGNORE_REPLY,,,,,,S1:DATA:526,[IGNORE] S1:DATA:526
09:05:23.350,S1,IGNORE_POLL,,,,,,POLL:2,[IGNORE] POLL:2
09:05:23.353,S2,RX_POLL,-74,9.0,526,,655,,[RX] POLL:2 | RSSI: -74 dBm | SNR: 9.00 dB | RX#: 526
09:05:23.353,S2,TX_DATA,,,,526,,,[TX] S2:DATA:526
09:05:23.394,S1,IGNORE_REPLY,,,,,,S2:DATA:526,[IGNORE] S2:DATA:526
09:05:23.926,S2,IGNORE_POLL,,,,,,POLL:1,[IGNORE] POLL:1
09:05:23.931,S1,RX_POLL,-70,8.25,527,,655,,[RX] POLL:1 | RSSI: -70 dBm | SNR: 8.25 dB | RX#: 527
09:05:23.931,S1,TX_DATA,,,,527,,,[TX] S1:DATA:527
09:05:23.971,S2,IGNORE_REPLY,,,,,,S1:DATA:527,[IGNORE] S1:DATA:527
09:05:24.005,S1,IGNORE_POLL,,,,,,POLL:2,[IGNORE] POLL:2
09:05:24.008,S2,RX_POLL,-74,9.0,527,,655,,[RX] POLL:2 | RSSI: -74 dBm | SNR: 9.00 dB | RX#: 527
09:05:24.012,S2,TX_DATA,,,,527,,,[TX] S2:DATA:527
09:05:24.050,S1,IGNORE_REPLY,,,,,,S2:DATA:527,[IGNORE] S2:DATA:527
09:05:24.581,S2,IGNORE_POLL,,,,,,POLL:1,[IGNORE] POLL:1
09:05:24.586,S1,RX_POLL,-70,8.5,528,,655,,[RX] POLL:1 | RSSI: -70 dBm | SNR: 8.50 dB | RX#: 528
09:05:24.587,S1,TX_DATA,,,,528,,,[TX] S1:DATA:528
09:05:24.630,S2,IGNORE_REPLY,,,,,,S1:DATA:528,[IGNORE] S1:DATA:528
09:05:24.660,S1,IGNORE_POLL,,,,,,POLL:2,[IGNORE] POLL:2
09:05:24.664,S2,RX_POLL,-74,8.75,528,,656,,[RX] POLL:2 | RSSI: -74 dBm | SNR: 8.75 dB | RX#: 528
09:05:24.667,S2,TX_DATA,,,,528,,,[TX] S2:DATA:528
09:05:24.705,S1,IGNORE_REPLY,,,,,,S2:DATA:528,[IGNORE] S2:DATA:528
09:05:25.240,S2,IGNORE_POLL,,,,,,POLL:1,[IGNORE] POLL:1
09:05:25.242,S1,RX_POLL,-70,8.5,529,,655,,[RX] POLL:1 | RSSI: -70 dBm | SNR: 8.50 dB | RX#: 529
09:05:25.242,S1,TX_DATA,,,,529,,,[TX] S1:DATA:529
09:05:25.286,S2,IGNORE_REPLY,,,,,,S1:DATA:529,[IGNORE] S1:DATA:529
09:05:25.315,S1,IGNORE_POLL,,,,,,POLL:2,[IGNORE] POLL:2
09:05:25.319,S2,RX_POLL,-74,8.5,529,,655,,[RX] POLL:2 | RSSI: -74 dBm | SNR: 8.50 dB | RX#: 529
09:05:25.322,S2,TX_DATA,,,,529,,,[TX] S2:DATA:529
09:05:25.360,S1,IGNORE_REPLY,,,,,,S2:DATA:529,[IGNORE] S2:DATA:529
09:05:25.896,S2,IGNORE_POLL,,,,,,POLL:1,[IGNORE] POLL:1
09:05:25.897,S1,RX_POLL,-70,9.0,530,,656,,[RX] POLL:1 | RSSI: -70 dBm | SNR: 9.00 dB | RX#: 530
09:05:25.897,S1,TX_DATA,,,,530,,,[TX] S1:DATA:530
09:05:25.941,S2,IGNORE_REPLY,,,,,,S1:DATA:530,[IGNORE] S1:DATA:530
09:05:25.971,S1,IGNORE_POLL,,,,,,POLL:2,[IGNORE] POLL:2
09:05:25.974,S2,RX_POLL,-74,9.0,530,,655,,[RX] POLL:2 | RSSI: -74 dBm | SNR: 9.00 dB | RX#: 530
09:05:25.978,S2,TX_DATA,,,,530,,,[TX] S2:DATA:530
09:05:26.016,S1,IGNORE_REPLY,,,,,,S2:DATA:530,[IGNORE] S2:DATA:530
09:05:26.547,S2,IGNORE_POLL,,,,,,POLL:1,[IGNORE] POLL:1
09:05:26.552,S1,RX_POLL,-70,8.75,531,,655,,[RX] POLL:1 | RSSI: -70 dBm | SNR: 8.75 dB | RX#: 531
09:05:26.552,S1,TX_DATA,,,,531,,,[TX] S1:DATA:531
09:05:26.593,S2,IGNORE_REPLY,,,,,,S1:DATA:531,[IGNORE] S1:DATA:531
09:05:26.626,S1,IGNORE_POLL,,,,,,POLL:2,[IGNORE] POLL:2
09:05:26.629,S2,RX_POLL,-74,9.0,531,,655,,[RX] POLL:2 | RSSI: -74 dBm | SNR: 9.00 dB | RX#: 531
09:05:26.633,S2,TX_DATA,,,,531,,,[TX] S2:DATA:531
09:05:26.671,S1,IGNORE_REPLY,,,,,,S2:DATA:531,[IGNORE] S2:DATA:531
09:05:27.203,S2,IGNORE_POLL,,,,,,POLL:1,[IGNORE] POLL:1
09:05:27.208,S1,RX_POLL,-70,9.25,532,,655,,[RX] POLL:1 | RSSI: -70 dBm | SNR: 9.25 dB | RX#: 532
09:05:27.208,S1,TX_DATA,,,,532,,,[TX] S1:DATA:532
09:05:27.248,S2,IGNORE_REPLY,,,,,,S1:DATA:532,[IGNORE] S1:DATA:532
09:05:27.281,S1,IGNORE_POLL,,,,,,POLL:2,[IGNORE] POLL:2
09:05:27.285,S2,RX_POLL,-74,9.0,532,,655,,[RX] POLL:2 | RSSI: -74 dBm | SNR: 9.00 dB | RX#: 532
09:05:27.285,S2,TX_DATA,,,,532,,,[TX] S2:DATA:532
09:05:27.326,S1,IGNORE_REPLY,,,,,,S2:DATA:532,[IGNORE] S2:DATA:532
09:05:27.858,S2,IGNORE_POLL,,,,,,POLL:1,[IGNORE] POLL:1
09:05:27.863,S1,RX_POLL,-67,8.0,533,,655,,[RX] POLL:1 | RSSI: -67 dBm | SNR: 8.00 dB | RX#: 533
09:05:27.863,S1,TX_DATA,,,,533,,,[TX] S1:DATA:533
09:05:27.903,S2,IGNORE_REPLY,,,,,,S1:DATA:533,[IGNORE] S1:DATA:533
09:05:27.936,S1,IGNORE_POLL,,,,,,POLL:2,[IGNORE] POLL:2
09:05:27.940,S2,RX_POLL,-74,9.0,533,,655,,[RX] POLL:2 | RSSI: -74 dBm | SNR: 9.00 dB | RX#: 533
09:05:27.940,S2,TX_DATA,,,,533,,,[TX] S2:DATA:533
09:05:27.982,S1,IGNORE_REPLY,,,,,,S2:DATA:533,[IGNORE] S2:DATA:533
09:05:28.515,S2,IGNORE_POLL,,,,,,POLL:1,[IGNORE] POLL:1
09:05:28.518,S1,RX_POLL,-70,9.0,534,,656,,[RX] POLL:1 | RSSI: -70 dBm | SNR: 9.00 dB | RX#: 534
09:05:28.519,S1,TX_DATA,,,,534,,,[TX] S1:DATA:534
09:05:28.558,S2,IGNORE_REPLY,,,,,,S1:DATA:534,[IGNORE] S1:DATA:534
09:05:28.592,S1,IGNORE_POLL,,,,,,POLL:2,[IGNORE] POLL:2
09:05:28.595,S2,RX_POLL,-74,9.0,534,,655,,[RX] POLL:2 | RSSI: -74 dBm | SNR: 9.00 dB | RX#: 534
09:05:28.596,S2,TX_DATA,,,,534,,,[TX] S2:DATA:534
09:05:28.637,S1,IGNORE_REPLY,,,,,,S2:DATA:534,[IGNORE] S2:DATA:534
09:05:29.169,S2,IGNORE_POLL,,,,,,POLL:1,[IGNORE] POLL:1
09:05:29.173,S1,RX_POLL,-70,8.75,535,,655,,[RX] POLL:1 | RSSI: -70 dBm | SNR: 8.75 dB | RX#: 535
09:05:29.174,S1,TX_DATA,,,,535,,,[TX] S1:DATA:535
09:05:29.214,S2,IGNORE_REPLY,,,,,,S1:DATA:535,[IGNORE] S1:DATA:535
09:05:29.247,S1,IGNORE_POLL,,,,,,POLL:2,[IGNORE] POLL:2
09:05:29.250,S2,RX_POLL,-74,9.25,535,,655,,[RX] POLL:2 | RSSI: -74 dBm | SNR: 9.25 dB | RX#: 535
09:05:29.251,S2,TX_DATA,,,,535,,,[TX] S2:DATA:535
09:05:29.292,S1,IGNORE_REPLY,,,,,,S2:DATA:535,[IGNORE] S2:DATA:535
09:05:29.824,S2,IGNORE_POLL,,,,,,POLL:1,[IGNORE] POLL:1
09:05:29.829,S1,RX_POLL,-70,8.75,536,,655,,[RX] POLL:1 | RSSI: -70 dBm | SNR: 8.75 dB | RX#: 536
09:05:29.829,S1,TX_DATA,,,,536,,,[TX] S1:DATA:536
09:05:29.870,S2,IGNORE_REPLY,,,,,,S1:DATA:536,[IGNORE] S1:DATA:536
09:05:29.903,S1,IGNORE_POLL,,,,,,POLL:2,[IGNORE] POLL:2
09:05:29.906,S2,RX_POLL,-74,9.0,536,,655,,[RX] POLL:2 | RSSI: -74 dBm | SNR: 9.00 dB | RX#: 536
09:05:29.906,S2,TX_DATA,,,,536,,,[TX] S2:DATA:536
09:05:29.948,S1,IGNORE_REPLY,,,,,,S2:DATA:536,[IGNORE] S2:DATA:536
09:05:30.479,S2,IGNORE_POLL,,,,,,POLL:1,[IGNORE] POLL:1
09:05:30.484,S1,RX_POLL,-70,8.75,537,,655,,[RX] POLL:1 | RSSI: -70 dBm | SNR: 8.75 dB | RX#: 537
09:05:30.484,S1,TX_DATA,,,,537,,,[TX] S1:DATA:537
09:05:30.525,S2,IGNORE_REPLY,,,,,,S1:DATA:537,[IGNORE] S1:DATA:537
09:05:30.558,S1,IGNORE_POLL,,,,,,POLL:2,[IGNORE] POLL:2
09:05:30.562,S2,RX_POLL,-74,8.5,537,,656,,[RX] POLL:2 | RSSI: -74 dBm | SNR: 8.50 dB | RX#: 537
09:05:30.562,S2,TX_DATA,,,,537,,,[TX] S2:DATA:537
09:05:30.603,S1,IGNORE_REPLY,,,,,,S2:DATA:537,[IGNORE] S2:DATA:537
09:05:31.135,S2,IGNORE_POLL,,,,,,POLL:1,[IGNORE] POLL:1
09:05:31.140,S1,RX_POLL,-70,8.75,538,,656,,[RX] POLL:1 | RSSI: -70 dBm | SNR: 8.75 dB | RX#: 538
09:05:31.140,S1,TX_DATA,,,,538,,,[TX] S1:DATA:538
09:05:31.180,S2,IGNORE_REPLY,,,,,,S1:DATA:538,[IGNORE] S1:DATA:538
09:05:31.213,S1,IGNORE_POLL,,,,,,POLL:2,[IGNORE] POLL:2
09:05:31.217,S2,RX_POLL,-74,8.5,538,,655,,[RX] POLL:2 | RSSI: -74 dBm | SNR: 8.50 dB | RX#: 538
09:05:31.217,S2,TX_DATA,,,,538,,,[TX] S2:DATA:538
09:05:31.259,S1,IGNORE_REPLY,,,,,,S2:DATA:538,[IGNORE] S2:DATA:538
09:05:31.790,S2,IGNORE_POLL,,,,,,POLL:1,[IGNORE] POLL:1
09:05:31.795,S1,RX_POLL,-70,8.75,539,,656,,[RX] POLL:1 | RSSI: -70 dBm | SNR: 8.75 dB | RX#: 539
09:05:31.796,S1,TX_DATA,,,,539,,,[TX] S1:DATA:539
09:05:31.835,S2,IGNORE_REPLY,,,,,,S1:DATA:539,[IGNORE] S1:DATA:539
09:05:31.868,S1,IGNORE_POLL,,,,,,POLL:2,[IGNORE] POLL:2
09:05:31.872,S2,RX_POLL,-74,9.0,539,,655,,[RX] POLL:2 | RSSI: -74 dBm | SNR: 9.00 dB | RX#: 539
09:05:31.872,S2,TX_DATA,,,,539,,,[TX] S2:DATA:539
09:05:31.913,S1,IGNORE_REPLY,,,,,,S2:DATA:539,[IGNORE] S2:DATA:539
09:05:32.445,S2,IGNORE_POLL,,,,,,POLL:1,[IGNORE] POLL:1
09:05:32.450,S1,RX_POLL,-70,8.75,540,,655,,[RX] POLL:1 | RSSI: -70 dBm | SNR: 8.75 dB | RX#: 540
09:05:32.450,S1,TX_DATA,,,,540,,,[TX] S1:DATA:540
09:05:32.490,S2,IGNORE_REPLY,,,,,,S1:DATA:540,[IGNORE] S1:DATA:540
09:05:32.524,S1,IGNORE_POLL,,,,,,POLL:2,[IGNORE] POLL:2
09:05:32.527,S2,RX_POLL,-74,8.75,540,,655,,[RX] POLL:2 | RSSI: -74 dBm | SNR: 8.75 dB | RX#: 540
09:05:32.531,S2,TX_DATA,,,,540,,,[TX] S2:DATA:540
09:05:32.569,S1,IGNORE_REPLY,,,,,,S2:DATA:540,[IGNORE] S2:DATA:540
09:05:33.101,S2,IGNORE_POLL,,,,,,POLL:1,[IGNORE] POLL:1
09:05:33.105,S1,RX_POLL,-70,9.0,541,,655,,[RX] POLL:1 | RSSI: -70 dBm | SNR: 9.00 dB | RX#: 541
09:05:33.106,S1,TX_DATA,,,,541,,,[TX] S1:DATA:541
09:05:33.149,S2,IGNORE_REPLY,,,,,,S1:DATA:541,[IGNORE] S1:DATA:541
09:05:33.179,S1,IGNORE_POLL,,,,,,POLL:2,[IGNORE] POLL:2
09:05:33.183,S2,RX_POLL,-74,9.0,541,,655,,[RX] POLL:2 | RSSI: -74 dBm | SNR: 9.00 dB | RX#: 541
09:05:33.186,S2,TX_DATA,,,,541,,,[TX] S2:DATA:541
09:05:33.224,S1,IGNORE_REPLY,,,,,,S2:DATA:541,[IGNORE] S2:DATA:541
09:05:33.760,S2,IGNORE_POLL,,,,,,POLL:1,[IGNORE] POLL:1
09:05:33.761,S1,RX_POLL,-70,8.75,542,,655,,[RX] POLL:1 | RSSI: -70 dBm | SNR: 8.75 dB | RX#: 542
09:05:33.764,S1,TX_DATA,,,,542,,,[TX] S1:DATA:542
09:05:33.805,S2,IGNORE_REPLY,,,,,,S1:DATA:542,[IGNORE] S1:DATA:542
09:05:33.834,S1,IGNORE_POLL,,,,,,POLL:2,[IGNORE] POLL:2
09:05:33.838,S2,RX_POLL,-74,8.75,542,,655,,[RX] POLL:2 | RSSI: -74 dBm | SNR: 8.75 dB | RX#: 542
09:05:33.842,S2,TX_DATA,,,,542,,,[TX] S2:DATA:542
09:05:33.879,S1,IGNORE_REPLY,,,,,,S2:DATA:542,[IGNORE] S2:DATA:542
09:05:34.415,S2,IGNORE_POLL,,,,,,POLL:1,[IGNORE] POLL:1
09:05:34.416,S1,RX_POLL,-70,8.75,543,,656,,[RX] POLL:1 | RSSI: -70 dBm | SNR: 8.75 dB | RX#: 543
09:05:34.420,S1,TX_DATA,,,,543,,,[TX] S1:DATA:543
09:05:34.460,S2,IGNORE_REPLY,,,,,,S1:DATA:543,[IGNORE] S1:DATA:543
09:05:34.490,S1,IGNORE_POLL,,,,,,POLL:2,[IGNORE] POLL:2
09:05:34.493,S2,RX_POLL,-74,8.75,543,,655,,[RX] POLL:2 | RSSI: -74 dBm | SNR: 8.75 dB | RX#: 543
09:05:34.497,S2,TX_DATA,,,,543,,,[TX] S2:DATA:543
09:05:34.539,S1,IGNORE_REPLY,,,,,,S2:DATA:543,[IGNORE] S2:DATA:543
09:05:35.071,S2,IGNORE_POLL,,,,,,POLL:1,[IGNORE] POLL:1
09:05:35.072,S1,RX_POLL,-70,8.75,544,,655,,[RX] POLL:1 | RSSI: -70 dBm | SNR: 8.75 dB | RX#: 544
09:05:35.076,S1,TX_DATA,,,,544,,,[TX] S1:DATA:544
09:05:35.116,S2,IGNORE_REPLY,,,,,,S1:DATA:544,[IGNORE] S1:DATA:544
09:05:35.149,S1,IGNORE_POLL,,,,,,POLL:2,[IGNORE] POLL:2
09:05:35.152,S2,RX_POLL,-74,8.75,544,,659,,[RX] POLL:2 | RSSI: -74 dBm | SNR: 8.75 dB | RX#: 544
09:05:35.153,S2,TX_DATA,,,,544,,,[TX] S2:DATA:544
09:05:35.194,S1,IGNORE_REPLY,,,,,,S2:DATA:544,[IGNORE] S2:DATA:544
09:05:35.726,S2,IGNORE_POLL,,,,,,POLL:1,[IGNORE] POLL:1
09:05:35.727,S1,RX_POLL,-70,8.75,545,,655,,[RX] POLL:1 | RSSI: -70 dBm | SNR: 8.75 dB | RX#: 545
09:05:35.731,S1,TX_DATA,,,,545,,,[TX] S1:DATA:545
09:05:35.771,S2,IGNORE_REPLY,,,,,,S1:DATA:545,[IGNORE] S1:DATA:545
09:05:35.804,S1,IGNORE_POLL,,,,,,POLL:2,[IGNORE] POLL:2
09:05:35.808,S2,RX_POLL,-74,8.75,545,,655,,[RX] POLL:2 | RSSI: -74 dBm | SNR: 8.75 dB | RX#: 545
09:05:35.808,S2,TX_DATA,,,,545,,,[TX] S2:DATA:545
09:05:35.849,S1,IGNORE_REPLY,,,,,,S2:DATA:545,[IGNORE] S2:DATA:545
09:05:36.381,S2,IGNORE_POLL,,,,,,POLL:1,[IGNORE] POLL:1
09:05:36.386,S1,RX_POLL,-70,9.0,546,,659,,[RX] POLL:1 | RSSI: -70 dBm | SNR: 9.00 dB | RX#: 546
09:05:36.386,S1,TX_DATA,,,,546,,,[TX] S1:DATA:546
09:05:36.426,S2,IGNORE_REPLY,,,,,,S1:DATA:546,[IGNORE] S1:DATA:546
09:05:36.460,S1,IGNORE_POLL,,,,,,POLL:2,[IGNORE] POLL:2
09:05:36.463,S2,RX_POLL,-74,8.25,546,,656,,[RX] POLL:2 | RSSI: -74 dBm | SNR: 8.25 dB | RX#: 546
09:05:36.464,S2,TX_DATA,,,,546,,,[TX] S2:DATA:546
09:05:36.506,S1,IGNORE_REPLY,,,,,,S2:DATA:546,[IGNORE] S2:DATA:546
09:05:37.037,S2,IGNORE_POLL,,,,,,POLL:1,[IGNORE] POLL:1
09:05:37.041,S1,RX_POLL,-70,8.75,547,,655,,[RX] POLL:1 | RSSI: -70 dBm | SNR: 8.75 dB | RX#: 547
09:05:37.042,S1,TX_DATA,,,,547,,,[TX] S1:DATA:547
09:05:37.082,S2,IGNORE_REPLY,,,,,,S1:DATA:547,[IGNORE] S1:DATA:547
09:05:37.115,S1,IGNORE_POLL,,,,,,POLL:2,[IGNORE] POLL:2
09:05:37.118,S2,RX_POLL,-74,8.5,547,,655,,[RX] POLL:2 | RSSI: -74 dBm | SNR: 8.50 dB | RX#: 547
09:05:37.119,S2,TX_DATA,,,,547,,,[TX] S2:DATA:547
09:05:37.160,S1,IGNORE_REPLY,,,,,,S2:DATA:547,[IGNORE] S2:DATA:547
09:05:37.692,S2,IGNORE_POLL,,,,,,POLL:1,[IGNORE] POLL:1
09:05:37.697,S1,RX_POLL,-70,9.0,548,,655,,[RX] POLL:1 | RSSI: -70 dBm | SNR: 9.00 dB | RX#: 548
09:05:37.697,S1,TX_DATA,,,,548,,,[TX] S1:DATA:548
09:05:37.738,S2,IGNORE_REPLY,,,,,,S1:DATA:548,[IGNORE] S1:DATA:548
09:05:37.770,S1,IGNORE_POLL,,,,,,POLL:2,[IGNORE] POLL:2
09:05:37.774,S2,RX_POLL,-74,8.75,548,,656,,[RX] POLL:2 | RSSI: -74 dBm | SNR: 8.75 dB | RX#: 548
09:05:37.774,S2,TX_DATA,,,,548,,,[TX] S2:DATA:548
09:05:37.816,S1,IGNORE_REPLY,,,,,,S2:DATA:548,[IGNORE] S2:DATA:548
09:05:38.348,S2,IGNORE_POLL,,,,,,POLL:1,[IGNORE] POLL:1
09:05:38.352,S1,RX_POLL,-70,8.75,549,,655,,[RX] POLL:1 | RSSI: -70 dBm | SNR: 8.75 dB | RX#: 549
09:05:38.352,S1,TX_DATA,,,,549,,,[TX] S1:DATA:549
09:05:38.392,S2,IGNORE_REPLY,,,,,,S1:DATA:549,[IGNORE] S1:DATA:549
09:05:38.426,S1,IGNORE_POLL,,,,,,POLL:2,[IGNORE] POLL:2
09:05:38.429,S2,RX_POLL,-74,8.75,549,,655,,[RX] POLL:2 | RSSI: -74 dBm | SNR: 8.75 dB | RX#: 549
09:05:38.429,S2,TX_DATA,,,,549,,,[TX] S2:DATA:549
09:05:38.471,S1,IGNORE_REPLY,,,,,,S2:DATA:549,[IGNORE] S2:DATA:549
09:05:39.003,S2,IGNORE_POLL,,,,,,POLL:1,[IGNORE] POLL:1
09:05:39.007,S1,RX_POLL,-70,8.75,550,,655,,[RX] POLL:1 | RSSI: -70 dBm | SNR: 8.75 dB | RX#: 550
09:05:39.008,S1,TX_DATA,,,,550,,,[TX] S1:DATA:550
09:05:39.048,S2,IGNORE_REPLY,,,,,,S1:DATA:550,[IGNORE] S1:DATA:550
09:05:39.082,S1,IGNORE_POLL,,,,,,POLL:2,[IGNORE] POLL:2
09:05:39.084,S2,RX_POLL,-74,9.0,550,,655,,[RX] POLL:2 | RSSI: -74 dBm | SNR: 9.00 dB | RX#: 550
09:05:39.085,S2,TX_DATA,,,,550,,,[TX] S2:DATA:550
09:05:39.127,S1,IGNORE_REPLY,,,,,,S2:DATA:550,[IGNORE] S2:DATA:550
09:05:39.658,S2,IGNORE_POLL,,,,,,POLL:1,[IGNORE] POLL:1
09:05:39.663,S1,RX_POLL,-70,8.75,551,,655,,[RX] POLL:1 | RSSI: -70 dBm | SNR: 8.75 dB | RX#: 551
09:05:39.663,S1,TX_DATA,,,,551,,,[TX] S1:DATA:551
09:05:39.703,S2,IGNORE_REPLY,,,,,,S1:DATA:551,[IGNORE] S1:DATA:551
09:05:39.736,S1,IGNORE_POLL,,,,,,POLL:2,[IGNORE] POLL:2
09:05:39.740,S2,RX_POLL,-74,8.75,551,,656,,[RX] POLL:2 | RSSI: -74 dBm | SNR: 8.75 dB | RX#: 551
09:05:39.740,S2,TX_DATA,,,,551,,,[TX] S2:DATA:551
09:05:39.781,S1,IGNORE_REPLY,,,,,,S2:DATA:551,[IGNORE] S2:DATA:551
09:05:40.313,S2,IGNORE_POLL,,,,,,POLL:1,[IGNORE] POLL:1
09:05:40.318,S1,RX_POLL,-70,8.75,552,,655,,[RX] POLL:1 | RSSI: -70 dBm | SNR: 8.75 dB | RX#: 552
09:05:40.318,S1,TX_DATA,,,,552,,,[TX] S1:DATA:552
09:05:40.358,S2,IGNORE_REPLY,,,,,,S1:DATA:552,[IGNORE] S1:DATA:552
09:05:40.392,S1,IGNORE_POLL,,,,,,POLL:2,[IGNORE] POLL:2
09:05:40.398,S2,RX_POLL,-74,9.25,552,,658,,[RX] POLL:2 | RSSI: -74 dBm | SNR: 9.25 dB | RX#: 552
09:05:40.399,S2,TX_DATA,,,,552,,,[TX] S2:DATA:552
09:05:40.437,S1,IGNORE_REPLY,,,,,,S2:DATA:552,[IGNORE] S2:DATA:552
09:05:40.968,S2,IGNORE_POLL,,,,,,POLL:1,[IGNORE] POLL:1
09:05:40.973,S1,RX_POLL,-70,8.75,553,,655,,[RX] POLL:1 | RSSI: -70 dBm | SNR: 8.75 dB | RX#: 553
09:05:40.973,S1,TX_DATA,,,,553,,,[TX] S1:DATA:553
09:05:41.017,S2,IGNORE_REPLY,,,,,,S1:DATA:553,[IGNORE] S1:DATA:553
09:05:41.047,S1,IGNORE_POLL,,,,,,POLL:2,[IGNORE] POLL:2
09:05:41.051,S2,RX_POLL,-74,8.75,553,,652,,[RX] POLL:2 | RSSI: -74 dBm | SNR: 8.75 dB | RX#: 553
09:05:41.054,S2,TX_DATA,,,,553,,,[TX] S2:DATA:553
09:05:41.092,S1,IGNORE_REPLY,,,,,,S2:DATA:553,[IGNORE] S2:DATA:553
09:05:41.628,S2,IGNORE_POLL,,,,,,POLL:1,[IGNORE] POLL:1
09:05:41.629,S1,RX_POLL,-70,8.75,554,,656,,[RX] POLL:1 | RSSI: -70 dBm | SNR: 8.75 dB | RX#: 554
09:05:41.632,S1,TX_DATA,,,,554,,,[TX] S1:DATA:554
09:05:41.678,S2,IGNORE_REPLY,,,,,,S1:DATA:554,[IGNORE] S1:DATA:554
09:05:41.702,S1,IGNORE_POLL,,,,,,POLL:2,[IGNORE] POLL:2
09:05:41.706,S2,RX_POLL,-74,9.0,554,,655,,[RX] POLL:2 | RSSI: -74 dBm | SNR: 9.00 dB | RX#: 554
09:05:41.710,S2,TX_DATA,,,,554,,,[TX] S2:DATA:554
09:05:41.748,S1,IGNORE_REPLY,,,,,,S2:DATA:554,[IGNORE] S2:DATA:554
09:05:42.283,S2,IGNORE_POLL,,,,,,POLL:1,[IGNORE] POLL:1
09:05:42.284,S1,RX_POLL,-70,8.75,555,,655,,[RX] POLL:1 | RSSI: -70 dBm | SNR: 8.75 dB | RX#: 555
09:05:42.288,S1,TX_DATA,,,,555,,,[TX] S1:DATA:555
09:05:42.328,S2,IGNORE_REPLY,,,,,,S1:DATA:555,[IGNORE] S1:DATA:555
09:05:42.358,S1,IGNORE_POLL,,,,,,POLL:2,[IGNORE] POLL:2
09:05:42.361,S2,RX_POLL,-74,8.25,555,,655,,[RX] POLL:2 | RSSI: -74 dBm | SNR: 8.25 dB | RX#: 555
09:05:42.365,S2,TX_DATA,,,,555,,,[TX] S2:DATA:555
09:05:42.407,S1,IGNORE_REPLY,,,,,,S2:DATA:555,[IGNORE] S2:DATA:555
09:05:42.938,S2,IGNORE_POLL,,,,,,POLL:1,[IGNORE] POLL:1
09:05:42.939,S1,RX_POLL,-70,8.75,556,,655,,[RX] POLL:1 | RSSI: -70 dBm | SNR: 8.75 dB | RX#: 556
09:05:42.943,S1,TX_DATA,,,,556,,,[TX] S1:DATA:556
09:05:42.983,S2,IGNORE_REPLY,,,,,,S1:DATA:556,[IGNORE] S1:DATA:556
09:05:43.017,S2,RX_POLL,-74,9.25,556,,655,,[RX] POLL:2 | RSSI: -74 dBm | SNR: 9.25 dB | RX#: 556
09:05:43.017,S1,IGNORE_POLL,,,,,,POLL:2,[IGNORE] POLL:2
09:05:43.020,S2,TX_DATA,,,,556,,,[TX] S2:DATA:556
09:05:43.062,S1,IGNORE_REPLY,,,,,,S2:DATA:556,[IGNORE] S2:DATA:556
09:05:43.594,S2,IGNORE_POLL,,,,,,POLL:1,[IGNORE] POLL:1
09:05:43.595,S1,RX_POLL,-70,9.0,557,,655,,[RX] POLL:1 | RSSI: -70 dBm | SNR: 9.00 dB | RX#: 557
09:05:43.599,S1,TX_DATA,,,,557,,,[TX] S1:DATA:557
09:05:43.639,S2,IGNORE_REPLY,,,,,,S1:DATA:557,[IGNORE] S1:DATA:557
09:05:43.672,S1,IGNORE_POLL,,,,,,POLL:2,[IGNORE] POLL:2
09:05:43.676,S2,RX_POLL,-74,8.75,557,,659,,[RX] POLL:2 | RSSI: -74 dBm | SNR: 8.75 dB | RX#: 557
09:05:43.676,S2,TX_DATA,,,,557,,,[TX] S2:DATA:557
09:05:43.717,S1,IGNORE_REPLY,,,,,,S2:DATA:557,[IGNORE] S2:DATA:557
09:05:44.249,S2,IGNORE_POLL,,,,,,POLL:1,[IGNORE] POLL:1
09:05:44.254,S1,RX_POLL,-70,8.75,558,,659,,[RX] POLL:1 | RSSI: -70 dBm | SNR: 8.75 dB | RX#: 558
09:05:44.254,S1,TX_DATA,,,,558,,,[TX] S1:DATA:558
09:05:44.294,S2,IGNORE_REPLY,,,,,,S1:DATA:558,[IGNORE] S1:DATA:558
09:05:44.328,S1,IGNORE_POLL,,,,,,POLL:2,[IGNORE] POLL:2
09:05:44.331,S2,RX_POLL,-74,9.0,558,,655,,[RX] POLL:2 | RSSI: -74 dBm | SNR: 9.00 dB | RX#: 558
09:05:44.331,S2,TX_DATA,,,,558,,,[TX] S2:DATA:558
09:05:44.373,S1,IGNORE_REPLY,,,,,,S2:DATA:558,[IGNORE] S2:DATA:558
09:05:44.904,S2,IGNORE_POLL,,,,,,POLL:1,[IGNORE] POLL:1
09:05:44.909,S1,RX_POLL,-70,8.5,559,,655,,[RX] POLL:1 | RSSI: -70 dBm | SNR: 8.50 dB | RX#: 559
09:05:44.909,S1,TX_DATA,,,,559,,,[TX] S1:DATA:559
09:05:44.950,S2,IGNORE_REPLY,,,,,,S1:DATA:559,[IGNORE] S1:DATA:559
09:05:44.983,S1,IGNORE_POLL,,,,,,POLL:2,[IGNORE] POLL:2
09:05:44.988,S2,RX_POLL,-74,9.0,559,,657,,[RX] POLL:2 | RSSI: -74 dBm | SNR: 9.00 dB | RX#: 559
09:05:44.988,S2,TX_DATA,,,,559,,,[TX] S2:DATA:559
09:05:45.028,S1,IGNORE_REPLY,,,,,,S2:DATA:559,[IGNORE] S2:DATA:559
09:05:45.560,S2,IGNORE_POLL,,,,,,POLL:1,[IGNORE] POLL:1
09:05:45.564,S1,RX_POLL,-70,8.5,560,,655,,[RX] POLL:1 | RSSI: -70 dBm | SNR: 8.50 dB | RX#: 560
09:05:45.565,S1,TX_DATA,,,,560,,,[TX] S1:DATA:560
09:05:45.605,S2,IGNORE_REPLY,,,,,,S1:DATA:560,[IGNORE] S1:DATA:560
09:05:45.638,S1,IGNORE_POLL,,,,,,POLL:2,[IGNORE] POLL:2
09:05:45.642,S2,RX_POLL,-74,9.25,560,,655,,[RX] POLL:2 | RSSI: -74 dBm | SNR: 9.25 dB | RX#: 560
09:05:45.643,S2,TX_DATA,,,,560,,,[TX] S2:DATA:560
09:05:45.683,S1,IGNORE_REPLY,,,,,,S2:DATA:560,[IGNORE] S2:DATA:560
09:05:46.215,S2,IGNORE_POLL,,,,,,POLL:1,[IGNORE] POLL:1
09:05:46.221,S1,RX_POLL,-70,8.75,561,,656,,[RX] POLL:1 | RSSI: -70 dBm | SNR: 8.75 dB | RX#: 561
09:05:46.221,S1,TX_DATA,,,,561,,,[TX] S1:DATA:561
09:05:46.264,S2,IGNORE_REPLY,,,,,,S1:DATA:561,[IGNORE] S1:DATA:561
09:05:46.294,S1,IGNORE_POLL,,,,,,POLL:2,[IGNORE] POLL:2
09:05:46.298,S2,RX_POLL,-74,8.75,561,,655,,[RX] POLL:2 | RSSI: -74 dBm | SNR: 8.75 dB | RX#: 561
09:05:46.298,S2,TX_DATA,,,,561,,,[TX] S2:DATA:561
09:05:46.339,S1,IGNORE_REPLY,,,,,,S2:DATA:561,[IGNORE] S2:DATA:561
09:05:46.871,S2,IGNORE_POLL,,,,,,POLL:1,[IGNORE] POLL:1
09:05:46.876,S1,RX_POLL,-70,8.5,562,,655,,[RX] POLL:1 | RSSI: -70 dBm | SNR: 8.50 dB | RX#: 562
09:05:46.876,S1,TX_DATA,,,,562,,,[TX] S1:DATA:562
09:05:46.916,S2,IGNORE_REPLY,,,,,,S1:DATA:562,[IGNORE] S1:DATA:562
09:05:46.949,S1,IGNORE_POLL,,,,,,POLL:2,[IGNORE] POLL:2
09:05:46.953,S2,RX_POLL,-74,8.25,562,,655,,[RX] POLL:2 | RSSI: -74 dBm | SNR: 8.25 dB | RX#: 562
09:05:46.953,S2,TX_DATA,,,,562,,,[TX] S2:DATA:562
09:05:46.994,S1,IGNORE_REPLY,,,,,,S2:DATA:562,[IGNORE] S2:DATA:562
09:05:47.527,S2,IGNORE_POLL,,,,,,POLL:1,[IGNORE] POLL:1
09:05:47.531,S1,RX_POLL,-70,9.0,563,,655,,[RX] POLL:1 | RSSI: -70 dBm | SNR: 9.00 dB | RX#: 563
09:05:47.538,S1,TX_DATA,,,,563,,,[TX] S1:DATA:563
09:05:47.572,S2,IGNORE_REPLY,,,,,,S1:DATA:563,[IGNORE] S1:DATA:563
09:05:47.604,S1,IGNORE_POLL,,,,,,POLL:2,[IGNORE] POLL:2
09:05:47.609,S2,RX_POLL,-74,8.75,563,,656,,[RX] POLL:2 | RSSI: -74 dBm | SNR: 8.75 dB | RX#: 563
09:05:47.609,S2,TX_DATA,,,,563,,,[TX] S2:DATA:563
09:05:47.650,S1,IGNORE_REPLY,,,,,,S2:DATA:563,[IGNORE] S2:DATA:563
09:05:48.181,S2,IGNORE_POLL,,,,,,POLL:1,[IGNORE] POLL:1
09:05:48.714,S1,IGNORE_POLL,,,,,,POLL:2,[IGNORE] POLL:2
09:05:48.718,S2,RX_POLL,-74,8.75,564,,1109,,[RX] POLL:2 | RSSI: -74 dBm | SNR: 8.75 dB | RX#: 564
09:05:48.722,S2,TX_DATA,,,,564,,,[TX] S2:DATA:564
09:05:48.759,S1,IGNORE_REPLY,,,,,,S2:DATA:564,[IGNORE] S2:DATA:564
09:05:49.291,S2,IGNORE_POLL,,,,,,POLL:1,[IGNORE] POLL:1
09:05:49.296,S1,RX_POLL,-71,8.75,564,,1765,,[RX] POLL:1 | RSSI: -71 dBm | SNR: 8.75 dB | RX#: 564
09:05:49.296,S1,TX_DATA,,,,564,,,[TX] S1:DATA:564
09:05:49.337,S2,IGNORE_REPLY,,,,,,S1:DATA:564,[IGNORE] S1:DATA:564
09:05:49.370,S1,IGNORE_POLL,,,,,,POLL:2,[IGNORE] POLL:2
09:05:49.373,S2,RX_POLL,-74,8.75,565,,655,,[RX] POLL:2 | RSSI: -74 dBm | SNR: 8.75 dB | RX#: 565
09:05:49.377,S2,TX_DATA,,,,565,,,[TX] S2:DATA:565
09:05:49.415,S1,IGNORE_REPLY,,,,,,S2:DATA:565,[IGNORE] S2:DATA:565
09:05:49.947,S2,IGNORE_POLL,,,,,,POLL:1,[IGNORE] POLL:1
09:05:49.951,S1,RX_POLL,-70,9.0,565,,655,,[RX] POLL:1 | RSSI: -70 dBm | SNR: 9.00 dB | RX#: 565
09:05:49.952,S1,TX_DATA,,,,565,,,[TX] S1:DATA:565
09:05:49.991,S2,IGNORE_REPLY,,,,,,S1:DATA:565,[IGNORE] S1:DATA:565
09:05:50.025,S1,IGNORE_POLL,,,,,,POLL:2,[IGNORE] POLL:2
09:05:50.029,S2,RX_POLL,-74,9.25,566,,655,,[RX] POLL:2 | RSSI: -74 dBm | SNR: 9.25 dB | RX#: 566
09:05:50.029,S2,TX_DATA,,,,566,,,[TX] S2:DATA:566
09:05:50.070,S1,IGNORE_REPLY,,,,,,S2:DATA:566,[IGNORE] S2:DATA:566
09:05:50.606,S2,IGNORE_POLL,,,,,,POLL:1,[IGNORE] POLL:1
09:05:50.606,S1,RX_POLL,-71,9.25,566,,655,,[RX] POLL:1 | RSSI: -71 dBm | SNR: 9.25 dB | RX#: 566
09:05:50.607,S1,TX_DATA,,,,566,,,[TX] S1:DATA:566
09:05:50.647,S2,IGNORE_REPLY,,,,,,S1:DATA:566,[IGNORE] S1:DATA:566
09:05:50.680,S1,IGNORE_POLL,,,,,,POLL:2,[IGNORE] POLL:2
09:05:50.684,S2,RX_POLL,-74,8.5,567,,655,,[RX] POLL:2 | RSSI: -74 dBm | SNR: 8.50 dB | RX#: 567
09:05:50.684,S2,TX_DATA,,,,567,,,[TX] S2:DATA:567
09:05:50.725,S1,IGNORE_REPLY,,,,,,S2:DATA:567,[IGNORE] S2:DATA:567
09:05:51.257,S2,IGNORE_POLL,,,,,,POLL:1,[IGNORE] POLL:1
09:05:51.262,S1,RX_POLL,-70,9.0,567,,655,,[RX] POLL:1 | RSSI: -70 dBm | SNR: 9.00 dB | RX#: 567
09:05:51.262,S1,TX_DATA,,,,567,,,[TX] S1:DATA:567
09:05:51.303,S2,IGNORE_REPLY,,,,,,S1:DATA:567,[IGNORE] S1:DATA:567
09:05:51.335,S1,IGNORE_POLL,,,,,,POLL:2,[IGNORE] POLL:2
09:05:51.339,S2,RX_POLL,-75,8.75,568,,655,,[RX] POLL:2 | RSSI: -75 dBm | SNR: 8.75 dB | RX#: 568
09:05:51.339,S2,TX_DATA,,,,568,,,[TX] S2:DATA:568
09:05:51.381,S1,IGNORE_REPLY,,,,,,S2:DATA:568,[IGNORE] S2:DATA:568
09:05:51.913,S2,IGNORE_POLL,,,,,,POLL:1,[IGNORE] POLL:1
09:05:51.917,S1,RX_POLL,-70,9.0,568,,656,,[RX] POLL:1 | RSSI: -70 dBm | SNR: 9.00 dB | RX#: 568
09:05:51.918,S1,TX_DATA,,,,568,,,[TX] S1:DATA:568
09:05:51.958,S2,IGNORE_REPLY,,,,,,S1:DATA:568,[IGNORE] S1:DATA:568
09:05:51.991,S1,IGNORE_POLL,,,,,,POLL:2,[IGNORE] POLL:2
09:05:51.994,S2,RX_POLL,-75,8.75,569,,655,,[RX] POLL:2 | RSSI: -75 dBm | SNR: 8.75 dB | RX#: 569
09:05:51.995,S2,TX_DATA,,,,569,,,[TX] S2:DATA:569
09:05:52.036,S1,IGNORE_REPLY,,,,,,S2:DATA:569,[IGNORE] S2:DATA:569
09:05:52.568,S2,IGNORE_POLL,,,,,,POLL:1,[IGNORE] POLL:1
09:05:52.572,S1,RX_POLL,-70,9.25,569,,655,,[RX] POLL:1 | RSSI: -70 dBm | SNR: 9.25 dB | RX#: 569
09:05:52.573,S1,TX_DATA,,,,569,,,[TX] S1:DATA:569
09:05:52.613,S2,IGNORE_REPLY,,,,,,S1:DATA:569,[IGNORE] S1:DATA:569
09:05:52.646,S1,IGNORE_POLL,,,,,,POLL:2,[IGNORE] POLL:2
09:05:52.650,S2,RX_POLL,-75,8.75,570,,655,,[RX] POLL:2 | RSSI: -75 dBm | SNR: 8.75 dB | RX#: 570
09:05:52.650,S2,TX_DATA,,,,570,,,[TX] S2:DATA:570
09:05:52.692,S1,IGNORE_REPLY,,,,,,S2:DATA:570,[IGNORE] S2:DATA:570
09:05:53.223,S2,IGNORE_POLL,,,,,,POLL:1,[IGNORE] POLL:1
09:05:53.228,S1,RX_POLL,-70,8.75,570,,655,,[RX] POLL:1 | RSSI: -70 dBm | SNR: 8.75 dB | RX#: 570
09:05:53.228,S1,TX_DATA,,,,570,,,[TX] S1:DATA:570
09:05:53.268,S2,IGNORE_REPLY,,,,,,S1:DATA:570,[IGNORE] S1:DATA:570
09:05:53.301,S1,IGNORE_POLL,,,,,,POLL:2,[IGNORE] POLL:2
09:05:53.305,S2,RX_POLL,-74,9.0,571,,655,,[RX] POLL:2 | RSSI: -74 dBm | SNR: 9.00 dB | RX#: 571
09:05:53.305,S2,TX_DATA,,,,571,,,[TX] S2:DATA:571
09:05:53.346,S1,IGNORE_REPLY,,,,,,S2:DATA:571,[IGNORE] S2:DATA:571
09:05:53.879,S2,IGNORE_POLL,,,,,,POLL:1,[IGNORE] POLL:1
09:05:53.883,S1,RX_POLL,-70,9.0,571,,655,,[RX] POLL:1 | RSSI: -70 dBm | SNR: 9.00 dB | RX#: 571
09:05:53.883,S1,TX_DATA,,,,571,,,[TX] S1:DATA:571
09:05:53.923,S2,IGNORE_REPLY,,,,,,S1:DATA:571,[IGNORE] S1:DATA:571
09:05:53.957,S1,IGNORE_POLL,,,,,,POLL:2,[IGNORE] POLL:2
09:05:53.960,S2,RX_POLL,-74,8.5,572,,655,,[RX] POLL:2 | RSSI: -74 dBm | SNR: 8.50 dB | RX#: 572
09:05:53.961,S2,TX_DATA,,,,572,,,[TX] S2:DATA:572
09:05:54.002,S1,IGNORE_REPLY,,,,,,S2:DATA:572,[IGNORE] S2:DATA:572
09:05:54.534,S2,IGNORE_POLL,,,,,,POLL:1,[IGNORE] POLL:1
09:05:54.538,S1,RX_POLL,-70,9.0,572,,655,,[RX] POLL:1 | RSSI: -70 dBm | SNR: 9.00 dB | RX#: 572
09:05:54.539,S1,TX_DATA,,,,572,,,[TX] S1:DATA:572
09:05:54.579,S2,IGNORE_REPLY,,,,,,S1:DATA:572,[IGNORE] S1:DATA:572
09:05:54.612,S1,IGNORE_POLL,,,,,,POLL:2,[IGNORE] POLL:2
09:05:54.616,S2,RX_POLL,-74,8.75,573,,655,,[RX] POLL:2 | RSSI: -74 dBm | SNR: 8.75 dB | RX#: 573
09:05:54.616,S2,TX_DATA,,,,573,,,[TX] S2:DATA:573
09:05:54.658,S1,IGNORE_REPLY,,,,,,S2:DATA:573,[IGNORE] S2:DATA:573
09:05:55.189,S2,IGNORE_POLL,,,,,,POLL:1,[IGNORE] POLL:1
09:05:55.194,S1,RX_POLL,-70,8.75,573,,655,,[RX] POLL:1 | RSSI: -70 dBm | SNR: 8.75 dB | RX#: 573
09:05:55.194,S1,TX_DATA,,,,573,,,[TX] S1:DATA:573
09:05:55.234,S2,IGNORE_REPLY,,,,,,S1:DATA:573,[IGNORE] S1:DATA:573
09:05:55.267,S1,IGNORE_POLL,,,,,,POLL:2,[IGNORE] POLL:2
09:05:55.271,S2,RX_POLL,-74,9.0,574,,655,,[RX] POLL:2 | RSSI: -74 dBm | SNR: 9.00 dB | RX#: 574
09:05:55.271,S2,TX_DATA,,,,574,,,[TX] S2:DATA:574
09:05:55.313,S1,IGNORE_REPLY,,,,,,S2:DATA:574,[IGNORE] S2:DATA:574
09:05:55.845,S2,IGNORE_POLL,,,,,,POLL:1,[IGNORE] POLL:1
09:05:55.850,S1,RX_POLL,-70,8.75,574,,656,,[RX] POLL:1 | RSSI: -70 dBm | SNR: 8.75 dB | RX#: 574
09:05:55.850,S1,TX_DATA,,,,574,,,[TX] S1:DATA:574
09:05:55.890,S2,IGNORE_REPLY,,,,,,S1:DATA:574,[IGNORE] S1:DATA:574
09:05:55.923,S1,IGNORE_POLL,,,,,,POLL:2,[IGNORE] POLL:2
09:05:55.927,S2,RX_POLL,-74,8.5,575,,656,,[RX] POLL:2 | RSSI: -74 dBm | SNR: 8.50 dB | RX#: 575
09:05:55.927,S2,TX_DATA,,,,575,,,[TX] S2:DATA:575
09:05:55.968,S1,IGNORE_REPLY,,,,,,S2:DATA:575,[IGNORE] S2:DATA:575
09:05:56.500,S2,IGNORE_POLL,,,,,,POLL:1,[IGNORE] POLL:1
09:05:56.504,S1,RX_POLL,-70,9.0,575,,655,,[RX] POLL:1 | RSSI: -70 dBm | SNR: 9.00 dB | RX#: 575
09:05:56.505,S1,TX_DATA,,,,575,,,[TX] S1:DATA:575
09:05:56.545,S2,IGNORE_REPLY,,,,,,S1:DATA:575,[IGNORE] S1:DATA:575
09:05:56.578,S1,IGNORE_POLL,,,,,,POLL:2,[IGNORE] POLL:2
09:05:56.582,S2,RX_POLL,-74,8.75,576,,656,,[RX] POLL:2 | RSSI: -74 dBm | SNR: 8.75 dB | RX#: 576
09:05:56.585,S2,TX_DATA,,,,576,,,[TX] S2:DATA:576
09:05:56.623,S1,IGNORE_REPLY,,,,,,S2:DATA:576,[IGNORE] S2:DATA:576
09:05:57.155,S2,IGNORE_POLL,,,,,,POLL:1,[IGNORE] POLL:1
09:05:57.160,S1,RX_POLL,-70,8.75,576,,655,,[RX] POLL:1 | RSSI: -70 dBm | SNR: 8.75 dB | RX#: 576
09:05:57.160,S1,TX_DATA,,,,576,,,[TX] S1:DATA:576
09:05:57.204,S2,IGNORE_REPLY,,,,,,S1:DATA:576,[IGNORE] S1:DATA:576
09:05:57.234,S1,IGNORE_POLL,,,,,,POLL:2,[IGNORE] POLL:2
09:05:57.237,S2,RX_POLL,-74,8.75,577,,655,,[RX] POLL:2 | RSSI: -74 dBm | SNR: 8.75 dB | RX#: 577
09:05:57.241,S2,TX_DATA,,,,577,,,[TX] S2:DATA:577
09:05:57.278,S1,IGNORE_REPLY,,,,,,S2:DATA:577,[IGNORE] S2:DATA:577
09:05:57.814,S2,IGNORE_POLL,,,,,,POLL:1,[IGNORE] POLL:1
09:05:57.815,S1,RX_POLL,-70,8.75,577,,656,,[RX] POLL:1 | RSSI: -70 dBm | SNR: 8.75 dB | RX#: 577
09:05:57.819,S1,TX_DATA,,,,577,,,[TX] S1:DATA:577
09:05:57.859,S2,IGNORE_REPLY,,,,,,S1:DATA:577,[IGNORE] S1:DATA:577
09:05:57.889,S1,IGNORE_POLL,,,,,,POLL:2,[IGNORE] POLL:2
09:05:57.893,S2,RX_POLL,-74,9.0,578,,655,,[RX] POLL:2 | RSSI: -74 dBm | SNR: 9.00 dB | RX#: 578
09:05:57.896,S2,TX_DATA,,,,578,,,[TX] S2:DATA:578
09:05:57.934,S1,IGNORE_REPLY,,,,,,S2:DATA:578,[IGNORE] S2:DATA:578
09:05:58.470,S2,IGNORE_POLL,,,,,,POLL:1,[IGNORE] POLL:1
09:05:58.471,S1,RX_POLL,-70,8.75,578,,655,,[RX] POLL:1 | RSSI: -70 dBm | SNR: 8.75 dB | RX#: 578
09:05:58.475,S1,TX_DATA,,,,578,,,[TX] S1:DATA:578
09:05:58.515,S2,IGNORE_REPLY,,,,,,S1:DATA:578,[IGNORE] S1:DATA:578
09:05:58.544,S1,IGNORE_POLL,,,,,,POLL:2,[IGNORE] POLL:2
09:05:58.548,S2,RX_POLL,-74,8.75,579,,655,,[RX] POLL:2 | RSSI: -74 dBm | SNR: 8.75 dB | RX#: 579
09:05:58.551,S2,TX_DATA,,,,579,,,[TX] S2:DATA:579
09:05:58.593,S1,IGNORE_REPLY,,,,,,S2:DATA:579,[IGNORE] S2:DATA:579
09:05:59.125,S2,IGNORE_POLL,,,,,,POLL:1,[IGNORE] POLL:1
09:05:59.126,S1,RX_POLL,-70,8.75,579,,655,,[RX] POLL:1 | RSSI: -70 dBm | SNR: 8.75 dB | RX#: 579
09:05:59.130,S1,TX_DATA,,,,579,,,[TX] S1:DATA:579
09:05:59.170,S2,IGNORE_REPLY,,,,,,S1:DATA:579,[IGNORE] S1:DATA:579
09:05:59.203,S1,IGNORE_POLL,,,,,,POLL:2,[IGNORE] POLL:2
09:05:59.204,S2,RX_POLL,-74,9.25,580,,656,,[RX] POLL:2 | RSSI: -74 dBm | SNR: 9.25 dB | RX#: 580
09:05:59.207,S2,TX_DATA,,,,580,,,[TX] S2:DATA:580
09:05:59.249,S1,IGNORE_REPLY,,,,,,S2:DATA:580,[IGNORE] S2:DATA:580
09:05:59.782,S2,IGNORE_POLL,,,,,,POLL:1,[IGNORE] POLL:1
09:05:59.782,S1,RX_POLL,-70,8.5,580,,656,,[RX] POLL:1 | RSSI: -70 dBm | SNR: 8.50 dB | RX#: 580
09:05:59.785,S1,TX_DATA,,,,580,,,[TX] S1:DATA:580
09:05:59.825,S2,IGNORE_REPLY,,,,,,S1:DATA:580,[IGNORE] S1:DATA:580
09:05:59.859,S1,IGNORE_POLL,,,,,,POLL:2,[IGNORE] POLL:2
09:05:59.862,S2,RX_POLL,-74,8.75,581,,658,,[RX] POLL:2 | RSSI: -74 dBm | SNR: 8.75 dB | RX#: 581
09:05:59.863,S2,TX_DATA,,,,581,,,[TX] S2:DATA:581
09:05:59.904,S1,IGNORE_REPLY,,,,,,S2:DATA:581,[IGNORE] S2:DATA:581
09:06:00.436,S2,IGNORE_POLL,,,,,,POLL:1,[IGNORE] POLL:1
09:06:00.440,S1,RX_POLL,-71,9.0,581,,658,,[RX] POLL:1 | RSSI: -71 dBm | SNR: 9.00 dB | RX#: 581
09:06:00.441,S1,TX_DATA,,,,581,,,[TX] S1:DATA:581
09:06:00.481,S2,IGNORE_REPLY,,,,,,S1:DATA:581,[IGNORE] S1:DATA:581
09:06:00.514,S1,IGNORE_POLL,,,,,,POLL:2,[IGNORE] POLL:2
09:06:00.518,S2,RX_POLL,-75,8.75,582,,656,,[RX] POLL:2 | RSSI: -75 dBm | SNR: 8.75 dB | RX#: 582
09:06:00.518,S2,TX_DATA,,,,582,,,[TX] S2:DATA:582
09:06:00.559,S1,IGNORE_REPLY,,,,,,S2:DATA:582,[IGNORE] S2:DATA:582
09:06:01.091,S2,IGNORE_POLL,,,,,,POLL:1,[IGNORE] POLL:1
09:06:01.096,S1,RX_POLL,-70,8.75,582,,655,,[RX] POLL:1 | RSSI: -70 dBm | SNR: 8.75 dB | RX#: 582
09:06:01.096,S1,TX_DATA,,,,582,,,[TX] S1:DATA:582
09:06:01.136,S2,IGNORE_REPLY,,,,,,S1:DATA:582,[IGNORE] S1:DATA:582
09:06:01.169,S1,IGNORE_POLL,,,,,,POLL:2,[IGNORE] POLL:2
09:06:01.173,S2,RX_POLL,-75,8.5,583,,655,,[RX] POLL:2 | RSSI: -75 dBm | SNR: 8.50 dB | RX#: 583
09:06:01.173,S2,TX_DATA,,,,583,,,[TX] S2:DATA:583
09:06:01.214,S1,IGNORE_REPLY,,,,,,S2:DATA:583,[IGNORE] S2:DATA:583
09:06:01.746,S2,IGNORE_POLL,,,,,,POLL:1,[IGNORE] POLL:1
09:06:01.751,S1,RX_POLL,-70,9.0,583,,655,,[RX] POLL:1 | RSSI: -70 dBm | SNR: 9.00 dB | RX#: 583
09:06:01.751,S1,TX_DATA,,,,583,,,[TX] S1:DATA:583
09:06:01.791,S2,IGNORE_REPLY,,,,,,S1:DATA:583,[IGNORE] S1:DATA:583
09:06:01.825,S1,IGNORE_POLL,,,,,,POLL:2,[IGNORE] POLL:2
09:06:01.828,S2,RX_POLL,-75,9.0,584,,655,,[RX] POLL:2 | RSSI: -75 dBm | SNR: 9.00 dB | RX#: 584
09:06:01.829,S2,TX_DATA,,,,584,,,[TX] S2:DATA:584
09:06:01.870,S1,IGNORE_REPLY,,,,,,S2:DATA:584,[IGNORE] S2:DATA:584
09:06:02.402,S2,IGNORE_POLL,,,,,,POLL:1,[IGNORE] POLL:1
09:06:02.406,S1,RX_POLL,-70,9.0,584,,655,,[RX] POLL:1 | RSSI: -70 dBm | SNR: 9.00 dB | RX#: 584
09:06:02.407,S1,TX_DATA,,,,584,,,[TX] S1:DATA:584
09:06:02.447,S2,IGNORE_REPLY,,,,,,S1:DATA:584,[IGNORE] S1:DATA:584
09:06:02.480,S1,IGNORE_POLL,,,,,,POLL:2,[IGNORE] POLL:2
09:06:02.484,S2,RX_POLL,-75,8.5,585,,655,,[RX] POLL:2 | RSSI: -75 dBm | SNR: 8.50 dB | RX#: 585
09:06:02.484,S2,TX_DATA,,,,585,,,[TX] S2:DATA:585
09:06:02.525,S1,IGNORE_REPLY,,,,,,S2:DATA:585,[IGNORE] S2:DATA:585
09:06:03.057,S2,IGNORE_POLL,,,,,,POLL:1,[IGNORE] POLL:1
09:06:03.063,S1,RX_POLL,-70,8.75,585,,656,,[RX] POLL:1 | RSSI: -70 dBm | SNR: 8.75 dB | RX#: 585
09:06:03.063,S1,TX_DATA,,,,585,,,[TX] S1:DATA:585
09:06:03.102,S2,IGNORE_REPLY,,,,,,S1:DATA:585,[IGNORE] S1:DATA:585
09:06:03.136,S1,IGNORE_POLL,,,,,,POLL:2,[IGNORE] POLL:2
09:06:03.139,S2,RX_POLL,-74,8.5,586,,655,,[RX] POLL:2 | RSSI: -74 dBm | SNR: 8.50 dB | RX#: 586
09:06:03.139,S2,TX_DATA,,,,586,,,[TX] S2:DATA:586
09:06:03.180,S1,IGNORE_REPLY,,,,,,S2:DATA:586,[IGNORE] S2:DATA:586
09:06:03.712,S2,IGNORE_POLL,,,,,,POLL:1,[IGNORE] POLL:1
09:06:03.717,S1,RX_POLL,-70,8.75,586,,654,,[RX] POLL:1 | RSSI: -70 dBm | SNR: 8.75 dB | RX#: 586
09:06:03.718,S1,TX_DATA,,,,586,,,[TX] S1:DATA:586
09:06:03.757,S2,IGNORE_REPLY,,,,,,S1:DATA:586,[IGNORE] S1:DATA:586
09:06:03.791,S1,IGNORE_POLL,,,,,,POLL:2,[IGNORE] POLL:2
09:06:03.794,S2,RX_POLL,-75,8.75,587,,655,,[RX] POLL:2 | RSSI: -75 dBm | SNR: 8.75 dB | RX#: 587
09:06:03.795,S2,TX_DATA,,,,587,,,[TX] S2:DATA:587
09:06:03.836,S1,IGNORE_REPLY,,,,,,S2:DATA:587,[IGNORE] S2:DATA:587
09:06:04.370,S2,IGNORE_POLL,,,,,,POLL:1,[IGNORE] POLL:1
09:06:04.372,S1,RX_POLL,-70,9.0,587,,655,,[RX] POLL:1 | RSSI: -70 dBm | SNR: 9.00 dB | RX#: 587
09:06:04.373,S1,TX_DATA,,,,587,,,[TX] S1:DATA:587
09:06:04.413,S2,IGNORE_REPLY,,,,,,S1:DATA:587,[IGNORE] S1:DATA:587
09:06:04.446,S1,IGNORE_POLL,,,,,,POLL:2,[IGNORE] POLL:2
09:06:04.450,S2,RX_POLL,-75,8.75,588,,655,,[RX] POLL:2 | RSSI: -75 dBm | SNR: 8.75 dB | RX#: 588
09:06:04.450,S2,TX_DATA,,,,588,,,[TX] S2:DATA:588
09:06:04.491,S1,IGNORE_REPLY,,,,,,S2:DATA:588,[IGNORE] S2:DATA:588
09:06:05.023,S2,IGNORE_POLL,,,,,,POLL:1,[IGNORE] POLL:1
09:06:05.028,S1,RX_POLL,-71,8.75,588,,655,,[RX] POLL:1 | RSSI: -71 dBm | SNR: 8.75 dB | RX#: 588
09:06:05.028,S1,TX_DATA,,,,588,,,[TX] S1:DATA:588
09:06:05.069,S2,IGNORE_REPLY,,,,,,S1:DATA:588,[IGNORE] S1:DATA:588
09:06:05.101,S1,IGNORE_POLL,,,,,,POLL:2,[IGNORE] POLL:2
09:06:05.105,S2,RX_POLL,-74,8.5,589,,655,,[RX] POLL:2 | RSSI: -74 dBm | SNR: 8.50 dB | RX#: 589
09:06:05.109,S2,TX_DATA,,,,589,,,[TX] S2:DATA:589
09:06:05.146,S1,IGNORE_REPLY,,,,,,S2:DATA:589,[IGNORE] S2:DATA:589
09:06:05.679,S2,IGNORE_POLL,,,,,,POLL:1,[IGNORE] POLL:1
09:06:05.683,S1,RX_POLL,-70,8.75,589,,655,,[RX] POLL:1 | RSSI: -70 dBm | SNR: 8.75 dB | RX#: 589
09:06:05.687,S1,TX_DATA,,,,589,,,[TX] S1:DATA:589
09:06:05.727,S2,IGNORE_REPLY,,,,,,S1:DATA:589,[IGNORE] S1:DATA:589
09:06:05.757,S1,IGNORE_POLL,,,,,,POLL:2,[IGNORE] POLL:2
09:06:05.761,S2,RX_POLL,-75,9.0,590,,656,,[RX] POLL:2 | RSSI: -75 dBm | SNR: 9.00 dB | RX#: 590
09:06:05.764,S2,TX_DATA,,,,590,,,[TX] S2:DATA:590
09:06:05.802,S1,IGNORE_REPLY,,,,,,S2:DATA:590,[IGNORE] S2:DATA:590
09:06:06.337,S2,IGNORE_POLL,,,,,,POLL:1,[IGNORE] POLL:1
09:06:06.338,S1,RX_POLL,-70,8.75,590,,655,,[RX] POLL:1 | RSSI: -70 dBm | SNR: 8.75 dB | RX#: 590
09:06:06.342,S1,TX_DATA,,,,590,,,[TX] S1:DATA:590
09:06:06.383,S2,IGNORE_REPLY,,,,,,S1:DATA:590,[IGNORE] S1:DATA:590
09:06:06.412,S1,IGNORE_POLL,,,,,,POLL:2,[IGNORE] POLL:2
09:06:06.416,S2,RX_POLL,-76,9.25,591,,654,,[RX] POLL:2 | RSSI: -76 dBm | SNR: 9.25 dB | RX#: 591
09:06:06.419,S2,TX_DATA,,,,591,,,[TX] S2:DATA:591
09:06:06.457,S1,IGNORE_REPLY,,,,,,S2:DATA:591,[IGNORE] S2:DATA:591
09:06:06.993,S2,IGNORE_POLL,,,,,,POLL:1,[IGNORE] POLL:1
09:06:06.994,S1,RX_POLL,-70,9.0,591,,655,,[RX] POLL:1 | RSSI: -70 dBm | SNR: 9.00 dB | RX#: 591
09:06:06.997,S1,TX_DATA,,,,591,,,[TX] S1:DATA:591
09:06:07.038,S2,IGNORE_REPLY,,,,,,S1:DATA:591,[IGNORE] S1:DATA:591
09:06:07.071,S1,IGNORE_POLL,,,,,,POLL:2,[IGNORE] POLL:2
09:06:07.072,S2,RX_POLL,-75,8.5,592,,656,,[RX] POLL:2 | RSSI: -75 dBm | SNR: 8.50 dB | RX#: 592
09:06:07.075,S2,TX_DATA,,,,592,,,[TX] S2:DATA:592
09:06:07.116,S1,IGNORE_REPLY,,,,,,S2:DATA:592,[IGNORE] S2:DATA:592
09:06:07.648,S2,IGNORE_POLL,,,,,,POLL:1,[IGNORE] POLL:1
09:06:07.649,S1,RX_POLL,-70,8.5,592,,655,,[RX] POLL:1 | RSSI: -70 dBm | SNR: 8.50 dB | RX#: 592
09:06:07.653,S1,TX_DATA,,,,592,,,[TX] S1:DATA:592
09:06:07.693,S2,IGNORE_REPLY,,,,,,S1:DATA:592,[IGNORE] S1:DATA:592
09:06:07.727,S1,IGNORE_POLL,,,,,,POLL:2,[IGNORE] POLL:2
09:06:07.727,S2,RX_POLL,-75,9.0,593,,655,,[RX] POLL:2 | RSSI: -75 dBm | SNR: 9.00 dB | RX#: 593
09:06:07.730,S2,TX_DATA,,,,593,,,[TX] S2:DATA:593
09:06:07.772,S1,IGNORE_REPLY,,,,,,S2:DATA:593,[IGNORE] S2:DATA:593
09:06:08.304,S2,IGNORE_POLL,,,,,,POLL:1,[IGNORE] POLL:1
09:06:08.304,S1,RX_POLL,-70,8.75,593,,655,,[RX] POLL:1 | RSSI: -70 dBm | SNR: 8.75 dB | RX#: 593
09:06:08.308,S1,TX_DATA,,,,593,,,[TX] S1:DATA:593
09:06:08.349,S2,IGNORE_REPLY,,,,,,S1:DATA:593,[IGNORE] S1:DATA:593
09:06:08.383,S1,IGNORE_POLL,,,,,,POLL:2,[IGNORE] POLL:2
09:06:08.386,S2,RX_POLL,-74,8.75,594,,659,,[RX] POLL:2 | RSSI: -74 dBm | SNR: 8.75 dB | RX#: 594
09:06:08.386,S2,TX_DATA,,,,594,,,[TX] S2:DATA:594
09:06:08.427,S1,IGNORE_REPLY,,,,,,S2:DATA:594,[IGNORE] S2:DATA:594
09:06:08.959,S2,IGNORE_POLL,,,,,,POLL:1,[IGNORE] POLL:1
09:06:08.963,S1,RX_POLL,-70,9.0,594,,659,,[RX] POLL:1 | RSSI: -70 dBm | SNR: 9.00 dB | RX#: 594
09:06:08.964,S1,TX_DATA,,,,594,,,[TX] S1:DATA:594
09:06:09.004,S2,IGNORE_REPLY,,,,,,S1:DATA:594,[IGNORE] S1:DATA:594
09:06:09.037,S1,IGNORE_POLL,,,,,,POLL:2,[IGNORE] POLL:2
09:06:09.041,S2,RX_POLL,-74,9.0,595,,655,,[RX] POLL:2 | RSSI: -74 dBm | SNR: 9.00 dB | RX#: 595
09:06:09.041,S2,TX_DATA,,,,595,,,[TX] S2:DATA:595
09:06:09.082,S1,IGNORE_REPLY,,,,,,S2:DATA:595,[IGNORE] S2:DATA:595
09:06:09.616,S2,IGNORE_POLL,,,,,,POLL:1,[IGNORE] POLL:1
09:06:09.619,S1,RX_POLL,-71,8.75,595,,655,,[RX] POLL:1 | RSSI: -71 dBm | SNR: 8.75 dB | RX#: 595
09:06:09.619,S1,TX_DATA,,,,595,,,[TX] S1:DATA:595
09:06:09.660,S2,IGNORE_REPLY,,,,,,S1:DATA:595,[IGNORE] S1:DATA:595
09:06:09.693,S1,IGNORE_POLL,,,,,,POLL:2,[IGNORE] POLL:2
09:06:09.696,S2,RX_POLL,-74,8.5,596,,655,,[RX] POLL:2 | RSSI: -74 dBm | SNR: 8.50 dB | RX#: 596
09:06:09.697,S2,TX_DATA,,,,596,,,[TX] S2:DATA:596
09:06:09.738,S1,IGNORE_REPLY,,,,,,S2:DATA:596,[IGNORE] S2:DATA:596
09:06:10.270,S2,IGNORE_POLL,,,,,,POLL:1,[IGNORE] POLL:1
09:06:10.275,S1,RX_POLL,-70,8.75,596,,656,,[RX] POLL:1 | RSSI: -70 dBm | SNR: 8.75 dB | RX#: 596
09:06:10.276,S1,TX_DATA,,,,596,,,[TX] S1:DATA:596
09:06:10.316,S2,IGNORE_REPLY,,,,,,S1:DATA:596,[IGNORE] S1:DATA:596
09:06:10.349,S1,IGNORE_POLL,,,,,,POLL:2,[IGNORE] POLL:2
09:06:10.352,S2,RX_POLL,-74,8.75,597,,656,,[RX] POLL:2 | RSSI: -74 dBm | SNR: 8.75 dB | RX#: 597
09:06:10.352,S2,TX_DATA,,,,597,,,[TX] S2:DATA:597
09:06:10.393,S1,IGNORE_REPLY,,,,,,S2:DATA:597,[IGNORE] S2:DATA:597
09:06:10.925,S2,IGNORE_POLL,,,,,,POLL:1,[IGNORE] POLL:1
09:06:10.930,S1,RX_POLL,-71,8.75,597,,654,,[RX] POLL:1 | RSSI: -71 dBm | SNR: 8.75 dB | RX#: 597
09:06:10.930,S1,TX_DATA,,,,597,,,[TX] S1:DATA:597
09:06:10.970,S2,IGNORE_REPLY,,,,,,S1:DATA:597,[IGNORE] S1:DATA:597
09:06:11.003,S1,IGNORE_POLL,,,,,,POLL:2,[IGNORE] POLL:2
09:06:11.007,S2,RX_POLL,-74,8.75,598,,655,,[RX] POLL:2 | RSSI: -74 dBm | SNR: 8.75 dB | RX#: 598
09:06:11.007,S2,TX_DATA,,,,598,,,[TX] S2:DATA:598
09:06:11.048,S1,IGNORE_REPLY,,,,,,S2:DATA:598,[IGNORE] S2:DATA:598
09:06:11.581,S2,IGNORE_POLL,,,,,,POLL:1,[IGNORE] POLL:1
09:06:11.585,S1,RX_POLL,-71,8.5,598,,656,,[RX] POLL:1 | RSSI: -71 dBm | SNR: 8.50 dB | RX#: 598
09:06:11.586,S1,TX_DATA,,,,598,,,[TX] S1:DATA:598
09:06:11.625,S2,IGNORE_REPLY,,,,,,S1:DATA:598,[IGNORE] S1:DATA:598
09:06:11.659,S1,IGNORE_POLL,,,,,,POLL:2,[IGNORE] POLL:2
09:06:11.662,S2,RX_POLL,-75,8.75,599,,655,,[RX] POLL:2 | RSSI: -75 dBm | SNR: 8.75 dB | RX#: 599
09:06:11.663,S2,TX_DATA,,,,599,,,[TX] S2:DATA:599
09:06:11.704,S1,IGNORE_REPLY,,,,,,S2:DATA:599,[IGNORE] S2:DATA:599
09:06:12.237,S2,IGNORE_POLL,,,,,,POLL:1,[IGNORE] POLL:1
09:06:12.240,S1,RX_POLL,-70,9.0,599,,655,,[RX] POLL:1 | RSSI: -70 dBm | SNR: 9.00 dB | RX#: 599
09:06:12.241,S1,TX_DATA,,,,599,,,[TX] S1:DATA:599
09:06:12.281,S2,IGNORE_REPLY,,,,,,S1:DATA:599,[IGNORE] S1:DATA:599
09:06:12.314,S1,IGNORE_POLL,,,,,,POLL:2,[IGNORE] POLL:2
09:06:12.318,S2,RX_POLL,-75,8.75,600,,655,,[RX] POLL:2 | RSSI: -75 dBm | SNR: 8.75 dB | RX#: 600
09:06:12.318,S2,TX_DATA,,,,600,,,[TX] S2:DATA:600
09:06:12.359,S1,IGNORE_REPLY,,,,,,S2:DATA:600,[IGNORE] S2:DATA:600
09:06:12.891,S2,IGNORE_POLL,,,,,,POLL:1,[IGNORE] POLL:1
09:06:12.896,S1,RX_POLL,-70,8.75,600,,655,,[RX] POLL:1 | RSSI: -70 dBm | SNR: 8.75 dB | RX#: 600
09:06:12.896,S1,TX_DATA,,,,600,,,[TX] S1:DATA:600
09:06:12.937,S2,IGNORE_REPLY,,,,,,S1:DATA:600,[IGNORE] S1:DATA:600
09:06:12.969,S1,IGNORE_POLL,,,,,,POLL:2,[IGNORE] POLL:2
09:06:12.973,S2,RX_POLL,-74,8.75,601,,655,,[RX] POLL:2 | RSSI: -74 dBm | SNR: 8.75 dB | RX#: 601
09:06:12.977,S2,TX_DATA,,,,601,,,[TX] S2:DATA:601
09:06:13.015,S1,IGNORE_REPLY,,,,,,S2:DATA:601,[IGNORE] S2:DATA:601
09:06:13.546,S2,IGNORE_POLL,,,,,,POLL:1,[IGNORE] POLL:1
09:06:13.551,S1,RX_POLL,-70,9.0,601,,655,,[RX] POLL:1 | RSSI: -70 dBm | SNR: 9.00 dB | RX#: 601
09:06:13.551,S1,TX_DATA,,,,601,,,[TX] S1:DATA:601
09:06:13.592,S2,IGNORE_REPLY,,,,,,S1:DATA:601,[IGNORE] S1:DATA:601
09:06:13.625,S1,IGNORE_POLL,,,,,,POLL:2,[IGNORE] POLL:2
09:06:13.629,S2,RX_POLL,-75,8.5,602,,656,,[RX] POLL:2 | RSSI: -75 dBm | SNR: 8.50 dB | RX#: 602
09:06:13.632,S2,TX_DATA,,,,602,,,[TX] S2:DATA:602
09:06:13.670,S1,IGNORE_REPLY,,,,,,S2:DATA:602,[IGNORE] S2:DATA:602
09:06:14.206,S2,IGNORE_POLL,,,,,,POLL:1,[IGNORE] POLL:1
09:06:14.206,S1,RX_POLL,-70,9.0,602,,655,,[RX] POLL:1 | RSSI: -70 dBm | SNR: 9.00 dB | RX#: 602
09:06:14.210,S1,TX_DATA,,,,602,,,[TX] S1:DATA:602
09:06:14.251,S2,IGNORE_REPLY,,,,,,S1:DATA:602,[IGNORE] S1:DATA:602
09:06:14.280,S1,IGNORE_POLL,,,,,,POLL:2,[IGNORE] POLL:2
09:06:14.284,S2,RX_POLL,-75,8.5,603,,655,,[RX] POLL:2 | RSSI: -75 dBm | SNR: 8.50 dB | RX#: 603
09:06:14.287,S2,TX_DATA,,,,603,,,[TX] S2:DATA:603
09:06:14.325,S1,IGNORE_REPLY,,,,,,S2:DATA:603,[IGNORE] S2:DATA:603
09:06:14.862,S2,IGNORE_POLL,,,,,,POLL:1,[IGNORE] POLL:1
09:06:14.862,S1,RX_POLL,-70,8.75,603,,656,,[RX] POLL:1 | RSSI: -70 dBm | SNR: 8.75 dB | RX#: 603
09:06:14.865,S1,TX_DATA,,,,603,,,[TX] S1:DATA:603
09:06:14.906,S2,IGNORE_REPLY,,,,,,S1:DATA:603,[IGNORE] S1:DATA:603
09:06:14.936,S1,IGNORE_POLL,,,,,,POLL:2,[IGNORE] POLL:2
09:06:14.939,S2,RX_POLL,-75,8.75,604,,655,,[RX] POLL:2 | RSSI: -75 dBm | SNR: 8.75 dB | RX#: 604
09:06:14.943,S2,TX_DATA,,,,604,,,[TX] S2:DATA:604
09:06:14.984,S1,IGNORE_REPLY,,,,,,S2:DATA:604,[IGNORE] S2:DATA:604
09:06:15.516,S2,IGNORE_POLL,,,,,,POLL:1,[IGNORE] POLL:1
09:06:15.517,S1,RX_POLL,-70,8.5,604,,655,,[RX] POLL:1 | RSSI: -70 dBm | SNR: 8.50 dB | RX#: 604
09:06:15.521,S1,TX_DATA,,,,604,,,[TX] S1:DATA:604
09:06:15.565,S2,IGNORE_REPLY,,,,,,S1:DATA:604,[IGNORE] S1:DATA:604
09:06:15.595,S1,IGNORE_POLL,,,,,,POLL:2,[IGNORE] POLL:2
09:06:15.596,S2,RX_POLL,-75,9.0,605,,657,,[RX] POLL:2 | RSSI: -75 dBm | SNR: 9.00 dB | RX#: 605
09:06:15.598,S2,TX_DATA,,,,605,,,[TX] S2:DATA:605
09:06:15.640,S1,IGNORE_REPLY,,,,,,S2:DATA:605,[IGNORE] S2:DATA:605
09:06:16.172,S2,IGNORE_POLL,,,,,,POLL:1,[IGNORE] POLL:1
09:06:16.172,S1,RX_POLL,-70,9.0,605,,655,,[RX] POLL:1 | RSSI: -70 dBm | SNR: 9.00 dB | RX#: 605
09:06:16.176,S1,TX_DATA,,,,605,,,[TX] S1:DATA:605
09:06:16.217,S2,IGNORE_REPLY,,,,,,S1:DATA:605,[IGNORE] S1:DATA:605
09:06:16.250,S1,IGNORE_POLL,,,,,,POLL:2,[IGNORE] POLL:2
09:06:16.250,S2,RX_POLL,-75,9.0,606,,654,,[RX] POLL:2 | RSSI: -75 dBm | SNR: 9.00 dB | RX#: 606
09:06:16.254,S2,TX_DATA,,,,606,,,[TX] S2:DATA:606
09:06:16.295,S1,IGNORE_REPLY,,,,,,S2:DATA:606,[IGNORE] S2:DATA:606
09:06:16.828,S2,IGNORE_POLL,,,,,,POLL:1,[IGNORE] POLL:1
09:06:16.831,S1,RX_POLL,-70,9.0,606,,659,,[RX] POLL:1 | RSSI: -70 dBm | SNR: 9.00 dB | RX#: 606
09:06:16.832,S1,TX_DATA,,,,606,,,[TX] S1:DATA:606
09:06:16.872,S2,IGNORE_REPLY,,,,,,S1:DATA:606,[IGNORE] S1:DATA:606
09:06:16.905,S1,IGNORE_POLL,,,,,,POLL:2,[IGNORE] POLL:2
09:06:16.909,S2,RX_POLL,-75,8.5,607,,659,,[RX] POLL:2 | RSSI: -75 dBm | SNR: 8.50 dB | RX#: 607
09:06:16.909,S2,TX_DATA,,,,607,,,[TX] S2:DATA:607
09:06:16.951,S1,IGNORE_REPLY,,,,,,S2:DATA:607,[IGNORE] S2:DATA:607
09:06:17.483,S2,IGNORE_POLL,,,,,,POLL:1,[IGNORE] POLL:1
09:06:17.487,S1,RX_POLL,-70,8.75,607,,655,,[RX] POLL:1 | RSSI: -70 dBm | SNR: 8.75 dB | RX#: 607
09:06:17.487,S1,TX_DATA,,,,607,,,[TX] S1:DATA:607
09:06:17.527,S2,IGNORE_REPLY,,,,,,S1:DATA:607,[IGNORE] S1:DATA:607
09:06:17.560,S1,IGNORE_POLL,,,,,,POLL:2,[IGNORE] POLL:2
09:06:17.564,S2,RX_POLL,-75,9.0,608,,655,,[RX] POLL:2 | RSSI: -75 dBm | SNR: 9.00 dB | RX#: 608
09:06:17.564,S2,TX_DATA,,,,608,,,[TX] S2:DATA:608
09:06:17.606,S1,IGNORE_REPLY,,,,,,S2:DATA:608,[IGNORE] S2:DATA:608
09:06:18.138,S2,IGNORE_POLL,,,,,,POLL:1,[IGNORE] POLL:1
09:06:18.142,S1,RX_POLL,-70,8.75,608,,655,,[RX] POLL:1 | RSSI: -70 dBm | SNR: 8.75 dB | RX#: 608
09:06:18.142,S1,TX_DATA,,,,608,,,[TX] S1:DATA:608
09:06:18.183,S2,IGNORE_REPLY,,,,,,S1:DATA:608,[IGNORE] S1:DATA:608
09:06:18.216,S1,IGNORE_POLL,,,,,,POLL:2,[IGNORE] POLL:2
09:06:18.220,S2,RX_POLL,-75,8.5,609,,655,,[RX] POLL:2 | RSSI: -75 dBm | SNR: 8.50 dB | RX#: 609
09:06:18.220,S2,TX_DATA,,,,609,,,[TX] S2:DATA:609
09:06:18.261,S1,IGNORE_REPLY,,,,,,S2:DATA:609,[IGNORE] S2:DATA:609
09:06:18.793,S2,IGNORE_POLL,,,,,,POLL:1,[IGNORE] POLL:1
09:06:18.797,S1,RX_POLL,-70,9.0,609,,655,,[RX] POLL:1 | RSSI: -70 dBm | SNR: 9.00 dB | RX#: 609
09:06:18.798,S1,TX_DATA,,,,609,,,[TX] S1:DATA:609
09:06:18.838,S2,IGNORE_REPLY,,,,,,S1:DATA:609,[IGNORE] S1:DATA:609
09:06:18.871,S1,IGNORE_POLL,,,,,,POLL:2,[IGNORE] POLL:2
09:06:18.879,S2,RX_POLL,-74,9.0,610,,660,,[RX] POLL:2 | RSSI: -74 dBm | SNR: 9.00 dB | RX#: 610
09:06:18.880,S2,TX_DATA,,,,610,,,[TX] S2:DATA:610
09:06:18.917,S1,IGNORE_REPLY,,,,,,S2:DATA:610,[IGNORE] S2:DATA:610
09:06:19.448,S2,IGNORE_POLL,,,,,,POLL:1,[IGNORE] POLL:1
09:06:19.453,S1,RX_POLL,-70,9.0,610,,655,,[RX] POLL:1 | RSSI: -70 dBm | SNR: 9.00 dB | RX#: 610
09:06:19.453,S1,TX_DATA,,,,610,,,[TX] S1:DATA:610
09:06:19.493,S2,IGNORE_REPLY,,,,,,S1:DATA:610,[IGNORE] S1:DATA:610
09:06:19.526,S1,IGNORE_POLL,,,,,,POLL:2,[IGNORE] POLL:2
09:06:19.530,S2,RX_POLL,-74,9.0,611,,651,,[RX] POLL:2 | RSSI: -74 dBm | SNR: 9.00 dB | RX#: 611
09:06:19.531,S2,TX_DATA,,,,611,,,[TX] S2:DATA:611
09:06:19.572,S1,IGNORE_REPLY,,,,,,S2:DATA:611,[IGNORE] S2:DATA:611
09:06:20.104,S2,IGNORE_POLL,,,,,,POLL:1,[IGNORE] POLL:1
09:06:20.108,S1,RX_POLL,-70,8.5,611,,655,,[RX] POLL:1 | RSSI: -70 dBm | SNR: 8.50 dB | RX#: 611
09:06:20.108,S1,TX_DATA,,,,611,,,[TX] S1:DATA:611
09:06:20.149,S2,IGNORE_REPLY,,,,,,S1:DATA:611,[IGNORE] S1:DATA:611
09:06:20.182,S1,IGNORE_POLL,,,,,,POLL:2,[IGNORE] POLL:2
09:06:20.186,S2,RX_POLL,-73,8.75,612,,655,,[RX] POLL:2 | RSSI: -73 dBm | SNR: 8.75 dB | RX#: 612
09:06:20.186,S2,TX_DATA,,,,612,,,[TX] S2:DATA:612
09:06:20.227,S1,IGNORE_REPLY,,,,,,S2:DATA:612,[IGNORE] S2:DATA:612
09:06:20.759,S2,IGNORE_POLL,,,,,,POLL:1,[IGNORE] POLL:1
09:06:20.764,S1,RX_POLL,-70,8.5,612,,655,,[RX] POLL:1 | RSSI: -70 dBm | SNR: 8.50 dB | RX#: 612
09:06:20.764,S1,TX_DATA,,,,612,,,[TX] S1:DATA:612
09:06:20.804,S2,IGNORE_REPLY,,,,,,S1:DATA:612,[IGNORE] S1:DATA:612
09:06:20.838,S1,IGNORE_POLL,,,,,,POLL:2,[IGNORE] POLL:2
09:06:20.841,S2,RX_POLL,-74,9.0,613,,655,,[RX] POLL:2 | RSSI: -74 dBm | SNR: 9.00 dB | RX#: 613
09:06:20.845,S2,TX_DATA,,,,613,,,[TX] S2:DATA:613
09:06:20.882,S1,IGNORE_REPLY,,,,,,S2:DATA:613,[IGNORE] S2:DATA:613
09:06:21.414,S2,IGNORE_POLL,,,,,,POLL:1,[IGNORE] POLL:1
09:06:21.419,S1,RX_POLL,-70,8.5,613,,655,,[RX] POLL:1 | RSSI: -70 dBm | SNR: 8.50 dB | RX#: 613
09:06:21.419,S1,TX_DATA,,,,613,,,[TX] S1:DATA:613
09:06:21.459,S2,IGNORE_REPLY,,,,,,S1:DATA:613,[IGNORE] S1:DATA:613
09:06:21.492,S1,IGNORE_POLL,,,,,,POLL:2,[IGNORE] POLL:2
09:06:21.496,S2,RX_POLL,-74,8.25,614,,655,,[RX] POLL:2 | RSSI: -74 dBm | SNR: 8.25 dB | RX#: 614
09:06:21.500,S2,TX_DATA,,,,614,,,[TX] S2:DATA:614
09:06:21.538,S1,IGNORE_REPLY,,,,,,S2:DATA:614,[IGNORE] S2:DATA:614
09:06:22.070,S2,IGNORE_POLL,,,,,,POLL:1,[IGNORE] POLL:1
09:06:22.074,S1,RX_POLL,-70,8.75,614,,655,,[RX] POLL:1 | RSSI: -70 dBm | SNR: 8.75 dB | RX#: 614
09:06:22.078,S1,TX_DATA,,,,614,,,[TX] S1:DATA:614
09:06:22.119,S2,IGNORE_REPLY,,,,,,S1:DATA:614,[IGNORE] S1:DATA:614
09:06:22.148,S1,IGNORE_POLL,,,,,,POLL:2,[IGNORE] POLL:2
09:06:22.152,S2,RX_POLL,-74,9.0,615,,655,,[RX] POLL:2 | RSSI: -74 dBm | SNR: 9.00 dB | RX#: 615
09:06:22.155,S2,TX_DATA,,,,615,,,[TX] S2:DATA:615
09:06:22.193,S1,IGNORE_REPLY,,,,,,S2:DATA:615,[IGNORE] S2:DATA:615
09:06:22.729,S2,IGNORE_POLL,,,,,,POLL:1,[IGNORE] POLL:1
09:06:22.730,S1,RX_POLL,-70,8.75,615,,655,,[RX] POLL:1 | RSSI: -70 dBm | SNR: 8.75 dB | RX#: 615
09:06:22.733,S1,TX_DATA,,,,615,,,[TX] S1:DATA:615
09:06:22.774,S2,IGNORE_REPLY,,,,,,S1:DATA:615,[IGNORE] S1:DATA:615
09:06:22.807,S1,IGNORE_POLL,,,,,,POLL:2,[IGNORE] POLL:2
09:06:22.807,S2,RX_POLL,-75,9.25,616,,656,,[RX] POLL:2 | RSSI: -75 dBm | SNR: 9.25 dB | RX#: 616
09:06:22.811,S2,TX_DATA,,,,616,,,[TX] S2:DATA:616
09:06:22.852,S1,IGNORE_REPLY,,,,,,S2:DATA:616,[IGNORE] S2:DATA:616
09:06:23.384,S2,IGNORE_POLL,,,,,,POLL:1,[IGNORE] POLL:1
09:06:23.385,S1,RX_POLL,-70,8.5,616,,655,,[RX] POLL:1 | RSSI: -70 dBm | SNR: 8.50 dB | RX#: 616
09:06:23.389,S1,TX_DATA,,,,616,,,[TX] S1:DATA:616
09:06:23.429,S2,IGNORE_REPLY,,,,,,S1:DATA:616,[IGNORE] S1:DATA:616
09:06:23.462,S1,IGNORE_POLL,,,,,,POLL:2,[IGNORE] POLL:2
09:06:23.463,S2,RX_POLL,-74,9.0,617,,655,,[RX] POLL:2 | RSSI: -74 dBm | SNR: 9.00 dB | RX#: 617
09:06:23.466,S2,TX_DATA,,,,617,,,[TX] S2:DATA:617
09:06:23.508,S1,IGNORE_REPLY,,,,,,S2:DATA:617,[IGNORE] S2:DATA:617
09:06:24.040,S2,IGNORE_POLL,,,,,,POLL:1,[IGNORE] POLL:1
09:06:24.041,S1,RX_POLL,-70,8.5,617,,656,,[RX] POLL:1 | RSSI: -70 dBm | SNR: 8.50 dB | RX#: 617
09:06:24.044,S1,TX_DATA,,,,617,,,[TX] S1:DATA:617
09:06:24.085,S2,IGNORE_REPLY,,,,,,S1:DATA:617,[IGNORE] S1:DATA:617
09:06:24.118,S1,IGNORE_POLL,,,,,,POLL:2,[IGNORE] POLL:2
09:06:24.121,S2,RX_POLL,-74,9.25,618,,659,,[RX] POLL:2 | RSSI: -74 dBm | SNR: 9.25 dB | RX#: 618
09:06:24.122,S2,TX_DATA,,,,618,,,[TX] S2:DATA:618
09:06:24.163,S1,IGNORE_REPLY,,,,,,S2:DATA:618,[IGNORE] S2:DATA:618
09:06:24.695,S2,IGNORE_POLL,,,,,,POLL:1,[IGNORE] POLL:1
09:06:24.699,S1,RX_POLL,-70,8.75,618,,659,,[RX] POLL:1 | RSSI: -70 dBm | SNR: 8.75 dB | RX#: 618
09:06:24.700,S1,TX_DATA,,,,618,,,[TX] S1:DATA:618
09:06:24.740,S2,IGNORE_REPLY,,,,,,S1:DATA:618,[IGNORE] S1:DATA:618
09:06:24.773,S1,IGNORE_POLL,,,,,,POLL:2,[IGNORE] POLL:2
09:06:24.777,S2,RX_POLL,-74,9.0,619,,655,,[RX] POLL:2 | RSSI: -74 dBm | SNR: 9.00 dB | RX#: 619
09:06:24.777,S2,TX_DATA,,,,619,,,[TX] S2:DATA:619
09:06:24.818,S1,IGNORE_REPLY,,,,,,S2:DATA:619,[IGNORE] S2:DATA:619
09:06:25.351,S2,IGNORE_POLL,,,,,,POLL:1,[IGNORE] POLL:1
09:06:25.355,S1,RX_POLL,-70,8.75,619,,655,,[RX] POLL:1 | RSSI: -70 dBm | SNR: 8.75 dB | RX#: 619
09:06:25.355,S1,TX_DATA,,,,619,,,[TX] S1:DATA:619
09:06:25.397,S2,IGNORE_REPLY,,,,,,S1:DATA:619,[IGNORE] S1:DATA:619
09:06:25.429,S1,IGNORE_POLL,,,,,,POLL:2,[IGNORE] POLL:2
09:06:25.432,S2,RX_POLL,-74,9.0,620,,655,,[RX] POLL:2 | RSSI: -74 dBm | SNR: 9.00 dB | RX#: 620
09:06:25.432,S2,TX_DATA,,,,620,,,[TX] S2:DATA:620
09:06:25.474,S1,IGNORE_REPLY,,,,,,S2:DATA:620,[IGNORE] S2:DATA:620
09:06:26.006,S2,IGNORE_POLL,,,,,,POLL:1,[IGNORE] POLL:1
09:06:26.010,S1,RX_POLL,-67,8.5,620,,655,,[RX] POLL:1 | RSSI: -67 dBm | SNR: 8.50 dB | RX#: 620
09:06:26.010,S1,TX_DATA,,,,620,,,[TX] S1:DATA:620
09:06:26.051,S2,IGNORE_REPLY,,,,,,S1:DATA:620,[IGNORE] S1:DATA:620
09:06:26.085,S1,IGNORE_POLL,,,,,,POLL:2,[IGNORE] POLL:2
09:06:26.088,S2,RX_POLL,-74,9.0,621,,655,,[RX] POLL:2 | RSSI: -74 dBm | SNR: 9.00 dB | RX#: 621
09:06:26.088,S2,TX_DATA,,,,621,,,[TX] S2:DATA:621
09:06:26.129,S1,IGNORE_REPLY,,,,,,S2:DATA:621,[IGNORE] S2:DATA:621
09:06:26.661,S2,IGNORE_POLL,,,,,,POLL:1,[IGNORE] POLL:1
09:06:26.665,S1,RX_POLL,-70,9.0,621,,655,,[RX] POLL:1 | RSSI: -70 dBm | SNR: 9.00 dB | RX#: 621
09:06:26.666,S1,TX_DATA,,,,621,,,[TX] S1:DATA:621
09:06:26.706,S2,IGNORE_REPLY,,,,,,S1:DATA:621,[IGNORE] S1:DATA:621
09:06:26.739,S1,IGNORE_POLL,,,,,,POLL:2,[IGNORE] POLL:2
09:06:26.743,S2,RX_POLL,-74,9.25,622,,655,,[RX] POLL:2 | RSSI: -74 dBm | SNR: 9.25 dB | RX#: 622
09:06:26.743,S2,TX_DATA,,,,622,,,[TX] S2:DATA:622
09:06:26.784,S1,IGNORE_REPLY,,,,,,S2:DATA:622,[IGNORE] S2:DATA:622
09:06:27.316,S2,IGNORE_POLL,,,,,,POLL:1,[IGNORE] POLL:1
09:06:27.321,S1,RX_POLL,-70,9.25,622,,655,,[RX] POLL:1 | RSSI: -70 dBm | SNR: 9.25 dB | RX#: 622
09:06:27.321,S1,TX_DATA,,,,622,,,[TX] S1:DATA:622
09:06:27.362,S2,IGNORE_REPLY,,,,,,S1:DATA:622,[IGNORE] S1:DATA:622
09:06:27.395,S1,IGNORE_POLL,,,,,,POLL:2,[IGNORE] POLL:2
09:06:27.398,S2,RX_POLL,-74,9.0,623,,655,,[RX] POLL:2 | RSSI: -74 dBm | SNR: 9.00 dB | RX#: 623
09:06:27.399,S2,TX_DATA,,,,623,,,[TX] S2:DATA:623
09:06:27.440,S1,IGNORE_REPLY,,,,,,S2:DATA:623,[IGNORE] S2:DATA:623
09:06:27.972,S2,IGNORE_POLL,,,,,,POLL:1,[IGNORE] POLL:1
09:06:27.976,S1,RX_POLL,-70,8.75,623,,655,,[RX] POLL:1 | RSSI: -70 dBm | SNR: 8.75 dB | RX#: 623
09:06:27.976,S1,TX_DATA,,,,623,,,[TX] S1:DATA:623
09:06:28.017,S2,IGNORE_REPLY,,,,,,S1:DATA:623,[IGNORE] S1:DATA:623
09:06:28.054,S1,IGNORE_POLL,,,,,,POLL:2,[IGNORE] POLL:2
09:06:28.054,S2,RX_POLL,-74,8.75,624,,656,,[RX] POLL:2 | RSSI: -74 dBm | SNR: 8.75 dB | RX#: 624
09:06:28.054,S2,TX_DATA,,,,624,,,[TX] S2:DATA:624
09:06:28.095,S1,IGNORE_REPLY,,,,,,S2:DATA:624,[IGNORE] S2:DATA:624
09:06:28.627,S2,IGNORE_POLL,,,,,,POLL:1,[IGNORE] POLL:1
09:06:28.632,S1,RX_POLL,-70,9.0,624,,655,,[RX] POLL:1 | RSSI: -70 dBm | SNR: 9.00 dB | RX#: 624
09:06:28.632,S1,TX_DATA,,,,624,,,[TX] S1:DATA:624
09:06:28.673,S2,IGNORE_REPLY,,,,,,S1:DATA:624,[IGNORE] S1:DATA:624
09:06:28.706,S1,IGNORE_POLL,,,,,,POLL:2,[IGNORE] POLL:2
09:06:28.709,S2,RX_POLL,-74,9.0,625,,655,,[RX] POLL:2 | RSSI: -74 dBm | SNR: 9.00 dB | RX#: 625
09:06:28.713,S2,TX_DATA,,,,625,,,[TX] S2:DATA:625
09:06:28.750,S1,IGNORE_REPLY,,,,,,S2:DATA:625,[IGNORE] S2:DATA:625
09:06:29.282,S2,IGNORE_POLL,,,,,,POLL:1,[IGNORE] POLL:1
09:06:29.287,S1,RX_POLL,-70,9.0,625,,655,,[RX] POLL:1 | RSSI: -70 dBm | SNR: 9.00 dB | RX#: 625
09:06:29.291,S1,TX_DATA,,,,625,,,[TX] S1:DATA:625
09:06:29.327,S2,IGNORE_REPLY,,,,,,S1:DATA:625,[IGNORE] S1:DATA:625
09:06:29.360,S1,IGNORE_POLL,,,,,,POLL:2,[IGNORE] POLL:2
09:06:29.364,S2,RX_POLL,-74,9.0,626,,655,,[RX] POLL:2 | RSSI: -74 dBm | SNR: 9.00 dB | RX#: 626
09:06:29.368,S2,TX_DATA,,,,626,,,[TX] S2:DATA:626
09:06:29.406,S1,IGNORE_REPLY,,,,,,S2:DATA:626,[IGNORE] S2:DATA:626
09:06:29.938,S2,IGNORE_POLL,,,,,,POLL:1,[IGNORE] POLL:1
09:06:29.942,S1,RX_POLL,-70,9.0,626,,655,,[RX] POLL:1 | RSSI: -70 dBm | SNR: 9.00 dB | RX#: 626
09:06:29.946,S1,TX_DATA,,,,626,,,[TX] S1:DATA:626
09:06:29.987,S2,IGNORE_REPLY,,,,,,S1:DATA:626,[IGNORE] S1:DATA:626
09:06:30.016,S1,IGNORE_POLL,,,,,,POLL:2,[IGNORE] POLL:2
09:06:30.020,S2,RX_POLL,-74,8.75,627,,655,,[RX] POLL:2 | RSSI: -74 dBm | SNR: 8.75 dB | RX#: 627
09:06:30.023,S2,TX_DATA,,,,627,,,[TX] S2:DATA:627
09:06:30.061,S1,IGNORE_REPLY,,,,,,S2:DATA:627,[IGNORE] S2:DATA:627
09:06:30.598,S2,IGNORE_POLL,,,,,,POLL:1,[IGNORE] POLL:1
09:06:30.598,S1,RX_POLL,-70,9.0,627,,656,,[RX] POLL:1 | RSSI: -70 dBm | SNR: 9.00 dB | RX#: 627
09:06:30.601,S1,TX_DATA,,,,627,,,[TX] S1:DATA:627
09:06:30.642,S2,IGNORE_REPLY,,,,,,S1:DATA:627,[IGNORE] S1:DATA:627
09:06:30.671,S1,IGNORE_POLL,,,,,,POLL:2,[IGNORE] POLL:2
09:06:30.675,S2,RX_POLL,-74,9.0,628,,655,,[RX] POLL:2 | RSSI: -74 dBm | SNR: 9.00 dB | RX#: 628
09:06:30.679,S2,TX_DATA,,,,628,,,[TX] S2:DATA:628
09:06:30.720,S1,IGNORE_REPLY,,,,,,S2:DATA:628,[IGNORE] S2:DATA:628
09:06:31.253,S2,IGNORE_POLL,,,,,,POLL:1,[IGNORE] POLL:1
09:06:31.253,S1,RX_POLL,-70,8.75,628,,655,,[RX] POLL:1 | RSSI: -70 dBm | SNR: 8.75 dB | RX#: 628
09:06:31.257,S1,TX_DATA,,,,628,,,[TX] S1:DATA:628
09:06:31.297,S2,IGNORE_REPLY,,,,,,S1:DATA:628,[IGNORE] S1:DATA:628
09:06:31.330,S1,IGNORE_POLL,,,,,,POLL:2,[IGNORE] POLL:2
09:06:31.331,S2,RX_POLL,-74,9.25,629,,656,,[RX] POLL:2 | RSSI: -74 dBm | SNR: 9.25 dB | RX#: 629
09:06:31.334,S2,TX_DATA,,,,629,,,[TX] S2:DATA:629
09:06:31.375,S1,IGNORE_REPLY,,,,,,S2:DATA:629,[IGNORE] S2:DATA:629
09:06:31.908,S2,IGNORE_POLL,,,,,,POLL:1,[IGNORE] POLL:1
09:06:31.909,S1,RX_POLL,-71,8.75,629,,655,,[RX] POLL:1 | RSSI: -71 dBm | SNR: 8.75 dB | RX#: 629
09:06:31.912,S1,TX_DATA,,,,629,,,[TX] S1:DATA:629
09:06:31.953,S2,IGNORE_REPLY,,,,,,S1:DATA:629,[IGNORE] S1:DATA:629
09:06:31.986,S1,IGNORE_POLL,,,,,,POLL:2,[IGNORE] POLL:2
09:06:31.989,S2,RX_POLL,-74,9.25,630,,659,,[RX] POLL:2 | RSSI: -74 dBm | SNR: 9.25 dB | RX#: 630
09:06:31.990,S2,TX_DATA,,,,630,,,[TX] S2:DATA:630
09:06:32.031,S1,IGNORE_REPLY,,,,,,S2:DATA:630,[IGNORE] S2:DATA:630
09:06:32.564,S2,IGNORE_POLL,,,,,,POLL:1,[IGNORE] POLL:1
09:06:32.567,S1,RX_POLL,-70,8.75,630,,658,,[RX] POLL:1 | RSSI: -70 dBm | SNR: 8.75 dB | RX#: 630
09:06:32.567,S1,TX_DATA,,,,630,,,[TX] S1:DATA:630
09:06:32.608,S2,IGNORE_REPLY,,,,,,S1:DATA:630,[IGNORE] S1:DATA:630
09:06:32.641,S1,IGNORE_POLL,,,,,,POLL:2,[IGNORE] POLL:2
09:06:32.645,S2,RX_POLL,-74,9.0,631,,655,,[RX] POLL:2 | RSSI: -74 dBm | SNR: 9.00 dB | RX#: 631
09:06:32.645,S2,TX_DATA,,,,631,,,[TX] S2:DATA:631
09:06:32.686,S1,IGNORE_REPLY,,,,,,S2:DATA:631,[IGNORE] S2:DATA:631
09:06:33.219,S2,IGNORE_POLL,,,,,,POLL:1,[IGNORE] POLL:1
09:06:33.223,S1,RX_POLL,-70,9.0,631,,655,,[RX] POLL:1 | RSSI: -70 dBm | SNR: 9.00 dB | RX#: 631
09:06:33.223,S1,TX_DATA,,,,631,,,[TX] S1:DATA:631
09:06:33.264,S2,IGNORE_REPLY,,,,,,S1:DATA:631,[IGNORE] S1:DATA:631
09:06:33.296,S1,IGNORE_POLL,,,,,,POLL:2,[IGNORE] POLL:2
09:06:33.300,S2,RX_POLL,-74,8.5,632,,655,,[RX] POLL:2 | RSSI: -74 dBm | SNR: 8.50 dB | RX#: 632
09:06:33.300,S2,TX_DATA,,,,632,,,[TX] S2:DATA:632
09:06:33.342,S1,IGNORE_REPLY,,,,,,S2:DATA:632,[IGNORE] S2:DATA:632
09:06:33.875,S2,IGNORE_POLL,,,,,,POLL:1,[IGNORE] POLL:1
09:06:33.878,S1,RX_POLL,-70,8.75,632,,655,,[RX] POLL:1 | RSSI: -70 dBm | SNR: 8.75 dB | RX#: 632
09:06:33.878,S1,TX_DATA,,,,632,,,[TX] S1:DATA:632
09:06:33.919,S2,IGNORE_REPLY,,,,,,S1:DATA:632,[IGNORE] S1:DATA:632
09:06:33.952,S1,IGNORE_POLL,,,,,,POLL:2,[IGNORE] POLL:2
09:06:33.956,S2,RX_POLL,-73,8.25,633,,655,,[RX] POLL:2 | RSSI: -73 dBm | SNR: 8.25 dB | RX#: 633
09:06:33.956,S2,TX_DATA,,,,633,,,[TX] S2:DATA:633
09:06:33.997,S1,IGNORE_REPLY,,,,,,S2:DATA:633,[IGNORE] S2:DATA:633
09:06:34.530,S2,IGNORE_POLL,,,,,,POLL:1,[IGNORE] POLL:1
09:06:34.533,S1,RX_POLL,-70,8.75,633,,655,,[RX] POLL:1 | RSSI: -70 dBm | SNR: 8.75 dB | RX#: 633
09:06:34.534,S1,TX_DATA,,,,633,,,[TX] S1:DATA:633
09:06:34.574,S2,IGNORE_REPLY,,,,,,S1:DATA:633,[IGNORE] S1:DATA:633
09:06:34.608,S1,IGNORE_POLL,,,,,,POLL:2,[IGNORE] POLL:2
09:06:34.611,S2,RX_POLL,-74,9.0,634,,655,,[RX] POLL:2 | RSSI: -74 dBm | SNR: 9.00 dB | RX#: 634
09:06:34.611,S2,TX_DATA,,,,634,,,[TX] S2:DATA:634
09:06:34.652,S1,IGNORE_REPLY,,,,,,S2:DATA:634,[IGNORE] S2:DATA:634
09:06:35.184,S2,IGNORE_POLL,,,,,,POLL:1,[IGNORE] POLL:1
09:06:35.189,S1,RX_POLL,-70,8.75,634,,655,,[RX] POLL:1 | RSSI: -70 dBm | SNR: 8.75 dB | RX#: 634
09:06:35.189,S1,TX_DATA,,,,634,,,[TX] S1:DATA:634
09:06:35.230,S2,IGNORE_REPLY,,,,,,S1:DATA:634,[IGNORE] S1:DATA:634
09:06:35.263,S1,IGNORE_POLL,,,,,,POLL:2,[IGNORE] POLL:2
09:06:35.266,S2,RX_POLL,-74,8.75,635,,655,,[RX] POLL:2 | RSSI: -74 dBm | SNR: 8.75 dB | RX#: 635
09:06:35.267,S2,TX_DATA,,,,635,,,[TX] S2:DATA:635
09:06:35.308,S1,IGNORE_REPLY,,,,,,S2:DATA:635,[IGNORE] S2:DATA:635
09:06:35.840,S2,IGNORE_POLL,,,,,,POLL:1,[IGNORE] POLL:1
09:06:35.845,S1,RX_POLL,-70,8.75,635,,656,,[RX] POLL:1 | RSSI: -70 dBm | SNR: 8.75 dB | RX#: 635
09:06:35.845,S1,TX_DATA,,,,635,,,[TX] S1:DATA:635
09:06:35.885,S2,IGNORE_REPLY,,,,,,S1:DATA:635,[IGNORE] S1:DATA:635
09:06:35.918,S1,IGNORE_POLL,,,,,,POLL:2,[IGNORE] POLL:2
09:06:35.922,S2,RX_POLL,-74,9.0,636,,655,,[RX] POLL:2 | RSSI: -74 dBm | SNR: 9.00 dB | RX#: 636
09:06:35.922,S2,TX_DATA,,,,636,,,[TX] S2:DATA:636
09:06:35.963,S1,IGNORE_REPLY,,,,,,S2:DATA:636,[IGNORE] S2:DATA:636
09:06:36.495,S2,IGNORE_POLL,,,,,,POLL:1,[IGNORE] POLL:1
09:06:36.499,S1,RX_POLL,-70,8.75,636,,655,,[RX] POLL:1 | RSSI: -70 dBm | SNR: 8.75 dB | RX#: 636
09:06:36.500,S1,TX_DATA,,,,636,,,[TX] S1:DATA:636
09:06:36.540,S2,IGNORE_REPLY,,,,,,S1:DATA:636,[IGNORE] S1:DATA:636
09:06:36.573,S1,IGNORE_POLL,,,,,,POLL:2,[IGNORE] POLL:2
09:06:36.577,S2,RX_POLL,-74,9.25,637,,655,,[RX] POLL:2 | RSSI: -74 dBm | SNR: 9.25 dB | RX#: 637
09:06:36.577,S2,TX_DATA,,,,637,,,[TX] S2:DATA:637
09:06:36.618,S1,IGNORE_REPLY,,,,,,S2:DATA:637,[IGNORE] S2:DATA:637
09:06:37.150,S2,IGNORE_POLL,,,,,,POLL:1,[IGNORE] POLL:1
09:06:37.155,S1,RX_POLL,-70,8.75,637,,655,,[RX] POLL:1 | RSSI: -70 dBm | SNR: 8.75 dB | RX#: 637
09:06:37.155,S1,TX_DATA,,,,637,,,[TX] S1:DATA:637
09:06:37.196,S2,IGNORE_REPLY,,,,,,S1:DATA:637,[IGNORE] S1:DATA:637
09:06:37.228,S1,IGNORE_POLL,,,,,,POLL:2,[IGNORE] POLL:2
09:06:37.232,S2,RX_POLL,-74,9.0,638,,656,,[RX] POLL:2 | RSSI: -74 dBm | SNR: 9.00 dB | RX#: 638
09:06:37.236,S2,TX_DATA,,,,638,,,[TX] S2:DATA:638
09:06:37.274,S1,IGNORE_REPLY,,,,,,S2:DATA:638,[IGNORE] S2:DATA:638
09:06:37.806,S2,IGNORE_POLL,,,,,,POLL:1,[IGNORE] POLL:1
09:06:37.810,S1,RX_POLL,-70,8.5,638,,655,,[RX] POLL:1 | RSSI: -70 dBm | SNR: 8.50 dB | RX#: 638
09:06:37.814,S1,TX_DATA,,,,638,,,[TX] S1:DATA:638
09:06:37.855,S2,IGNORE_REPLY,,,,,,S1:DATA:638,[IGNORE] S1:DATA:638
09:06:37.884,S1,IGNORE_POLL,,,,,,POLL:2,[IGNORE] POLL:2
09:06:37.888,S2,RX_POLL,-74,8.5,639,,655,,[RX] POLL:2 | RSSI: -74 dBm | SNR: 8.50 dB | RX#: 639
09:06:37.891,S2,TX_DATA,,,,639,,,[TX] S2:DATA:639
09:06:37.929,S1,IGNORE_REPLY,,,,,,S2:DATA:639,[IGNORE] S2:DATA:639
09:06:38.466,S2,IGNORE_POLL,,,,,,POLL:1,[IGNORE] POLL:1
09:06:38.466,S1,RX_POLL,-70,8.75,639,,656,,[RX] POLL:1 | RSSI: -70 dBm | SNR: 8.75 dB | RX#: 639
09:06:38.469,S1,TX_DATA,,,,639,,,[TX] S1:DATA:639
09:06:38.510,S2,IGNORE_REPLY,,,,,,S1:DATA:639,[IGNORE] S1:DATA:639
09:06:38.540,S1,IGNORE_POLL,,,,,,POLL:2,[IGNORE] POLL:2
09:06:38.543,S2,RX_POLL,-74,8.75,640,,656,,[RX] POLL:2 | RSSI: -74 dBm | SNR: 8.75 dB | RX#: 640
09:06:38.547,S2,TX_DATA,,,,640,,,[TX] S2:DATA:640
09:06:38.584,S1,IGNORE_REPLY,,,,,,S2:DATA:640,[IGNORE] S2:DATA:640
09:06:39.121,S2,IGNORE_POLL,,,,,,POLL:1,[IGNORE] POLL:1
09:06:39.122,S1,RX_POLL,-70,8.5,640,,655,,[RX] POLL:1 | RSSI: -70 dBm | SNR: 8.50 dB | RX#: 640
09:06:39.125,S1,TX_DATA,,,,640,,,[TX] S1:DATA:640
09:06:39.165,S2,IGNORE_REPLY,,,,,,S1:DATA:640,[IGNORE] S1:DATA:640
09:06:39.199,S1,IGNORE_POLL,,,,,,POLL:2,[IGNORE] POLL:2
09:06:39.199,S2,RX_POLL,-74,9.0,641,,656,,[RX] POLL:2 | RSSI: -74 dBm | SNR: 9.00 dB | RX#: 641
09:06:39.202,S2,TX_DATA,,,,641,,,[TX] S2:DATA:641
09:06:39.248,S1,IGNORE_REPLY,,,,,,S2:DATA:641,[IGNORE] S2:DATA:641
09:06:39.776,S2,IGNORE_POLL,,,,,,POLL:1,[IGNORE] POLL:1
09:06:39.776,S1,RX_POLL,-70,8.75,641,,655,,[RX] POLL:1 | RSSI: -70 dBm | SNR: 8.75 dB | RX#: 641
09:06:39.780,S1,TX_DATA,,,,641,,,[TX] S1:DATA:641
09:06:39.821,S2,IGNORE_REPLY,,,,,,S1:DATA:641,[IGNORE] S1:DATA:641
09:06:39.854,S1,IGNORE_POLL,,,,,,POLL:2,[IGNORE] POLL:2
09:06:39.854,S2,RX_POLL,-74,9.0,642,,655,,[RX] POLL:2 | RSSI: -74 dBm | SNR: 9.00 dB | RX#: 642
09:06:39.858,S2,TX_DATA,,,,642,,,[TX] S2:DATA:642
09:06:39.899,S1,IGNORE_REPLY,,,,,,S2:DATA:642,[IGNORE] S2:DATA:642
09:06:40.431,S2,IGNORE_POLL,,,,,,POLL:1,[IGNORE] POLL:1
09:06:40.432,S1,RX_POLL,-70,9.0,642,,656,,[RX] POLL:1 | RSSI: -70 dBm | SNR: 9.00 dB | RX#: 642
09:06:40.435,S1,TX_DATA,,,,642,,,[TX] S1:DATA:642
09:06:40.476,S2,IGNORE_REPLY,,,,,,S1:DATA:642,[IGNORE] S1:DATA:642
09:06:40.509,S1,IGNORE_POLL,,,,,,POLL:2,[IGNORE] POLL:2
09:06:40.513,S2,RX_POLL,-74,8.5,643,,659,,[RX] POLL:2 | RSSI: -74 dBm | SNR: 8.50 dB | RX#: 643
09:06:40.513,S2,TX_DATA,,,,643,,,[TX] S2:DATA:643
09:06:40.554,S1,IGNORE_REPLY,,,,,,S2:DATA:643,[IGNORE] S2:DATA:643
09:06:41.086,S2,IGNORE_POLL,,,,,,POLL:1,[IGNORE] POLL:1
09:06:41.091,S1,RX_POLL,-70,8.75,643,,658,,[RX] POLL:1 | RSSI: -70 dBm | SNR: 8.75 dB | RX#: 643
09:06:41.091,S1,TX_DATA,,,,643,,,[TX] S1:DATA:643
09:06:41.131,S2,IGNORE_REPLY,,,,,,S1:DATA:643,[IGNORE] S1:DATA:643
09:06:41.164,S1,IGNORE_POLL,,,,,,POLL:2,[IGNORE] POLL:2
09:06:41.168,S2,RX_POLL,-75,8.75,644,,655,,[RX] POLL:2 | RSSI: -75 dBm | SNR: 8.75 dB | RX#: 644
09:06:41.168,S2,TX_DATA,,,,644,,,[TX] S2:DATA:644
09:06:41.209,S1,IGNORE_REPLY,,,,,,S2:DATA:644,[IGNORE] S2:DATA:644
09:06:41.742,S2,IGNORE_POLL,,,,,,POLL:1,[IGNORE] POLL:1
09:06:41.746,S1,RX_POLL,-70,8.75,644,,655,,[RX] POLL:1 | RSSI: -70 dBm | SNR: 8.75 dB | RX#: 644
09:06:41.746,S1,TX_DATA,,,,644,,,[TX] S1:DATA:644
09:06:41.787,S2,IGNORE_REPLY,,,,,,S1:DATA:644,[IGNORE] S1:DATA:644
09:06:41.820,S1,IGNORE_POLL,,,,,,POLL:2,[IGNORE] POLL:2
09:06:41.823,S2,RX_POLL,-74,8.5,645,,655,,[RX] POLL:2 | RSSI: -74 dBm | SNR: 8.50 dB | RX#: 645
09:06:41.824,S2,TX_DATA,,,,645,,,[TX] S2:DATA:645
09:06:41.865,S1,IGNORE_REPLY,,,,,,S2:DATA:645,[IGNORE] S2:DATA:645
09:06:42.398,S2,IGNORE_POLL,,,,,,POLL:1,[IGNORE] POLL:1
09:06:42.402,S1,RX_POLL,-70,9.0,645,,656,,[RX] POLL:1 | RSSI: -70 dBm | SNR: 9.00 dB | RX#: 645
09:06:42.402,S1,TX_DATA,,,,645,,,[TX] S1:DATA:645
09:06:42.442,S2,IGNORE_REPLY,,,,,,S1:DATA:645,[IGNORE] S1:DATA:645
09:06:42.476,S1,IGNORE_POLL,,,,,,POLL:2,[IGNORE] POLL:2
09:06:42.479,S2,RX_POLL,-74,8.75,646,,655,,[RX] POLL:2 | RSSI: -74 dBm | SNR: 8.75 dB | RX#: 646
09:06:42.479,S2,TX_DATA,,,,646,,,[TX] S2:DATA:646
09:06:42.520,S1,IGNORE_REPLY,,,,,,S2:DATA:646,[IGNORE] S2:DATA:646
09:06:43.052,S2,IGNORE_POLL,,,,,,POLL:1,[IGNORE] POLL:1
09:06:43.057,S1,RX_POLL,-67,8.25,646,,655,,[RX] POLL:1 | RSSI: -67 dBm | SNR: 8.25 dB | RX#: 646
09:06:43.057,S1,TX_DATA,,,,646,,,[TX] S1:DATA:646
09:06:43.098,S2,IGNORE_REPLY,,,,,,S1:DATA:646,[IGNORE] S1:DATA:646
09:06:43.131,S1,IGNORE_POLL,,,,,,POLL:2,[IGNORE] POLL:2
09:06:43.134,S2,RX_POLL,-74,8.75,647,,655,,[RX] POLL:2 | RSSI: -74 dBm | SNR: 8.75 dB | RX#: 647
09:06:43.135,S2,TX_DATA,,,,647,,,[TX] S2:DATA:647
09:06:43.175,S1,IGNORE_REPLY,,,,,,S2:DATA:647,[IGNORE] S2:DATA:647
09:06:43.708,S2,IGNORE_POLL,,,,,,POLL:1,[IGNORE] POLL:1
09:06:43.712,S1,RX_POLL,-70,8.75,647,,655,,[RX] POLL:1 | RSSI: -70 dBm | SNR: 8.75 dB | RX#: 647
09:06:43.712,S1,TX_DATA,,,,647,,,[TX] S1:DATA:647
09:06:43.753,S2,IGNORE_REPLY,,,,,,S1:DATA:647,[IGNORE] S1:DATA:647
09:06:43.786,S1,IGNORE_POLL,,,,,,POLL:2,[IGNORE] POLL:2
09:06:43.790,S2,RX_POLL,-74,9.25,648,,655,,[RX] POLL:2 | RSSI: -74 dBm | SNR: 9.25 dB | RX#: 648
09:06:43.790,S2,TX_DATA,,,,648,,,[TX] S2:DATA:648
09:06:43.835,S1,IGNORE_REPLY,,,,,,S2:DATA:648,[IGNORE] S2:DATA:648
09:06:44.364,S2,IGNORE_POLL,,,,,,POLL:1,[IGNORE] POLL:1
09:06:44.367,S1,RX_POLL,-70,9.0,648,,655,,[RX] POLL:1 | RSSI: -70 dBm | SNR: 9.00 dB | RX#: 648
09:06:44.368,S1,TX_DATA,,,,648,,,[TX] S1:DATA:648
09:06:44.408,S2,IGNORE_REPLY,,,,,,S1:DATA:648,[IGNORE] S1:DATA:648
09:06:44.441,S1,IGNORE_POLL,,,,,,POLL:2,[IGNORE] POLL:2
09:06:44.446,S2,RX_POLL,-74,8.75,649,,656,,[RX] POLL:2 | RSSI: -74 dBm | SNR: 8.75 dB | RX#: 649
09:06:44.446,S2,TX_DATA,,,,649,,,[TX] S2:DATA:649
09:06:44.486,S1,IGNORE_REPLY,,,,,,S2:DATA:649,[IGNORE] S2:DATA:649
09:06:45.019,S2,IGNORE_POLL,,,,,,POLL:1,[IGNORE] POLL:1
09:06:45.023,S1,RX_POLL,-70,8.75,649,,655,,[RX] POLL:1 | RSSI: -70 dBm | SNR: 8.75 dB | RX#: 649
09:06:45.023,S1,TX_DATA,,,,649,,,[TX] S1:DATA:649
09:06:45.064,S2,IGNORE_REPLY,,,,,,S1:DATA:649,[IGNORE] S1:DATA:649
09:06:45.097,S1,IGNORE_POLL,,,,,,POLL:2,[IGNORE] POLL:2
09:06:45.100,S2,RX_POLL,-74,9.0,650,,655,,[RX] POLL:2 | RSSI: -74 dBm | SNR: 9.00 dB | RX#: 650
09:06:45.101,S2,TX_DATA,,,,650,,,[TX] S2:DATA:650
09:06:45.141,S1,IGNORE_REPLY,,,,,,S2:DATA:650,[IGNORE] S2:DATA:650
09:06:45.674,S2,IGNORE_POLL,,,,,,POLL:1,[IGNORE] POLL:1
09:06:45.679,S1,RX_POLL,-70,8.5,650,,656,,[RX] POLL:1 | RSSI: -70 dBm | SNR: 8.50 dB | RX#: 650
09:06:45.679,S1,TX_DATA,,,,650,,,[TX] S1:DATA:650
09:06:45.719,S2,IGNORE_REPLY,,,,,,S1:DATA:650,[IGNORE] S1:DATA:650
09:06:45.752,S1,IGNORE_POLL,,,,,,POLL:2,[IGNORE] POLL:2
09:06:45.756,S2,RX_POLL,-75,8.5,651,,655,,[RX] POLL:2 | RSSI: -75 dBm | SNR: 8.50 dB | RX#: 651
09:06:45.756,S2,TX_DATA,,,,651,,,[TX] S2:DATA:651
09:06:45.797,S1,IGNORE_REPLY,,,,,,S2:DATA:651,[IGNORE] S2:DATA:651
09:06:46.329,S2,IGNORE_POLL,,,,,,POLL:1,[IGNORE] POLL:1
09:06:46.333,S1,RX_POLL,-70,9.0,651,,655,,[RX] POLL:1 | RSSI: -70 dBm | SNR: 9.00 dB | RX#: 651
09:06:46.337,S1,TX_DATA,,,,651,,,[TX] S1:DATA:651
09:06:46.374,S2,IGNORE_REPLY,,,,,,S1:DATA:651,[IGNORE] S1:DATA:651
09:06:46.407,S1,IGNORE_POLL,,,,,,POLL:2,[IGNORE] POLL:2
09:06:46.411,S2,RX_POLL,-77,8.75,652,,655,,[RX] POLL:2 | RSSI: -77 dBm | SNR: 8.75 dB | RX#: 652
09:06:46.415,S2,TX_DATA,,,,652,,,[TX] S2:DATA:652
09:06:46.452,S1,IGNORE_REPLY,,,,,,S2:DATA:652,[IGNORE] S2:DATA:652
09:06:46.988,S2,IGNORE_POLL,,,,,,POLL:1,[IGNORE] POLL:1
09:06:46.989,S1,RX_POLL,-71,9.0,652,,656,,[RX] POLL:1 | RSSI: -71 dBm | SNR: 9.00 dB | RX#: 652
09:06:46.992,S1,TX_DATA,,,,652,,,[TX] S1:DATA:652
09:06:47.033,S2,IGNORE_REPLY,,,,,,S1:DATA:652,[IGNORE] S1:DATA:652
09:06:47.063,S1,IGNORE_POLL,,,,,,POLL:2,[IGNORE] POLL:2
09:06:47.067,S2,RX_POLL,-78,8.75,653,,656,,[RX] POLL:2 | RSSI: -78 dBm | SNR: 8.75 dB | RX#: 653
09:06:47.070,S2,TX_DATA,,,,653,,,[TX] S2:DATA:653
09:06:47.111,S1,IGNORE_REPLY,,,,,,S2:DATA:653,[IGNORE] S2:DATA:653
09:06:47.644,S2,IGNORE_POLL,,,,,,POLL:1,[IGNORE] POLL:1
09:06:47.644,S1,RX_POLL,-71,9.0,653,,655,,[RX] POLL:1 | RSSI: -71 dBm | SNR: 9.00 dB | RX#: 653
09:06:47.648,S1,TX_DATA,,,,653,,,[TX] S1:DATA:653
09:06:47.689,S2,IGNORE_REPLY,,,,,,S1:DATA:653,[IGNORE] S1:DATA:653
09:06:47.722,S1,IGNORE_POLL,,,,,,POLL:2,[IGNORE] POLL:2
09:06:47.722,S2,RX_POLL,-78,9.0,654,,656,,[RX] POLL:2 | RSSI: -78 dBm | SNR: 9.00 dB | RX#: 654
09:06:47.725,S2,TX_DATA,,,,654,,,[TX] S2:DATA:654
09:06:47.767,S1,IGNORE_REPLY,,,,,,S2:DATA:654,[IGNORE] S2:DATA:654
09:06:48.299,S2,IGNORE_POLL,,,,,,POLL:1,[IGNORE] POLL:1
09:06:48.300,S1,RX_POLL,-71,8.75,654,,656,,[RX] POLL:1 | RSSI: -71 dBm | SNR: 8.75 dB | RX#: 654
09:06:48.303,S1,TX_DATA,,,,654,,,[TX] S1:DATA:654
09:06:48.344,S2,IGNORE_REPLY,,,,,,S1:DATA:654,[IGNORE] S1:DATA:654
09:06:48.378,S1,IGNORE_POLL,,,,,,POLL:2,[IGNORE] POLL:2
09:06:48.378,S2,RX_POLL,-78,9.25,655,,656,,[RX] POLL:2 | RSSI: -78 dBm | SNR: 9.25 dB | RX#: 655
09:06:48.381,S2,TX_DATA,,,,655,,,[TX] S2:DATA:655
09:06:48.423,S1,IGNORE_REPLY,,,,,,S2:DATA:655,[IGNORE] S2:DATA:655
09:06:48.954,S2,IGNORE_POLL,,,,,,POLL:1,[IGNORE] POLL:1
09:06:48.959,S1,RX_POLL,-70,8.75,655,,658,,[RX] POLL:1 | RSSI: -70 dBm | SNR: 8.75 dB | RX#: 655
09:06:48.959,S1,TX_DATA,,,,655,,,[TX] S1:DATA:655
09:06:49.000,S2,IGNORE_REPLY,,,,,,S1:DATA:655,[IGNORE] S1:DATA:655
09:06:49.033,S1,IGNORE_POLL,,,,,,POLL:2,[IGNORE] POLL:2
09:06:49.036,S2,RX_POLL,-77,8.75,656,,658,,[RX] POLL:2 | RSSI: -77 dBm | SNR: 8.75 dB | RX#: 656
09:06:49.036,S2,TX_DATA,,,,656,,,[TX] S2:DATA:656
09:06:49.078,S1,IGNORE_REPLY,,,,,,S2:DATA:656,[IGNORE] S2:DATA:656
09:06:49.610,S2,IGNORE_POLL,,,,,,POLL:1,[IGNORE] POLL:1
09:06:49.614,S1,RX_POLL,-70,8.75,656,,655,,[RX] POLL:1 | RSSI: -70 dBm | SNR: 8.75 dB | RX#: 656
09:06:49.614,S1,TX_DATA,,,,656,,,[TX] S1:DATA:656
09:06:49.655,S2,IGNORE_REPLY,,,,,,S1:DATA:656,[IGNORE] S1:DATA:656
09:06:49.688,S1,IGNORE_POLL,,,,,,POLL:2,[IGNORE] POLL:2
09:06:49.695,S2,RX_POLL,-74,8.5,657,,659,,[RX] POLL:2 | RSSI: -74 dBm | SNR: 8.50 dB | RX#: 657
09:06:49.696,S2,TX_DATA,,,,657,,,[TX] S2:DATA:657
09:06:49.733,S1,IGNORE_REPLY,,,,,,S2:DATA:657,[IGNORE] S2:DATA:657
09:06:50.266,S2,IGNORE_POLL,,,,,,POLL:1,[IGNORE] POLL:1
09:06:50.269,S1,RX_POLL,-70,8.75,657,,655,,[RX] POLL:1 | RSSI: -70 dBm | SNR: 8.75 dB | RX#: 657
09:06:50.269,S1,TX_DATA,,,,657,,,[TX] S1:DATA:657
09:06:50.310,S2,IGNORE_REPLY,,,,,,S1:DATA:657,[IGNORE] S1:DATA:657
09:06:50.344,S1,IGNORE_POLL,,,,,,POLL:2,[IGNORE] POLL:2
09:06:50.347,S2,RX_POLL,-74,8.75,658,,652,,[RX] POLL:2 | RSSI: -74 dBm | SNR: 8.75 dB | RX#: 658
09:06:50.348,S2,TX_DATA,,,,658,,,[TX] S2:DATA:658
09:06:50.388,S1,IGNORE_REPLY,,,,,,S2:DATA:658,[IGNORE] S2:DATA:658
09:06:50.921,S2,IGNORE_POLL,,,,,,POLL:1,[IGNORE] POLL:1
09:06:50.925,S1,RX_POLL,-70,9.0,658,,656,,[RX] POLL:1 | RSSI: -70 dBm | SNR: 9.00 dB | RX#: 658
09:06:50.925,S1,TX_DATA,,,,658,,,[TX] S1:DATA:658
09:06:50.969,S2,IGNORE_REPLY,,,,,,S1:DATA:658,[IGNORE] S1:DATA:658
09:06:50.999,S1,IGNORE_POLL,,,,,,POLL:2,[IGNORE] POLL:2
09:06:51.003,S2,RX_POLL,-74,8.75,659,,655,,[RX] POLL:2 | RSSI: -74 dBm | SNR: 8.75 dB | RX#: 659
09:06:51.003,S2,TX_DATA,,,,659,,,[TX] S2:DATA:659
09:06:51.044,S1,IGNORE_REPLY,,,,,,S2:DATA:659,[IGNORE] S2:DATA:659
09:06:51.577,S2,IGNORE_POLL,,,,,,POLL:1,[IGNORE] POLL:1
09:06:51.580,S1,RX_POLL,-71,8.75,659,,655,,[RX] POLL:1 | RSSI: -71 dBm | SNR: 8.75 dB | RX#: 659
09:06:51.580,S1,TX_DATA,,,,659,,,[TX] S1:DATA:659
09:06:51.622,S2,IGNORE_REPLY,,,,,,S1:DATA:659,[IGNORE] S1:DATA:659
09:06:51.654,S1,IGNORE_POLL,,,,,,POLL:2,[IGNORE] POLL:2
09:06:51.658,S2,RX_POLL,-75,9.0,660,,655,,[RX] POLL:2 | RSSI: -75 dBm | SNR: 9.00 dB | RX#: 660
09:06:51.658,S2,TX_DATA,,,,660,,,[TX] S2:DATA:660
09:06:51.699,S1,IGNORE_REPLY,,,,,,S2:DATA:660,[IGNORE] S2:DATA:660
09:06:52.232,S2,IGNORE_POLL,,,,,,POLL:1,[IGNORE] POLL:1
09:06:52.235,S1,RX_POLL,-70,8.75,660,,655,,[RX] POLL:1 | RSSI: -70 dBm | SNR: 8.75 dB | RX#: 660
09:06:52.235,S1,TX_DATA,,,,660,,,[TX] S1:DATA:660
09:06:52.276,S2,IGNORE_REPLY,,,,,,S1:DATA:660,[IGNORE] S1:DATA:660
09:06:52.309,S1,IGNORE_POLL,,,,,,POLL:2,[IGNORE] POLL:2
09:06:52.313,S2,RX_POLL,-74,8.5,661,,655,,[RX] POLL:2 | RSSI: -74 dBm | SNR: 8.50 dB | RX#: 661
09:06:52.313,S2,TX_DATA,,,,661,,,[TX] S2:DATA:661
09:06:52.354,S1,IGNORE_REPLY,,,,,,S2:DATA:661,[IGNORE] S2:DATA:661
09:06:52.886,S2,IGNORE_POLL,,,,,,POLL:1,[IGNORE] POLL:1
09:06:52.891,S1,RX_POLL,-70,8.5,661,,656,,[RX] POLL:1 | RSSI: -70 dBm | SNR: 8.50 dB | RX#: 661
09:06:52.891,S1,TX_DATA,,,,661,,,[TX] S1:DATA:661
09:06:52.932,S2,IGNORE_REPLY,,,,,,S1:DATA:661,[IGNORE] S1:DATA:661
09:06:52.965,S1,IGNORE_POLL,,,,,,POLL:2,[IGNORE] POLL:2
09:06:52.968,S2,RX_POLL,-75,8.5,662,,655,,[RX] POLL:2 | RSSI: -75 dBm | SNR: 8.50 dB | RX#: 662
09:06:52.969,S2,TX_DATA,,,,662,,,[TX] S2:DATA:662
09:06:53.010,S1,IGNORE_REPLY,,,,,,S2:DATA:662,[IGNORE] S2:DATA:662
09:06:53.542,S2,IGNORE_POLL,,,,,,POLL:1,[IGNORE] POLL:1
09:06:53.546,S1,RX_POLL,-70,8.75,662,,655,,[RX] POLL:1 | RSSI: -70 dBm | SNR: 8.75 dB | RX#: 662
09:06:53.546,S1,TX_DATA,,,,662,,,[TX] S1:DATA:662
09:06:53.587,S2,IGNORE_REPLY,,,,,,S1:DATA:662,[IGNORE] S1:DATA:662
09:06:53.620,S1,IGNORE_POLL,,,,,,POLL:2,[IGNORE] POLL:2
09:06:53.624,S2,RX_POLL,-75,8.5,663,,655,,[RX] POLL:2 | RSSI: -75 dBm | SNR: 8.50 dB | RX#: 663
09:06:53.624,S2,TX_DATA,,,,663,,,[TX] S2:DATA:663
09:06:53.665,S1,IGNORE_REPLY,,,,,,S2:DATA:663,[IGNORE] S2:DATA:663
09:06:54.197,S2,IGNORE_POLL,,,,,,POLL:1,[IGNORE] POLL:1
09:06:54.201,S1,RX_POLL,-71,8.75,663,,655,,[RX] POLL:1 | RSSI: -71 dBm | SNR: 8.75 dB | RX#: 663
09:06:54.202,S1,TX_DATA,,,,663,,,[TX] S1:DATA:663
09:06:54.242,S2,IGNORE_REPLY,,,,,,S1:DATA:663,[IGNORE] S1:DATA:663
09:06:54.275,S1,IGNORE_POLL,,,,,,POLL:2,[IGNORE] POLL:2
09:06:54.279,S2,RX_POLL,-75,8.75,664,,655,,[RX] POLL:2 | RSSI: -75 dBm | SNR: 8.75 dB | RX#: 664
09:06:54.279,S2,TX_DATA,,,,664,,,[TX] S2:DATA:664
09:06:54.320,S1,IGNORE_REPLY,,,,,,S2:DATA:664,[IGNORE] S2:DATA:664
09:06:54.853,S2,IGNORE_POLL,,,,,,POLL:1,[IGNORE] POLL:1
09:06:54.857,S1,RX_POLL,-70,8.75,664,,655,,[RX] POLL:1 | RSSI: -70 dBm | SNR: 8.75 dB | RX#: 664
09:06:54.860,S1,TX_DATA,,,,664,,,[TX] S1:DATA:664
09:06:54.898,S2,IGNORE_REPLY,,,,,,S1:DATA:664,[IGNORE] S1:DATA:664
09:06:54.930,S1,IGNORE_POLL,,,,,,POLL:2,[IGNORE] POLL:2
09:06:54.934,S2,RX_POLL,-75,8.5,665,,655,,[RX] POLL:2 | RSSI: -75 dBm | SNR: 8.50 dB | RX#: 665
09:06:54.938,S2,TX_DATA,,,,665,,,[TX] S2:DATA:665
09:06:54.975,S1,IGNORE_REPLY,,,,,,S2:DATA:665,[IGNORE] S2:DATA:665
09:06:55.511,S2,IGNORE_POLL,,,,,,POLL:1,[IGNORE] POLL:1
09:06:55.512,S1,RX_POLL,-70,8.75,665,,655,,[RX] POLL:1 | RSSI: -70 dBm | SNR: 8.75 dB | RX#: 665
09:06:55.516,S1,TX_DATA,,,,665,,,[TX] S1:DATA:665
09:06:55.557,S2,IGNORE_REPLY,,,,,,S1:DATA:665,[IGNORE] S1:DATA:665
09:06:55.586,S1,IGNORE_POLL,,,,,,POLL:2,[IGNORE] POLL:2
09:06:55.590,S2,RX_POLL,-74,8.5,666,,655,,[RX] POLL:2 | RSSI: -74 dBm | SNR: 8.50 dB | RX#: 666
09:06:55.593,S2,TX_DATA,,,,666,,,[TX] S2:DATA:666
09:06:55.635,S1,IGNORE_REPLY,,,,,,S2:DATA:666,[IGNORE] S2:DATA:666
09:06:56.167,S2,IGNORE_POLL,,,,,,POLL:1,[IGNORE] POLL:1
09:06:56.168,S1,RX_POLL,-70,8.75,666,,656,,[RX] POLL:1 | RSSI: -70 dBm | SNR: 8.75 dB | RX#: 666
09:06:56.171,S1,TX_DATA,,,,666,,,[TX] S1:DATA:666
09:06:56.212,S2,IGNORE_REPLY,,,,,,S1:DATA:666,[IGNORE] S1:DATA:666
09:06:56.245,S1,IGNORE_POLL,,,,,,POLL:2,[IGNORE] POLL:2
09:06:56.246,S2,RX_POLL,-75,8.5,667,,656,,[RX] POLL:2 | RSSI: -75 dBm | SNR: 8.50 dB | RX#: 667
09:06:56.249,S2,TX_DATA,,,,667,,,[TX] S2:DATA:667
09:06:56.290,S1,IGNORE_REPLY,,,,,,S2:DATA:667,[IGNORE] S2:DATA:667
09:06:56.823,S2,IGNORE_POLL,,,,,,POLL:1,[IGNORE] POLL:1
09:06:56.824,S1,RX_POLL,-70,9.0,667,,656,,[RX] POLL:1 | RSSI: -70 dBm | SNR: 9.00 dB | RX#: 667
09:06:56.826,S1,TX_DATA,,,,667,,,[TX] S1:DATA:667
09:06:56.868,S2,IGNORE_REPLY,,,,,,S1:DATA:667,[IGNORE] S1:DATA:667
09:06:56.901,S1,IGNORE_POLL,,,,,,POLL:2,[IGNORE] POLL:2
09:06:56.901,S2,RX_POLL,-74,8.75,668,,656,,[RX] POLL:2 | RSSI: -74 dBm | SNR: 8.75 dB | RX#: 668
09:06:56.904,S2,TX_DATA,,,,668,,,[TX] S2:DATA:668
09:06:56.946,S1,IGNORE_REPLY,,,,,,S2:DATA:668,[IGNORE] S2:DATA:668
09:06:57.479,S2,IGNORE_POLL,,,,,,POLL:1,[IGNORE] POLL:1
09:06:57.482,S1,RX_POLL,-70,8.5,668,,658,,[RX] POLL:1 | RSSI: -70 dBm | SNR: 8.50 dB | RX#: 668
09:06:57.482,S1,TX_DATA,,,,668,,,[TX] S1:DATA:668
09:06:57.523,S2,IGNORE_REPLY,,,,,,S1:DATA:668,[IGNORE] S1:DATA:668
09:06:57.557,S1,IGNORE_POLL,,,,,,POLL:2,[IGNORE] POLL:2
09:06:57.559,S2,RX_POLL,-75,8.5,669,,658,,[RX] POLL:2 | RSSI: -75 dBm | SNR: 8.50 dB | RX#: 669
09:06:57.560,S2,TX_DATA,,,,669,,,[TX] S2:DATA:669
09:06:57.601,S1,IGNORE_REPLY,,,,,,S2:DATA:669,[IGNORE] S2:DATA:669
09:06:58.134,S2,IGNORE_POLL,,,,,,POLL:1,[IGNORE] POLL:1
09:06:58.137,S1,RX_POLL,-70,8.75,669,,655,,[RX] POLL:1 | RSSI: -70 dBm | SNR: 8.75 dB | RX#: 669
09:06:58.137,S1,TX_DATA,,,,669,,,[TX] S1:DATA:669
09:06:58.179,S2,IGNORE_REPLY,,,,,,S1:DATA:669,[IGNORE] S1:DATA:669
09:06:58.211,S1,IGNORE_POLL,,,,,,POLL:2,[IGNORE] POLL:2
09:06:58.215,S2,RX_POLL,-74,8.5,670,,655,,[RX] POLL:2 | RSSI: -74 dBm | SNR: 8.50 dB | RX#: 670
09:06:58.215,S2,TX_DATA,,,,670,,,[TX] S2:DATA:670
09:06:58.256,S1,IGNORE_REPLY,,,,,,S2:DATA:670,[IGNORE] S2:DATA:670
09:06:58.789,S2,IGNORE_POLL,,,,,,POLL:1,[IGNORE] POLL:1
09:06:58.793,S1,RX_POLL,-71,8.75,670,,655,,[RX] POLL:1 | RSSI: -71 dBm | SNR: 8.75 dB | RX#: 670
09:06:58.793,S1,TX_DATA,,,,670,,,[TX] S1:DATA:670
09:06:58.834,S2,IGNORE_REPLY,,,,,,S1:DATA:670,[IGNORE] S1:DATA:670
09:06:58.867,S1,IGNORE_POLL,,,,,,POLL:2,[IGNORE] POLL:2
09:06:58.870,S2,RX_POLL,-74,9.0,671,,655,,[RX] POLL:2 | RSSI: -74 dBm | SNR: 9.00 dB | RX#: 671
09:06:58.870,S2,TX_DATA,,,,671,,,[TX] S2:DATA:671
09:06:58.911,S1,IGNORE_REPLY,,,,,,S2:DATA:671,[IGNORE] S2:DATA:671
09:06:59.444,S2,IGNORE_POLL,,,,,,POLL:1,[IGNORE] POLL:1
09:06:59.448,S1,RX_POLL,-70,8.75,671,,655,,[RX] POLL:1 | RSSI: -70 dBm | SNR: 8.75 dB | RX#: 671
09:06:59.448,S1,TX_DATA,,,,671,,,[TX] S1:DATA:671
09:06:59.489,S2,IGNORE_REPLY,,,,,,S1:DATA:671,[IGNORE] S1:DATA:671
09:06:59.522,S1,IGNORE_POLL,,,,,,POLL:2,[IGNORE] POLL:2
09:06:59.526,S2,RX_POLL,-74,9.25,672,,655,,[RX] POLL:2 | RSSI: -74 dBm | SNR: 9.25 dB | RX#: 672
09:06:59.526,S2,TX_DATA,,,,672,,,[TX] S2:DATA:672
09:06:59.567,S1,IGNORE_REPLY,,,,,,S2:DATA:672,[IGNORE] S2:DATA:672
09:07:00.099,S2,IGNORE_POLL,,,,,,POLL:1,[IGNORE] POLL:1
09:07:00.103,S1,RX_POLL,-70,8.75,672,,655,,[RX] POLL:1 | RSSI: -70 dBm | SNR: 8.75 dB | RX#: 672
09:07:00.104,S1,TX_DATA,,,,672,,,[TX] S1:DATA:672
09:07:00.144,S2,IGNORE_REPLY,,,,,,S1:DATA:672,[IGNORE] S1:DATA:672
09:07:00.177,S1,IGNORE_POLL,,,,,,POLL:2,[IGNORE] POLL:2
09:07:00.181,S2,RX_POLL,-74,9.25,673,,656,,[RX] POLL:2 | RSSI: -74 dBm | SNR: 9.25 dB | RX#: 673
09:07:00.182,S2,TX_DATA,,,,673,,,[TX] S2:DATA:673
09:07:00.222,S1,IGNORE_REPLY,,,,,,S2:DATA:673,[IGNORE] S2:DATA:673
09:07:00.755,S2,IGNORE_POLL,,,,,,POLL:1,[IGNORE] POLL:1
09:07:00.759,S1,RX_POLL,-70,8.75,673,,655,,[RX] POLL:1 | RSSI: -70 dBm | SNR: 8.75 dB | RX#: 673
09:07:00.759,S1,TX_DATA,,,,673,,,[TX] S1:DATA:673
09:07:00.800,S2,IGNORE_REPLY,,,,,,S1:DATA:673,[IGNORE] S1:DATA:673
09:07:00.833,S1,IGNORE_POLL,,,,,,POLL:2,[IGNORE] POLL:2
09:07:00.836,S2,RX_POLL,-74,8.75,674,,655,,[RX] POLL:2 | RSSI: -74 dBm | SNR: 8.75 dB | RX#: 674
09:07:00.837,S2,TX_DATA,,,,674,,,[TX] S2:DATA:674
09:07:00.878,S1,IGNORE_REPLY,,,,,,S2:DATA:674,[IGNORE] S2:DATA:674
09:07:01.410,S2,IGNORE_POLL,,,,,,POLL:1,[IGNORE] POLL:1
09:07:01.414,S1,RX_POLL,-70,9.0,674,,656,,[RX] POLL:1 | RSSI: -70 dBm | SNR: 9.00 dB | RX#: 674
09:07:01.414,S1,TX_DATA,,,,674,,,[TX] S1:DATA:674
09:07:01.455,S2,IGNORE_REPLY,,,,,,S1:DATA:674,[IGNORE] S1:DATA:674
09:07:01.488,S1,IGNORE_POLL,,,,,,POLL:2,[IGNORE] POLL:2
09:07:01.492,S2,RX_POLL,-74,9.0,675,,655,,[RX] POLL:2 | RSSI: -74 dBm | SNR: 9.00 dB | RX#: 675
09:07:01.492,S2,TX_DATA,,,,675,,,[TX] S2:DATA:675
09:07:01.533,S1,IGNORE_REPLY,,,,,,S2:DATA:675,[IGNORE] S2:DATA:675
09:07:02.065,S2,IGNORE_POLL,,,,,,POLL:1,[IGNORE] POLL:1
09:07:02.069,S1,RX_POLL,-71,9.0,675,,655,,[RX] POLL:1 | RSSI: -71 dBm | SNR: 9.00 dB | RX#: 675
09:07:02.070,S1,TX_DATA,,,,675,,,[TX] S1:DATA:675
09:07:02.110,S2,IGNORE_REPLY,,,,,,S1:DATA:675,[IGNORE] S1:DATA:675
09:07:02.143,S1,IGNORE_POLL,,,,,,POLL:2,[IGNORE] POLL:2
09:07:02.147,S2,RX_POLL,-74,9.0,676,,656,,[RX] POLL:2 | RSSI: -74 dBm | SNR: 9.00 dB | RX#: 676
09:07:02.148,S2,TX_DATA,,,,676,,,[TX] S2:DATA:676
09:07:02.189,S1,IGNORE_REPLY,,,,,,S2:DATA:676,[IGNORE] S2:DATA:676
09:07:02.721,S2,IGNORE_POLL,,,,,,POLL:1,[IGNORE] POLL:1
09:07:02.725,S1,RX_POLL,-71,9.0,676,,655,,[RX] POLL:1 | RSSI: -71 dBm | SNR: 9.00 dB | RX#: 676
09:07:02.728,S1,TX_DATA,,,,676,,,[TX] S1:DATA:676
09:07:02.766,S2,IGNORE_REPLY,,,,,,S1:DATA:676,[IGNORE] S1:DATA:676
09:07:02.799,S1,IGNORE_POLL,,,,,,POLL:2,[IGNORE] POLL:2
09:07:02.802,S2,RX_POLL,-74,8.75,677,,655,,[RX] POLL:2 | RSSI: -74 dBm | SNR: 8.75 dB | RX#: 677
09:07:02.806,S2,TX_DATA,,,,677,,,[TX] S2:DATA:677
09:07:02.843,S1,IGNORE_REPLY,,,,,,S2:DATA:677,[IGNORE] S2:DATA:677
09:07:03.376,S2,IGNORE_POLL,,,,,,POLL:1,[IGNORE] POLL:1
09:07:03.380,S1,RX_POLL,-70,9.0,677,,655,,[RX] POLL:1 | RSSI: -70 dBm | SNR: 9.00 dB | RX#: 677
09:07:03.384,S1,TX_DATA,,,,677,,,[TX] S1:DATA:677
09:07:03.425,S2,IGNORE_REPLY,,,,,,S1:DATA:677,[IGNORE] S1:DATA:677
09:07:03.454,S1,IGNORE_POLL,,,,,,POLL:2,[IGNORE] POLL:2
09:07:03.458,S2,RX_POLL,-74,9.0,678,,655,,[RX] POLL:2 | RSSI: -74 dBm | SNR: 9.00 dB | RX#: 678
09:07:03.461,S2,TX_DATA,,,,678,,,[TX] S2:DATA:678
09:07:03.502,S1,IGNORE_REPLY,,,,,,S2:DATA:678,[IGNORE] S2:DATA:678
09:07:04.036,S2,IGNORE_POLL,,,,,,POLL:1,[IGNORE] POLL:1
09:07:04.036,S1,RX_POLL,-70,9.25,678,,656,,[RX] POLL:1 | RSSI: -70 dBm | SNR: 9.25 dB | RX#: 678
09:07:04.039,S1,TX_DATA,,,,678,,,[TX] S1:DATA:678
09:07:04.080,S2,IGNORE_REPLY,,,,,,S1:DATA:678,[IGNORE] S1:DATA:678
09:07:04.113,S1,IGNORE_POLL,,,,,,POLL:2,[IGNORE] POLL:2
09:07:04.113,S2,RX_POLL,-74,9.0,679,,656,,[RX] POLL:2 | RSSI: -74 dBm | SNR: 9.00 dB | RX#: 679
09:07:04.117,S2,TX_DATA,,,,679,,,[TX] S2:DATA:679
09:07:04.158,S1,IGNORE_REPLY,,,,,,S2:DATA:679,[IGNORE] S2:DATA:679
09:07:04.690,S2,IGNORE_POLL,,,,,,POLL:1,[IGNORE] POLL:1
09:07:04.691,S1,RX_POLL,-70,9.25,679,,655,,[RX] POLL:1 | RSSI: -70 dBm | SNR: 9.25 dB | RX#: 679
09:07:04.695,S1,TX_DATA,,,,679,,,[TX] S1:DATA:679
09:07:04.735,S2,IGNORE_REPLY,,,,,,S1:DATA:679,[IGNORE] S1:DATA:679
09:07:04.768,S1,IGNORE_POLL,,,,,,POLL:2,[IGNORE] POLL:2
09:07:04.768,S2,RX_POLL,-74,8.75,680,,655,,[RX] POLL:2 | RSSI: -74 dBm | SNR: 8.75 dB | RX#: 680
09:07:04.772,S2,TX_DATA,,,,680,,,[TX] S2:DATA:680
09:07:04.813,S1,IGNORE_REPLY,,,,,,S2:DATA:680,[IGNORE] S2:DATA:680
09:07:05.346,S2,IGNORE_POLL,,,,,,POLL:1,[IGNORE] POLL:1
09:07:05.350,S1,RX_POLL,-70,8.5,680,,659,,[RX] POLL:1 | RSSI: -70 dBm | SNR: 8.50 dB | RX#: 680
09:07:05.351,S1,TX_DATA,,,,680,,,[TX] S1:DATA:680
09:07:05.391,S2,IGNORE_REPLY,,,,,,S1:DATA:680,[IGNORE] S1:DATA:680
09:07:05.423,S1,IGNORE_POLL,,,,,,POLL:2,[IGNORE] POLL:2
09:07:05.427,S2,RX_POLL,-74,8.75,681,,659,,[RX] POLL:2 | RSSI: -74 dBm | SNR: 8.75 dB | RX#: 681
09:07:05.428,S2,TX_DATA,,,,681,,,[TX] S2:DATA:681
09:07:05.471,S1,IGNORE_REPLY,,,,,,S2:DATA:681,[IGNORE] S2:DATA:681
09:07:06.002,S2,IGNORE_POLL,,,,,,POLL:1,[IGNORE] POLL:1
09:07:06.005,S1,RX_POLL,-70,8.75,681,,655,,[RX] POLL:1 | RSSI: -70 dBm | SNR: 8.75 dB | RX#: 681
09:07:06.005,S1,TX_DATA,,,,681,,,[TX] S1:DATA:681
09:07:06.046,S2,IGNORE_REPLY,,,,,,S1:DATA:681,[IGNORE] S1:DATA:681
09:07:06.079,S1,IGNORE_POLL,,,,,,POLL:2,[IGNORE] POLL:2
09:07:06.083,S2,RX_POLL,-74,8.5,682,,655,,[RX] POLL:2 | RSSI: -74 dBm | SNR: 8.50 dB | RX#: 682
09:07:06.083,S2,TX_DATA,,,,682,,,[TX] S2:DATA:682
09:07:06.124,S1,IGNORE_REPLY,,,,,,S2:DATA:682,[IGNORE] S2:DATA:682
09:07:10.339,S2,IGNORE_POLL,,,,,,POLL:1,[IGNORE] POLL:1
09:07:10.343,S1,RX_POLL,-70,9.25,682,,4338,,[RX] POLL:1 | RSSI: -70 dBm | SNR: 9.25 dB | RX#: 682
09:07:10.343,S1,TX_DATA,,,,682,,,[TX] S1:DATA:682
09:07:10.384,S2,IGNORE_REPLY,,,,,,S1:DATA:682,[IGNORE] S1:DATA:682
09:07:10.416,S1,IGNORE_POLL,,,,,,POLL:2,[IGNORE] POLL:2
09:07:10.420,S2,RX_POLL,-76,9.25,683,,4338,,[RX] POLL:2 | RSSI: -76 dBm | SNR: 9.25 dB | RX#: 683
09:07:10.421,S2,TX_DATA,,,,683,,,[TX] S2:DATA:683
09:07:10.462,S1,IGNORE_REPLY,,,,,,S2:DATA:683,[IGNORE] S2:DATA:683
09:07:10.995,S2,IGNORE_POLL,,,,,,POLL:1,[IGNORE] POLL:1
09:07:10.998,S1,RX_POLL,-70,8.75,683,,655,,[RX] POLL:1 | RSSI: -70 dBm | SNR: 8.75 dB | RX#: 683
09:07:10.998,S1,TX_DATA,,,,683,,,[TX] S1:DATA:683
09:07:11.039,S2,IGNORE_REPLY,,,,,,S1:DATA:683,[IGNORE] S1:DATA:683
09:07:11.072,S1,IGNORE_POLL,,,,,,POLL:2,[IGNORE] POLL:2
09:07:11.076,S2,RX_POLL,-75,9.0,684,,655,,[RX] POLL:2 | RSSI: -75 dBm | SNR: 9.00 dB | RX#: 684
09:07:11.076,S2,TX_DATA,,,,684,,,[TX] S2:DATA:684
09:07:11.117,S1,IGNORE_REPLY,,,,,,S2:DATA:684,[IGNORE] S2:DATA:684
09:07:11.649,S2,IGNORE_POLL,,,,,,POLL:1,[IGNORE] POLL:1
09:07:11.653,S1,RX_POLL,-70,8.75,684,,655,,[RX] POLL:1 | RSSI: -70 dBm | SNR: 8.75 dB | RX#: 684
09:07:11.653,S1,TX_DATA,,,,684,,,[TX] S1:DATA:684
09:07:11.694,S2,IGNORE_REPLY,,,,,,S1:DATA:684,[IGNORE] S1:DATA:684
09:07:11.727,S1,IGNORE_POLL,,,,,,POLL:2,[IGNORE] POLL:2
09:07:11.731,S2,RX_POLL,-74,8.75,685,,655,,[RX] POLL:2 | RSSI: -74 dBm | SNR: 8.75 dB | RX#: 685
09:07:11.731,S2,TX_DATA,,,,685,,,[TX] S2:DATA:685
09:07:11.772,S1,IGNORE_REPLY,,,,,,S2:DATA:685,[IGNORE] S2:DATA:685
09:07:12.304,S2,IGNORE_POLL,,,,,,POLL:1,[IGNORE] POLL:1
09:07:12.309,S1,RX_POLL,-70,8.75,685,,655,,[RX] POLL:1 | RSSI: -70 dBm | SNR: 8.75 dB | RX#: 685
09:07:12.309,S1,TX_DATA,,,,685,,,[TX] S1:DATA:685
09:07:12.349,S2,IGNORE_REPLY,,,,,,S1:DATA:685,[IGNORE] S1:DATA:685
09:07:12.383,S1,IGNORE_POLL,,,,,,POLL:2,[IGNORE] POLL:2
09:07:12.386,S2,RX_POLL,-75,8.75,686,,655,,[RX] POLL:2 | RSSI: -75 dBm | SNR: 8.75 dB | RX#: 686
09:07:12.387,S2,TX_DATA,,,,686,,,[TX] S2:DATA:686
09:07:12.427,S1,IGNORE_REPLY,,,,,,S2:DATA:686,[IGNORE] S2:DATA:686
09:07:12.960,S2,IGNORE_POLL,,,,,,POLL:1,[IGNORE] POLL:1
09:07:12.964,S1,RX_POLL,-70,9.0,686,,655,,[RX] POLL:1 | RSSI: -70 dBm | SNR: 9.00 dB | RX#: 686
09:07:12.964,S1,TX_DATA,,,,686,,,[TX] S1:DATA:686
09:07:13.005,S2,IGNORE_REPLY,,,,,,S1:DATA:686,[IGNORE] S1:DATA:686
09:07:13.038,S1,IGNORE_POLL,,,,,,POLL:2,[IGNORE] POLL:2
09:07:13.042,S2,RX_POLL,-74,9.0,687,,655,,[RX] POLL:2 | RSSI: -74 dBm | SNR: 9.00 dB | RX#: 687
09:07:13.042,S2,TX_DATA,,,,687,,,[TX] S2:DATA:687
09:07:13.083,S1,IGNORE_REPLY,,,,,,S2:DATA:687,[IGNORE] S2:DATA:687
09:07:13.616,S2,IGNORE_POLL,,,,,,POLL:1,[IGNORE] POLL:1
09:07:13.619,S1,RX_POLL,-70,9.0,687,,655,,[RX] POLL:1 | RSSI: -70 dBm | SNR: 9.00 dB | RX#: 687
09:07:13.619,S1,TX_DATA,,,,687,,,[TX] S1:DATA:687
09:07:13.660,S2,IGNORE_REPLY,,,,,,S1:DATA:687,[IGNORE] S1:DATA:687
09:07:13.694,S1,IGNORE_POLL,,,,,,POLL:2,[IGNORE] POLL:2
09:07:13.697,S2,RX_POLL,-74,9.0,688,,655,,[RX] POLL:2 | RSSI: -74 dBm | SNR: 9.00 dB | RX#: 688
09:07:13.697,S2,TX_DATA,,,,688,,,[TX] S2:DATA:688
09:07:13.738,S1,IGNORE_REPLY,,,,,,S2:DATA:688,[IGNORE] S2:DATA:688
09:07:14.271,S2,IGNORE_POLL,,,,,,POLL:1,[IGNORE] POLL:1
09:07:14.274,S1,RX_POLL,-70,8.5,688,,655,,[RX] POLL:1 | RSSI: -70 dBm | SNR: 8.50 dB | RX#: 688
09:07:14.275,S1,TX_DATA,,,,688,,,[TX] S1:DATA:688
09:07:14.316,S2,IGNORE_REPLY,,,,,,S1:DATA:688,[IGNORE] S1:DATA:688
09:07:14.349,S1,IGNORE_POLL,,,,,,POLL:2,[IGNORE] POLL:2
09:07:14.352,S2,RX_POLL,-74,9.25,689,,655,,[RX] POLL:2 | RSSI: -74 dBm | SNR: 9.25 dB | RX#: 689
09:07:14.352,S2,TX_DATA,,,,689,,,[TX] S2:DATA:689
09:07:14.393,S1,IGNORE_REPLY,,,,,,S2:DATA:689,[IGNORE] S2:DATA:689
09:07:14.926,S2,IGNORE_POLL,,,,,,POLL:1,[IGNORE] POLL:1
09:07:14.930,S1,RX_POLL,-70,9.0,689,,655,,[RX] POLL:1 | RSSI: -70 dBm | SNR: 9.00 dB | RX#: 689
09:07:14.930,S1,TX_DATA,,,,689,,,[TX] S1:DATA:689
09:07:14.971,S2,IGNORE_REPLY,,,,,,S1:DATA:689,[IGNORE] S1:DATA:689
09:07:15.004,S1,IGNORE_POLL,,,,,,POLL:2,[IGNORE] POLL:2
09:07:15.005,S2,RX_POLL,-74,9.0,690,,652,,[RX] POLL:2 | RSSI: -74 dBm | SNR: 9.00 dB | RX#: 690
09:07:15.008,S2,TX_DATA,,,,690,,,[TX] S2:DATA:690
09:07:15.049,S1,IGNORE_REPLY,,,,,,S2:DATA:690,[IGNORE] S2:DATA:690
09:07:15.581,S2,IGNORE_POLL,,,,,,POLL:1,[IGNORE] POLL:1
09:07:15.586,S1,RX_POLL,-70,8.75,690,,656,,[RX] POLL:1 | RSSI: -70 dBm | SNR: 8.75 dB | RX#: 690
09:07:15.586,S1,TX_DATA,,,,690,,,[TX] S1:DATA:690
09:07:15.626,S2,IGNORE_REPLY,,,,,,S1:DATA:690,[IGNORE] S1:DATA:690
09:07:15.660,S1,IGNORE_POLL,,,,,,POLL:2,[IGNORE] POLL:2
09:07:15.663,S2,RX_POLL,-74,9.0,691,,658,,[RX] POLL:2 | RSSI: -74 dBm | SNR: 9.00 dB | RX#: 691
09:07:15.663,S2,TX_DATA,,,,691,,,[TX] S2:DATA:691
09:07:15.704,S1,IGNORE_REPLY,,,,,,S2:DATA:691,[IGNORE] S2:DATA:691
09:07:16.237,S2,IGNORE_POLL,,,,,,POLL:1,[IGNORE] POLL:1
09:07:16.240,S1,RX_POLL,-70,8.75,691,,655,,[RX] POLL:1 | RSSI: -70 dBm | SNR: 8.75 dB | RX#: 691
09:07:16.241,S1,TX_DATA,,,,691,,,[TX] S1:DATA:691
09:07:16.281,S2,IGNORE_REPLY,,,,,,S1:DATA:691,[IGNORE] S1:DATA:691
09:07:16.314,S1,IGNORE_POLL,,,,,,POLL:2,[IGNORE] POLL:2
09:07:16.318,S2,RX_POLL,-74,8.25,692,,656,,[RX] POLL:2 | RSSI: -74 dBm | SNR: 8.25 dB | RX#: 692
09:07:16.319,S2,TX_DATA,,,,692,,,[TX] S2:DATA:692
09:07:16.359,S1,IGNORE_REPLY,,,,,,S2:DATA:692,[IGNORE] S2:DATA:692
09:07:16.893,S2,IGNORE_POLL,,,,,,POLL:1,[IGNORE] POLL:1
09:07:16.896,S1,RX_POLL,-70,8.5,692,,655,,[RX] POLL:1 | RSSI: -70 dBm | SNR: 8.50 dB | RX#: 692
09:07:16.896,S1,TX_DATA,,,,692,,,[TX] S1:DATA:692
09:07:16.937,S2,IGNORE_REPLY,,,,,,S1:DATA:692,[IGNORE] S1:DATA:692
09:07:16.971,S1,IGNORE_POLL,,,,,,POLL:2,[IGNORE] POLL:2
09:07:16.974,S2,RX_POLL,-74,8.75,693,,656,,[RX] POLL:2 | RSSI: -74 dBm | SNR: 8.75 dB | RX#: 693
09:07:16.975,S2,TX_DATA,,,,693,,,[TX] S2:DATA:693
09:07:17.015,S1,IGNORE_REPLY,,,,,,S2:DATA:693,[IGNORE] S2:DATA:693
09:07:17.548,S2,IGNORE_POLL,,,,,,POLL:1,[IGNORE] POLL:1
09:07:17.551,S1,RX_POLL,-70,8.75,693,,655,,[RX] POLL:1 | RSSI: -70 dBm | SNR: 8.75 dB | RX#: 693
09:07:17.551,S1,TX_DATA,,,,693,,,[TX] S1:DATA:693
09:07:17.592,S2,IGNORE_REPLY,,,,,,S1:DATA:693,[IGNORE] S1:DATA:693
09:07:17.625,S1,IGNORE_POLL,,,,,,POLL:2,[IGNORE] POLL:2
09:07:17.629,S2,RX_POLL,-75,8.5,694,,655,,[RX] POLL:2 | RSSI: -75 dBm | SNR: 8.50 dB | RX#: 694
09:07:17.629,S2,TX_DATA,,,,694,,,[TX] S2:DATA:694
09:07:17.670,S1,IGNORE_REPLY,,,,,,S2:DATA:694,[IGNORE] S2:DATA:694
09:07:18.203,S2,IGNORE_POLL,,,,,,POLL:1,[IGNORE] POLL:1
09:07:18.207,S1,RX_POLL,-70,8.75,694,,655,,[RX] POLL:1 | RSSI: -70 dBm | SNR: 8.75 dB | RX#: 694
09:07:18.207,S1,TX_DATA,,,,694,,,[TX] S1:DATA:694
09:07:18.248,S2,IGNORE_REPLY,,,,,,S1:DATA:694,[IGNORE] S1:DATA:694
09:07:18.281,S1,IGNORE_POLL,,,,,,POLL:2,[IGNORE] POLL:2
09:07:18.284,S2,RX_POLL,-75,8.75,695,,655,,[RX] POLL:2 | RSSI: -75 dBm | SNR: 8.75 dB | RX#: 695
09:07:18.285,S2,TX_DATA,,,,695,,,[TX] S2:DATA:695
09:07:18.326,S1,IGNORE_REPLY,,,,,,S2:DATA:695,[IGNORE] S2:DATA:695
09:07:18.858,S2,IGNORE_POLL,,,,,,POLL:1,[IGNORE] POLL:1
09:07:18.862,S1,RX_POLL,-70,8.5,695,,655,,[RX] POLL:1 | RSSI: -70 dBm | SNR: 8.50 dB | RX#: 695
09:07:18.862,S1,TX_DATA,,,,695,,,[TX] S1:DATA:695
09:07:18.903,S2,IGNORE_REPLY,,,,,,S1:DATA:695,[IGNORE] S1:DATA:695
09:07:18.935,S1,IGNORE_POLL,,,,,,POLL:2,[IGNORE] POLL:2
09:07:18.940,S2,RX_POLL,-75,8.75,696,,655,,[RX] POLL:2 | RSSI: -75 dBm | SNR: 8.75 dB | RX#: 696
09:07:18.940,S2,TX_DATA,,,,696,,,[TX] S2:DATA:696
09:07:18.981,S1,IGNORE_REPLY,,,,,,S2:DATA:696,[IGNORE] S2:DATA:696
09:07:19.514,S2,IGNORE_POLL,,,,,,POLL:1,[IGNORE] POLL:1
09:07:19.517,S1,RX_POLL,-69,8.5,696,,655,,[RX] POLL:1 | RSSI: -69 dBm | SNR: 8.50 dB | RX#: 696
09:07:19.518,S1,TX_DATA,,,,696,,,[TX] S1:DATA:696
09:07:19.559,S2,IGNORE_REPLY,,,,,,S1:DATA:696,[IGNORE] S1:DATA:696
09:07:19.592,S1,IGNORE_POLL,,,,,,POLL:2,[IGNORE] POLL:2
09:07:19.595,S2,RX_POLL,-74,8.75,697,,656,,[RX] POLL:2 | RSSI: -74 dBm | SNR: 8.75 dB | RX#: 697
09:07:19.596,S2,TX_DATA,,,,697,,,[TX] S2:DATA:697
09:07:19.636,S1,IGNORE_REPLY,,,,,,S2:DATA:697,[IGNORE] S2:DATA:697
09:07:20.169,S2,IGNORE_POLL,,,,,,POLL:1,[IGNORE] POLL:1
09:07:20.173,S1,RX_POLL,-70,8.75,697,,655,,[RX] POLL:1 | RSSI: -70 dBm | SNR: 8.75 dB | RX#: 697
09:07:20.173,S1,TX_DATA,,,,697,,,[TX] S1:DATA:697
09:07:20.214,S2,IGNORE_REPLY,,,,,,S1:DATA:697,[IGNORE] S1:DATA:697
09:07:20.246,S1,IGNORE_POLL,,,,,,POLL:2,[IGNORE] POLL:2
09:07:20.250,S2,RX_POLL,-74,8.5,698,,655,,[RX] POLL:2 | RSSI: -74 dBm | SNR: 8.50 dB | RX#: 698
09:07:20.251,S2,TX_DATA,,,,698,,,[TX] S2:DATA:698
09:07:20.291,S1,IGNORE_REPLY,,,,,,S2:DATA:698,[IGNORE] S2:DATA:698
09:07:20.824,S2,IGNORE_POLL,,,,,,POLL:1,[IGNORE] POLL:1
09:07:20.828,S1,RX_POLL,-70,8.75,698,,656,,[RX] POLL:1 | RSSI: -70 dBm | SNR: 8.75 dB | RX#: 698
09:07:20.832,S1,TX_DATA,,,,698,,,[TX] S1:DATA:698
09:07:20.870,S2,IGNORE_REPLY,,,,,,S1:DATA:698,[IGNORE] S1:DATA:698
09:07:20.902,S1,IGNORE_POLL,,,,,,POLL:2,[IGNORE] POLL:2
09:07:20.906,S2,RX_POLL,-74,8.5,699,,656,,[RX] POLL:2 | RSSI: -74 dBm | SNR: 8.50 dB | RX#: 699
09:07:20.909,S2,TX_DATA,,,,699,,,[TX] S2:DATA:699
09:07:20.947,S1,IGNORE_REPLY,,,,,,S2:DATA:699,[IGNORE] S2:DATA:699
09:07:21.479,S2,IGNORE_POLL,,,,,,POLL:1,[IGNORE] POLL:1
09:07:21.483,S1,RX_POLL,-70,8.75,699,,655,,[RX] POLL:1 | RSSI: -70 dBm | SNR: 8.75 dB | RX#: 699
09:07:21.487,S1,TX_DATA,,,,699,,,[TX] S1:DATA:699
09:07:21.524,S2,IGNORE_REPLY,,,,,,S1:DATA:699,[IGNORE] S1:DATA:699
09:07:21.558,S1,IGNORE_POLL,,,,,,POLL:2,[IGNORE] POLL:2
09:07:21.561,S2,RX_POLL,-75,8.5,700,,655,,[RX] POLL:2 | RSSI: -75 dBm | SNR: 8.50 dB | RX#: 700
09:07:21.565,S2,TX_DATA,,,,700,,,[TX] S2:DATA:700
09:07:21.602,S1,IGNORE_REPLY,,,,,,S2:DATA:700,[IGNORE] S2:DATA:700
09:07:22.134,S2,IGNORE_POLL,,,,,,POLL:1,[IGNORE] POLL:1
09:07:22.139,S1,RX_POLL,-70,8.5,700,,655,,[RX] POLL:1 | RSSI: -70 dBm | SNR: 8.50 dB | RX#: 700
09:07:22.142,S1,TX_DATA,,,,700,,,[TX] S1:DATA:700
09:07:22.183,S2,IGNORE_REPLY,,,,,,S1:DATA:700,[IGNORE] S1:DATA:700
09:07:22.213,S1,IGNORE_POLL,,,,,,POLL:2,[IGNORE] POLL:2
09:07:22.216,S2,RX_POLL,-74,8.75,701,,655,,[RX] POLL:2 | RSSI: -74 dBm | SNR: 8.75 dB | RX#: 701
09:07:22.220,S2,TX_DATA,,,,701,,,[TX] S2:DATA:701
09:07:22.261,S1,IGNORE_REPLY,,,,,,S2:DATA:701,[IGNORE] S2:DATA:701
09:07:22.793,S2,IGNORE_POLL,,,,,,POLL:1,[IGNORE] POLL:1
09:07:22.794,S1,RX_POLL,-70,8.75,701,,656,,[RX] POLL:1 | RSSI: -70 dBm | SNR: 8.75 dB | RX#: 701
09:07:22.798,S1,TX_DATA,,,,701,,,[TX] S1:DATA:701
09:07:22.839,S2,IGNORE_REPLY,,,,,,S1:DATA:701,[IGNORE] S1:DATA:701
09:07:22.872,S1,IGNORE_POLL,,,,,,POLL:2,[IGNORE] POLL:2
09:07:22.872,S2,RX_POLL,-74,8.5,702,,656,,[RX] POLL:2 | RSSI: -74 dBm | SNR: 8.50 dB | RX#: 702
09:07:22.875,S2,TX_DATA,,,,702,,,[TX] S2:DATA:702
09:07:22.917,S1,IGNORE_REPLY,,,,,,S2:DATA:702,[IGNORE] S2:DATA:702
09:07:23.449,S2,IGNORE_POLL,,,,,,POLL:1,[IGNORE] POLL:1
09:07:23.449,S1,RX_POLL,-70,8.75,702,,655,,[RX] POLL:1 | RSSI: -70 dBm | SNR: 8.75 dB | RX#: 702
09:07:23.453,S1,TX_DATA,,,,702,,,[TX] S1:DATA:702
09:07:23.494,S2,IGNORE_REPLY,,,,,,S1:DATA:702,[IGNORE] S1:DATA:702
09:07:23.527,S1,IGNORE_POLL,,,,,,POLL:2,[IGNORE] POLL:2
09:07:23.527,S2,RX_POLL,-75,8.75,703,,655,,[RX] POLL:2 | RSSI: -75 dBm | SNR: 8.75 dB | RX#: 703
09:07:23.531,S2,TX_DATA,,,,703,,,[TX] S2:DATA:703
09:07:23.572,S1,IGNORE_REPLY,,,,,,S2:DATA:703,[IGNORE] S2:DATA:703
09:07:24.105,S2,IGNORE_POLL,,,,,,POLL:1,[IGNORE] POLL:1
09:07:24.108,S1,RX_POLL,-70,8.5,703,,659,,[RX] POLL:1 | RSSI: -70 dBm | SNR: 8.50 dB | RX#: 703
09:07:24.109,S1,TX_DATA,,,,703,,,[TX] S1:DATA:703
09:07:24.149,S2,IGNORE_REPLY,,,,,,S1:DATA:703,[IGNORE] S1:DATA:703
09:07:24.183,S1,IGNORE_POLL,,,,,,POLL:2,[IGNORE] POLL:2
09:07:24.183,S2,RX_POLL,-74,9.0,704,,656,,[RX] POLL:2 | RSSI: -74 dBm | SNR: 9.00 dB | RX#: 704
09:07:24.186,S2,TX_DATA,,,,704,,,[TX] S2:DATA:704
09:07:24.227,S1,IGNORE_REPLY,,,,,,S2:DATA:704,[IGNORE] S2:DATA:704
09:07:24.760,S2,IGNORE_POLL,,,,,,POLL:1,[IGNORE] POLL:1
09:07:24.764,S1,RX_POLL,-70,9.0,704,,655,,[RX] POLL:1 | RSSI: -70 dBm | SNR: 9.00 dB | RX#: 704
09:07:24.764,S1,TX_DATA,,,,704,,,[TX] S1:DATA:704
09:07:24.805,S2,IGNORE_REPLY,,,,,,S1:DATA:704,[IGNORE] S1:DATA:704
09:07:24.837,S1,IGNORE_POLL,,,,,,POLL:2,[IGNORE] POLL:2
09:07:24.838,S2,RX_POLL,-75,8.75,705,,655,,[RX] POLL:2 | RSSI: -75 dBm | SNR: 8.75 dB | RX#: 705
09:07:24.841,S2,TX_DATA,,,,705,,,[TX] S2:DATA:705
09:07:24.882,S1,IGNORE_REPLY,,,,,,S2:DATA:705,[IGNORE] S2:DATA:705
09:07:25.415,S2,IGNORE_POLL,,,,,,POLL:1,[IGNORE] POLL:1
09:07:25.416,S1,RX_POLL,-70,9.0,705,,652,,[RX] POLL:1 | RSSI: -70 dBm | SNR: 9.00 dB | RX#: 705
09:07:25.419,S1,TX_DATA,,,,705,,,[TX] S1:DATA:705
09:07:25.460,S2,IGNORE_REPLY,,,,,,S1:DATA:705,[IGNORE] S1:DATA:705
09:07:25.493,S1,IGNORE_POLL,,,,,,POLL:2,[IGNORE] POLL:2
09:07:25.493,S2,RX_POLL,-75,8.5,706,,655,,[RX] POLL:2 | RSSI: -75 dBm | SNR: 8.50 dB | RX#: 706
09:07:25.497,S2,TX_DATA,,,,706,,,[TX] S2:DATA:706
09:07:25.538,S1,IGNORE_REPLY,,,,,,S2:DATA:706,[IGNORE] S2:DATA:706
09:07:26.071,S2,IGNORE_POLL,,,,,,POLL:1,[IGNORE] POLL:1
09:07:26.071,S1,RX_POLL,-70,8.75,706,,656,,[RX] POLL:1 | RSSI: -70 dBm | SNR: 8.75 dB | RX#: 706
09:07:26.074,S1,TX_DATA,,,,706,,,[TX] S1:DATA:706
09:07:26.115,S2,IGNORE_REPLY,,,,,,S1:DATA:706,[IGNORE] S1:DATA:706
09:07:26.149,S1,IGNORE_POLL,,,,,,POLL:2,[IGNORE] POLL:2
09:07:26.149,S2,RX_POLL,-74,8.5,707,,656,,[RX] POLL:2 | RSSI: -74 dBm | SNR: 8.50 dB | RX#: 707
09:07:26.152,S2,TX_DATA,,,,707,,,[TX] S2:DATA:707
09:07:26.193,S1,IGNORE_REPLY,,,,,,S2:DATA:707,[IGNORE] S2:DATA:707
09:07:26.722,S2,IGNORE_POLL,,,,,,POLL:1,[IGNORE] POLL:1
09:07:26.726,S1,RX_POLL,-70,9.25,707,,655,,[RX] POLL:1 | RSSI: -70 dBm | SNR: 9.25 dB | RX#: 707
09:07:26.729,S1,TX_DATA,,,,707,,,[TX] S1:DATA:707
09:07:26.770,S2,IGNORE_REPLY,,,,,,S1:DATA:707,[IGNORE] S1:DATA:707
09:07:26.799,S1,IGNORE_POLL,,,,,,POLL:2,[IGNORE] POLL:2
09:07:26.804,S2,RX_POLL,-74,8.75,708,,655,,[RX] POLL:2 | RSSI: -74 dBm | SNR: 8.75 dB | RX#: 708
09:07:26.807,S2,TX_DATA,,,,708,,,[TX] S2:DATA:708
09:07:26.844,S1,IGNORE_REPLY,,,,,,S2:DATA:708,[IGNORE] S2:DATA:708
09:07:27.377,S2,IGNORE_POLL,,,,,,POLL:1,[IGNORE] POLL:1
09:07:27.381,S1,RX_POLL,-70,8.75,708,,655,,[RX] POLL:1 | RSSI: -70 dBm | SNR: 8.75 dB | RX#: 708
09:07:27.385,S1,TX_DATA,,,,708,,,[TX] S1:DATA:708
09:07:27.422,S2,IGNORE_REPLY,,,,,,S1:DATA:708,[IGNORE] S1:DATA:708
09:07:27.455,S1,IGNORE_POLL,,,,,,POLL:2,[IGNORE] POLL:2
09:07:27.459,S2,RX_POLL,-74,9.0,709,,655,,[RX] POLL:2 | RSSI: -74 dBm | SNR: 9.00 dB | RX#: 709
09:07:27.459,S2,TX_DATA,,,,709,,,[TX] S2:DATA:709
09:07:27.500,S1,IGNORE_REPLY,,,,,,S2:DATA:709,[IGNORE] S2:DATA:709
09:07:28.033,S2,IGNORE_POLL,,,,,,POLL:1,[IGNORE] POLL:1
09:07:28.036,S1,RX_POLL,-70,9.0,709,,655,,[RX] POLL:1 | RSSI: -70 dBm | SNR: 9.00 dB | RX#: 709
09:07:28.040,S1,TX_DATA,,,,709,,,[TX] S1:DATA:709
09:07:28.078,S2,IGNORE_REPLY,,,,,,S1:DATA:709,[IGNORE] S1:DATA:709
09:07:28.111,S1,IGNORE_POLL,,,,,,POLL:2,[IGNORE] POLL:2
09:07:28.114,S2,RX_POLL,-75,8.5,710,,655,,[RX] POLL:2 | RSSI: -75 dBm | SNR: 8.50 dB | RX#: 710
09:07:28.115,S2,TX_DATA,,,,710,,,[TX] S2:DATA:710
09:07:28.155,S1,IGNORE_REPLY,,,,,,S2:DATA:710,[IGNORE] S2:DATA:710
09:07:28.688,S2,IGNORE_POLL,,,,,,POLL:1,[IGNORE] POLL:1
09:07:28.692,S1,RX_POLL,-70,8.75,710,,655,,[RX] POLL:1 | RSSI: -70 dBm | SNR: 8.75 dB | RX#: 710
09:07:28.692,S1,TX_DATA,,,,710,,,[TX] S1:DATA:710
09:07:28.733,S2,IGNORE_REPLY,,,,,,S1:DATA:710,[IGNORE] S1:DATA:710
09:07:28.765,S1,IGNORE_POLL,,,,,,POLL:2,[IGNORE] POLL:2
09:07:28.770,S2,RX_POLL,-74,9.0,711,,655,,[RX] POLL:2 | RSSI: -74 dBm | SNR: 9.00 dB | RX#: 711
09:07:28.770,S2,TX_DATA,,,,711,,,[TX] S2:DATA:711
09:07:28.811,S1,IGNORE_REPLY,,,,,,S2:DATA:711,[IGNORE] S2:DATA:711
09:07:29.343,S2,IGNORE_POLL,,,,,,POLL:1,[IGNORE] POLL:1
09:07:29.347,S1,RX_POLL,-70,9.0,711,,655,,[RX] POLL:1 | RSSI: -70 dBm | SNR: 9.00 dB | RX#: 711
09:07:29.347,S1,TX_DATA,,,,711,,,[TX] S1:DATA:711
09:07:29.389,S2,IGNORE_REPLY,,,,,,S1:DATA:711,[IGNORE] S1:DATA:711
09:07:29.422,S1,IGNORE_POLL,,,,,,POLL:2,[IGNORE] POLL:2
09:07:29.425,S2,RX_POLL,-74,8.5,712,,656,,[RX] POLL:2 | RSSI: -74 dBm | SNR: 8.50 dB | RX#: 712
09:07:29.426,S2,TX_DATA,,,,712,,,[TX] S2:DATA:712
09:07:29.466,S1,IGNORE_REPLY,,,,,,S2:DATA:712,[IGNORE] S2:DATA:712
09:07:29.998,S2,IGNORE_POLL,,,,,,POLL:1,[IGNORE] POLL:1
09:07:30.002,S1,RX_POLL,-70,8.75,712,,655,,[RX] POLL:1 | RSSI: -70 dBm | SNR: 8.75 dB | RX#: 712
09:07:30.003,S1,TX_DATA,,,,712,,,[TX] S1:DATA:712
09:07:30.043,S2,IGNORE_REPLY,,,,,,S1:DATA:712,[IGNORE] S1:DATA:712
09:07:30.076,S1,IGNORE_POLL,,,,,,POLL:2,[IGNORE] POLL:2
09:07:30.080,S2,RX_POLL,-75,8.25,713,,655,,[RX] POLL:2 | RSSI: -75 dBm | SNR: 8.25 dB | RX#: 713
09:07:30.081,S2,TX_DATA,,,,713,,,[TX] S2:DATA:713
09:07:30.121,S1,IGNORE_REPLY,,,,,,S2:DATA:713,[IGNORE] S2:DATA:713
09:07:30.654,S2,IGNORE_POLL,,,,,,POLL:1,[IGNORE] POLL:1
09:07:30.658,S1,RX_POLL,-70,8.75,713,,655,,[RX] POLL:1 | RSSI: -70 dBm | SNR: 8.75 dB | RX#: 713
09:07:30.658,S1,TX_DATA,,,,713,,,[TX] S1:DATA:713
09:07:30.699,S2,IGNORE_REPLY,,,,,,S1:DATA:713,[IGNORE] S1:DATA:713
09:07:30.732,S1,IGNORE_POLL,,,,,,POLL:2,[IGNORE] POLL:2
09:07:30.736,S2,RX_POLL,-74,8.75,714,,655,,[RX] POLL:2 | RSSI: -74 dBm | SNR: 8.75 dB | RX#: 714
09:07:30.736,S2,TX_DATA,,,,714,,,[TX] S2:DATA:714
09:07:30.777,S1,IGNORE_REPLY,,,,,,S2:DATA:714,[IGNORE] S2:DATA:714
09:07:31.309,S2,IGNORE_POLL,,,,,,POLL:1,[IGNORE] POLL:1
09:07:31.313,S1,RX_POLL,-67,8.0,714,,655,,[RX] POLL:1 | RSSI: -67 dBm | SNR: 8.00 dB | RX#: 714
09:07:31.317,S1,TX_DATA,,,,714,,,[TX] S1:DATA:714
09:07:31.354,S2,IGNORE_REPLY,,,,,,S1:DATA:714,[IGNORE] S1:DATA:714
09:07:31.387,S1,IGNORE_POLL,,,,,,POLL:2,[IGNORE] POLL:2
09:07:31.391,S2,RX_POLL,-75,8.75,715,,655,,[RX] POLL:2 | RSSI: -75 dBm | SNR: 8.75 dB | RX#: 715
09:07:31.391,S2,TX_DATA,,,,715,,,[TX] S2:DATA:715
09:07:31.437,S1,IGNORE_REPLY,,,,,,S2:DATA:715,[IGNORE] S2:DATA:715
09:07:31.965,S2,IGNORE_POLL,,,,,,POLL:1,[IGNORE] POLL:1
09:07:31.968,S1,RX_POLL,-70,9.25,715,,656,,[RX] POLL:1 | RSSI: -70 dBm | SNR: 9.25 dB | RX#: 715
09:07:31.972,S1,TX_DATA,,,,715,,,[TX] S1:DATA:715
09:07:32.010,S2,IGNORE_REPLY,,,,,,S1:DATA:715,[IGNORE] S1:DATA:715
09:07:32.042,S1,IGNORE_POLL,,,,,,POLL:2,[IGNORE] POLL:2
09:07:32.046,S2,RX_POLL,-74,9.0,716,,655,,[RX] POLL:2 | RSSI: -74 dBm | SNR: 9.00 dB | RX#: 716
09:07:32.050,S2,TX_DATA,,,,716,,,[TX] S2:DATA:716
09:07:32.087,S1,IGNORE_REPLY,,,,,,S2:DATA:716,[IGNORE] S2:DATA:716
09:07:32.620,S2,IGNORE_POLL,,,,,,POLL:1,[IGNORE] POLL:1
09:07:32.624,S1,RX_POLL,-71,9.0,716,,655,,[RX] POLL:1 | RSSI: -71 dBm | SNR: 9.00 dB | RX#: 716
09:07:32.627,S1,TX_DATA,,,,716,,,[TX] S1:DATA:716
09:07:32.668,S2,IGNORE_REPLY,,,,,,S1:DATA:716,[IGNORE] S1:DATA:716
09:07:32.701,S1,IGNORE_POLL,,,,,,POLL:2,[IGNORE] POLL:2
09:07:32.702,S2,RX_POLL,-74,9.0,717,,655,,[RX] POLL:2 | RSSI: -74 dBm | SNR: 9.00 dB | RX#: 717
09:07:32.709,S2,TX_DATA,,,,717,,,[TX] S2:DATA:717
09:07:32.746,S1,IGNORE_REPLY,,,,,,S2:DATA:717,[IGNORE] S2:DATA:717
09:07:33.279,S2,IGNORE_POLL,,,,,,POLL:1,[IGNORE] POLL:1
09:07:33.279,S1,RX_POLL,-67,8.5,717,,656,,[RX] POLL:1 | RSSI: -67 dBm | SNR: 8.50 dB | RX#: 717
09:07:33.283,S1,TX_DATA,,,,717,,,[TX] S1:DATA:717
09:07:33.324,S2,IGNORE_REPLY,,,,,,S1:DATA:717,[IGNORE] S1:DATA:717
09:07:33.357,S1,IGNORE_POLL,,,,,,POLL:2,[IGNORE] POLL:2
09:07:33.358,S2,RX_POLL,-74,9.0,718,,656,,[RX] POLL:2 | RSSI: -74 dBm | SNR: 9.00 dB | RX#: 718
09:07:33.361,S2,TX_DATA,,,,718,,,[TX] S2:DATA:718
09:07:33.402,S1,IGNORE_REPLY,,,,,,S2:DATA:718,[IGNORE] S2:DATA:718
09:07:33.934,S2,IGNORE_POLL,,,,,,POLL:1,[IGNORE] POLL:1
09:07:33.935,S1,RX_POLL,-70,8.75,718,,655,,[RX] POLL:1 | RSSI: -70 dBm | SNR: 8.75 dB | RX#: 718
09:07:33.938,S1,TX_DATA,,,,718,,,[TX] S1:DATA:718
09:07:33.981,S2,IGNORE_REPLY,,,,,,S1:DATA:718,[IGNORE] S1:DATA:718
09:07:34.012,S1,IGNORE_POLL,,,,,,POLL:2,[IGNORE] POLL:2
09:07:34.013,S2,RX_POLL,-74,9.0,719,,655,,[RX] POLL:2 | RSSI: -74 dBm | SNR: 9.00 dB | RX#: 719
09:07:34.016,S2,TX_DATA,,,,719,,,[TX] S2:DATA:719
09:07:34.057,S1,IGNORE_REPLY,,,,,,S2:DATA:719,[IGNORE] S2:DATA:719
09:07:34.590,S2,IGNORE_POLL,,,,,,POLL:1,[IGNORE] POLL:1
09:07:34.590,S1,RX_POLL,-71,9.0,719,,656,,[RX] POLL:1 | RSSI: -71 dBm | SNR: 9.00 dB | RX#: 719
09:07:34.593,S1,TX_DATA,,,,719,,,[TX] S1:DATA:719
09:07:34.635,S2,IGNORE_REPLY,,,,,,S1:DATA:719,[IGNORE] S1:DATA:719
09:07:34.667,S1,IGNORE_POLL,,,,,,POLL:2,[IGNORE] POLL:2
09:07:34.668,S2,RX_POLL,-74,8.75,720,,656,,[RX] POLL:2 | RSSI: -74 dBm | SNR: 8.75 dB | RX#: 720
09:07:34.671,S2,TX_DATA,,,,720,,,[TX] S2:DATA:720
09:07:34.712,S1,IGNORE_REPLY,,,,,,S2:DATA:720,[IGNORE] S2:DATA:720
09:07:35.245,S2,IGNORE_POLL,,,,,,POLL:1,[IGNORE] POLL:1
09:07:35.253,S1,RX_POLL,-70,8.75,720,,663,,[RX] POLL:1 | RSSI: -70 dBm | SNR: 8.75 dB | RX#: 720
09:07:35.253,S1,TX_DATA,,,,720,,,[TX] S1:DATA:720
09:07:35.290,S2,IGNORE_REPLY,,,,,,S1:DATA:720,[IGNORE] S1:DATA:720
09:07:35.322,S1,IGNORE_POLL,,,,,,POLL:2,[IGNORE] POLL:2
09:07:35.323,S2,RX_POLL,-74,9.0,721,,655,,[RX] POLL:2 | RSSI: -74 dBm | SNR: 9.00 dB | RX#: 721
09:07:35.327,S2,TX_DATA,,,,721,,,[TX] S2:DATA:721
09:07:35.368,S1,IGNORE_REPLY,,,,,,S2:DATA:721,[IGNORE] S2:DATA:721
09:07:35.900,S2,IGNORE_POLL,,,,,,POLL:1,[IGNORE] POLL:1
09:07:35.904,S1,RX_POLL,-70,9.0,721,,651,,[RX] POLL:1 | RSSI: -70 dBm | SNR: 9.00 dB | RX#: 721
09:07:35.904,S1,TX_DATA,,,,721,,,[TX] S1:DATA:721
09:07:35.945,S2,IGNORE_REPLY,,,,,,S1:DATA:721,[IGNORE] S1:DATA:721
09:07:35.978,S1,IGNORE_POLL,,,,,,POLL:2,[IGNORE] POLL:2
09:07:35.982,S2,RX_POLL,-74,9.0,722,,659,,[RX] POLL:2 | RSSI: -74 dBm | SNR: 9.00 dB | RX#: 722
09:07:35.982,S2,TX_DATA,,,,722,,,[TX] S2:DATA:722
09:07:36.023,S1,IGNORE_REPLY,,,,,,S2:DATA:722,[IGNORE] S2:DATA:722
09:07:36.556,S2,IGNORE_POLL,,,,,,POLL:1,[IGNORE] POLL:1
09:07:36.559,S1,RX_POLL,-70,9.0,722,,655,,[RX] POLL:1 | RSSI: -70 dBm | SNR: 9.00 dB | RX#: 722
09:07:36.560,S1,TX_DATA,,,,722,,,[TX] S1:DATA:722
09:07:36.601,S2,IGNORE_REPLY,,,,,,S1:DATA:722,[IGNORE] S1:DATA:722
09:07:36.633,S1,IGNORE_POLL,,,,,,POLL:2,[IGNORE] POLL:2
09:07:36.638,S2,RX_POLL,-74,9.25,723,,656,,[RX] POLL:2 | RSSI: -74 dBm | SNR: 9.25 dB | RX#: 723
09:07:36.638,S2,TX_DATA,,,,723,,,[TX] S2:DATA:723
09:07:36.678,S1,IGNORE_REPLY,,,,,,S2:DATA:723,[IGNORE] S2:DATA:723
09:07:37.211,S2,IGNORE_POLL,,,,,,POLL:1,[IGNORE] POLL:1
09:07:37.215,S1,RX_POLL,-70,8.75,723,,655,,[RX] POLL:1 | RSSI: -70 dBm | SNR: 8.75 dB | RX#: 723
09:07:37.215,S1,TX_DATA,,,,723,,,[TX] S1:DATA:723
09:07:37.256,S2,IGNORE_REPLY,,,,,,S1:DATA:723,[IGNORE] S1:DATA:723
09:07:37.289,S1,IGNORE_POLL,,,,,,POLL:2,[IGNORE] POLL:2
09:07:37.293,S2,RX_POLL,-74,8.75,724,,655,,[RX] POLL:2 | RSSI: -74 dBm | SNR: 8.75 dB | RX#: 724
09:07:37.293,S2,TX_DATA,,,,724,,,[TX] S2:DATA:724
09:07:37.334,S1,IGNORE_REPLY,,,,,,S2:DATA:724,[IGNORE] S2:DATA:724
09:07:37.867,S2,IGNORE_POLL,,,,,,POLL:1,[IGNORE] POLL:1
09:07:37.870,S1,RX_POLL,-70,9.0,724,,655,,[RX] POLL:1 | RSSI: -70 dBm | SNR: 9.00 dB | RX#: 724
09:07:37.870,S1,TX_DATA,,,,724,,,[TX] S1:DATA:724
09:07:37.911,S2,IGNORE_REPLY,,,,,,S1:DATA:724,[IGNORE] S1:DATA:724
09:07:37.944,S1,IGNORE_POLL,,,,,,POLL:2,[IGNORE] POLL:2
09:07:37.948,S2,RX_POLL,-74,9.0,725,,655,,[RX] POLL:2 | RSSI: -74 dBm | SNR: 9.00 dB | RX#: 725
09:07:37.948,S2,TX_DATA,,,,725,,,[TX] S2:DATA:725
09:07:37.989,S1,IGNORE_REPLY,,,,,,S2:DATA:725,[IGNORE] S2:DATA:725
09:07:38.522,S2,IGNORE_POLL,,,,,,POLL:1,[IGNORE] POLL:1
09:07:38.525,S1,RX_POLL,-70,9.25,725,,655,,[RX] POLL:1 | RSSI: -70 dBm | SNR: 9.25 dB | RX#: 725
09:07:38.526,S1,TX_DATA,,,,725,,,[TX] S1:DATA:725
09:07:38.567,S2,IGNORE_REPLY,,,,,,S1:DATA:725,[IGNORE] S1:DATA:725
09:07:38.600,S1,IGNORE_POLL,,,,,,POLL:2,[IGNORE] POLL:2
09:07:38.603,S2,RX_POLL,-74,9.0,726,,655,,[RX] POLL:2 | RSSI: -74 dBm | SNR: 9.00 dB | RX#: 726
09:07:38.604,S2,TX_DATA,,,,726,,,[TX] S2:DATA:726
09:07:38.645,S1,IGNORE_REPLY,,,,,,S2:DATA:726,[IGNORE] S2:DATA:726
09:07:39.178,S2,IGNORE_POLL,,,,,,POLL:1,[IGNORE] POLL:1
09:07:39.181,S1,RX_POLL,-70,8.75,726,,655,,[RX] POLL:1 | RSSI: -70 dBm | SNR: 8.75 dB | RX#: 726
09:07:39.181,S1,TX_DATA,,,,726,,,[TX] S1:DATA:726
09:07:39.222,S2,IGNORE_REPLY,,,,,,S1:DATA:726,[IGNORE] S1:DATA:726
09:07:39.255,S1,IGNORE_POLL,,,,,,POLL:2,[IGNORE] POLL:2
09:07:39.259,S2,RX_POLL,-74,8.75,727,,655,,[RX] POLL:2 | RSSI: -74 dBm | SNR: 8.75 dB | RX#: 727
09:07:39.259,S2,TX_DATA,,,,727,,,[TX] S2:DATA:727
09:07:39.300,S1,IGNORE_REPLY,,,,,,S2:DATA:727,[IGNORE] S2:DATA:727
09:07:39.833,S2,IGNORE_POLL,,,,,,POLL:1,[IGNORE] POLL:1
09:07:39.836,S1,RX_POLL,-70,8.75,727,,655,,[RX] POLL:1 | RSSI: -70 dBm | SNR: 8.75 dB | RX#: 727
09:07:39.836,S1,TX_DATA,,,,727,,,[TX] S1:DATA:727
09:07:39.877,S2,IGNORE_REPLY,,,,,,S1:DATA:727,[IGNORE] S1:DATA:727
09:07:39.910,S1,IGNORE_POLL,,,,,,POLL:2,[IGNORE] POLL:2
09:07:39.914,S2,RX_POLL,-74,8.75,728,,656,,[RX] POLL:2 | RSSI: -74 dBm | SNR: 8.75 dB | RX#: 728
09:07:39.915,S2,TX_DATA,,,,728,,,[TX] S2:DATA:728
09:07:39.955,S1,IGNORE_REPLY,,,,,,S2:DATA:728,[IGNORE] S2:DATA:728
09:07:40.488,S2,IGNORE_POLL,,,,,,POLL:1,[IGNORE] POLL:1
09:07:40.491,S1,RX_POLL,-70,9.25,728,,655,,[RX] POLL:1 | RSSI: -70 dBm | SNR: 9.25 dB | RX#: 728
09:07:40.492,S1,TX_DATA,,,,728,,,[TX] S1:DATA:728
09:07:40.533,S2,IGNORE_REPLY,,,,,,S1:DATA:728,[IGNORE] S1:DATA:728
09:07:40.565,S1,IGNORE_POLL,,,,,,POLL:2,[IGNORE] POLL:2
09:07:40.569,S2,RX_POLL,-74,8.75,729,,655,,[RX] POLL:2 | RSSI: -74 dBm | SNR: 8.75 dB | RX#: 729
09:07:40.570,S2,TX_DATA,,,,729,,,[TX] S2:DATA:729
09:07:40.610,S1,IGNORE_REPLY,,,,,,S2:DATA:729,[IGNORE] S2:DATA:729
09:07:41.143,S2,IGNORE_POLL,,,,,,POLL:1,[IGNORE] POLL:1
09:07:41.147,S1,RX_POLL,-70,8.75,729,,655,,[RX] POLL:1 | RSSI: -70 dBm | SNR: 8.75 dB | RX#: 729
09:07:41.147,S1,TX_DATA,,,,729,,,[TX] S1:DATA:729
09:07:41.188,S2,IGNORE_REPLY,,,,,,S1:DATA:729,[IGNORE] S1:DATA:729
09:07:41.220,S1,IGNORE_POLL,,,,,,POLL:2,[IGNORE] POLL:2
09:07:41.225,S2,RX_POLL,-74,8.75,730,,655,,[RX] POLL:2 | RSSI: -74 dBm | SNR: 8.75 dB | RX#: 730
09:07:41.225,S2,TX_DATA,,,,730,,,[TX] S2:DATA:730
09:07:41.266,S1,IGNORE_REPLY,,,,,,S2:DATA:730,[IGNORE] S2:DATA:730
09:07:41.798,S2,IGNORE_POLL,,,,,,POLL:1,[IGNORE] POLL:1
09:07:41.802,S1,RX_POLL,-70,9.0,730,,655,,[RX] POLL:1 | RSSI: -70 dBm | SNR: 9.00 dB | RX#: 730
09:07:41.802,S1,TX_DATA,,,,730,,,[TX] S1:DATA:730
09:07:41.843,S2,IGNORE_REPLY,,,,,,S1:DATA:730,[IGNORE] S1:DATA:730
09:07:41.876,S1,IGNORE_POLL,,,,,,POLL:2,[IGNORE] POLL:2
09:07:41.880,S2,RX_POLL,-74,9.0,731,,655,,[RX] POLL:2 | RSSI: -74 dBm | SNR: 9.00 dB | RX#: 731
09:07:41.880,S2,TX_DATA,,,,731,,,[TX] S2:DATA:731
09:07:41.922,S1,IGNORE_REPLY,,,,,,S2:DATA:731,[IGNORE] S2:DATA:731
09:07:42.454,S2,IGNORE_POLL,,,,,,POLL:1,[IGNORE] POLL:1
09:07:42.458,S1,RX_POLL,-70,9.0,731,,655,,[RX] POLL:1 | RSSI: -70 dBm | SNR: 9.00 dB | RX#: 731
09:07:42.458,S1,TX_DATA,,,,731,,,[TX] S1:DATA:731
09:07:42.499,S2,IGNORE_REPLY,,,,,,S1:DATA:731,[IGNORE] S1:DATA:731
09:07:42.532,S1,IGNORE_POLL,,,,,,POLL:2,[IGNORE] POLL:2
09:07:42.536,S2,RX_POLL,-74,9.5,732,,656,,[RX] POLL:2 | RSSI: -74 dBm | SNR: 9.50 dB | RX#: 732
09:07:42.537,S2,TX_DATA,,,,732,,,[TX] S2:DATA:732
09:07:42.576,S1,IGNORE_REPLY,,,,,,S2:DATA:732,[IGNORE] S2:DATA:732
09:07:43.109,S2,IGNORE_POLL,,,,,,POLL:1,[IGNORE] POLL:1
09:07:43.113,S1,RX_POLL,-70,9.0,732,,655,,[RX] POLL:1 | RSSI: -70 dBm | SNR: 9.00 dB | RX#: 732
09:07:43.117,S1,TX_DATA,,,,732,,,[TX] S1:DATA:732
09:07:43.154,S2,IGNORE_REPLY,,,,,,S1:DATA:732,[IGNORE] S1:DATA:732
09:07:43.186,S1,IGNORE_POLL,,,,,,POLL:2,[IGNORE] POLL:2
09:07:43.191,S2,RX_POLL,-74,9.0,733,,655,,[RX] POLL:2 | RSSI: -74 dBm | SNR: 9.00 dB | RX#: 733
09:07:43.191,S2,TX_DATA,,,,733,,,[TX] S2:DATA:733
09:07:43.232,S1,IGNORE_REPLY,,,,,,S2:DATA:733,[IGNORE] S2:DATA:733
09:07:43.764,S2,IGNORE_POLL,,,,,,POLL:1,[IGNORE] POLL:1
09:07:43.768,S1,RX_POLL,-70,8.5,733,,655,,[RX] POLL:1 | RSSI: -70 dBm | SNR: 8.50 dB | RX#: 733
09:07:43.772,S1,TX_DATA,,,,733,,,[TX] S1:DATA:733
09:07:43.809,S2,IGNORE_REPLY,,,,,,S1:DATA:733,[IGNORE] S1:DATA:733
09:07:43.842,S1,IGNORE_POLL,,,,,,POLL:2,[IGNORE] POLL:2
09:07:43.846,S2,RX_POLL,-74,9.0,734,,655,,[RX] POLL:2 | RSSI: -74 dBm | SNR: 9.00 dB | RX#: 734
09:07:43.850,S2,TX_DATA,,,,734,,,[TX] S2:DATA:734
09:07:43.887,S1,IGNORE_REPLY,,,,,,S2:DATA:734,[IGNORE] S2:DATA:734
09:07:44.419,S2,IGNORE_POLL,,,,,,POLL:1,[IGNORE] POLL:1
09:07:44.424,S1,RX_POLL,-70,9.0,734,,655,,[RX] POLL:1 | RSSI: -70 dBm | SNR: 9.00 dB | RX#: 734
09:07:44.427,S1,TX_DATA,,,,734,,,[TX] S1:DATA:734
09:07:44.465,S2,IGNORE_REPLY,,,,,,S1:DATA:734,[IGNORE] S1:DATA:734
09:07:44.498,S1,IGNORE_POLL,,,,,,POLL:2,[IGNORE] POLL:2
09:07:44.502,S2,RX_POLL,-74,8.75,735,,656,,[RX] POLL:2 | RSSI: -74 dBm | SNR: 8.75 dB | RX#: 735
09:07:44.505,S2,TX_DATA,,,,735,,,[TX] S2:DATA:735
09:07:44.542,S1,IGNORE_REPLY,,,,,,S2:DATA:735,[IGNORE] S2:DATA:735
09:07:45.076,S2,IGNORE_POLL,,,,,,POLL:1,[IGNORE] POLL:1
09:07:45.079,S1,RX_POLL,-70,9.0,735,,656,,[RX] POLL:1 | RSSI: -70 dBm | SNR: 9.00 dB | RX#: 735
09:07:45.083,S1,TX_DATA,,,,735,,,[TX] S1:DATA:735
09:07:45.124,S2,IGNORE_REPLY,,,,,,S1:DATA:735,[IGNORE] S1:DATA:735
09:07:45.156,S1,IGNORE_POLL,,,,,,POLL:2,[IGNORE] POLL:2
09:07:45.157,S2,RX_POLL,-74,9.0,736,,655,,[RX] POLL:2 | RSSI: -74 dBm | SNR: 9.00 dB | RX#: 736
09:07:45.161,S2,TX_DATA,,,,736,,,[TX] S2:DATA:736
09:07:45.201,S1,IGNORE_REPLY,,,,,,S2:DATA:736,[IGNORE] S2:DATA:736
09:07:45.735,S2,IGNORE_POLL,,,,,,POLL:1,[IGNORE] POLL:1
09:07:45.735,S1,RX_POLL,-70,8.75,736,,655,,[RX] POLL:1 | RSSI: -70 dBm | SNR: 8.75 dB | RX#: 736
09:07:45.738,S1,TX_DATA,,,,736,,,[TX] S1:DATA:736
09:07:45.779,S2,IGNORE_REPLY,,,,,,S1:DATA:736,[IGNORE] S1:DATA:736
09:07:45.812,S1,IGNORE_POLL,,,,,,POLL:2,[IGNORE] POLL:2
09:07:45.812,S2,RX_POLL,-74,9.25,737,,655,,[RX] POLL:2 | RSSI: -74 dBm | SNR: 9.25 dB | RX#: 737
09:07:45.816,S2,TX_DATA,,,,737,,,[TX] S2:DATA:737
09:07:45.857,S1,IGNORE_REPLY,,,,,,S2:DATA:737,[IGNORE] S2:DATA:737
09:07:46.389,S2,IGNORE_POLL,,,,,,POLL:1,[IGNORE] POLL:1
09:07:46.390,S1,RX_POLL,-70,8.5,737,,655,,[RX] POLL:1 | RSSI: -70 dBm | SNR: 8.50 dB | RX#: 737
09:07:46.393,S1,TX_DATA,,,,737,,,[TX] S1:DATA:737
09:07:46.434,S2,IGNORE_REPLY,,,,,,S1:DATA:737,[IGNORE] S1:DATA:737
09:07:46.467,S1,IGNORE_POLL,,,,,,POLL:2,[IGNORE] POLL:2
09:07:46.468,S2,RX_POLL,-74,9.0,738,,655,,[RX] POLL:2 | RSSI: -74 dBm | SNR: 9.00 dB | RX#: 738
09:07:46.471,S2,TX_DATA,,,,738,,,[TX] S2:DATA:738
09:07:46.512,S1,IGNORE_REPLY,,,,,,S2:DATA:738,[IGNORE] S2:DATA:738
09:07:47.045,S2,IGNORE_POLL,,,,,,POLL:1,[IGNORE] POLL:1
09:07:47.045,S1,RX_POLL,-70,9.0,738,,656,,[RX] POLL:1 | RSSI: -70 dBm | SNR: 9.00 dB | RX#: 738
09:07:47.049,S1,TX_DATA,,,,738,,,[TX] S1:DATA:738
09:07:47.090,S2,IGNORE_REPLY,,,,,,S1:DATA:738,[IGNORE] S1:DATA:738
09:07:47.122,S1,IGNORE_POLL,,,,,,POLL:2,[IGNORE] POLL:2
09:07:47.123,S2,RX_POLL,-74,9.25,739,,655,,[RX] POLL:2 | RSSI: -74 dBm | SNR: 9.25 dB | RX#: 739
09:07:47.127,S2,TX_DATA,,,,739,,,[TX] S2:DATA:739
09:07:47.167,S1,IGNORE_REPLY,,,,,,S2:DATA:739,[IGNORE] S2:DATA:739
09:07:47.700,S2,IGNORE_POLL,,,,,,POLL:1,[IGNORE] POLL:1
09:07:47.704,S1,RX_POLL,-70,9.0,739,,659,,[RX] POLL:1 | RSSI: -70 dBm | SNR: 9.00 dB | RX#: 739
09:07:47.705,S1,TX_DATA,,,,739,,,[TX] S1:DATA:739
09:07:47.745,S2,IGNORE_REPLY,,,,,,S1:DATA:739,[IGNORE] S1:DATA:739
09:07:47.778,S1,IGNORE_POLL,,,,,,POLL:2,[IGNORE] POLL:2
09:07:47.778,S2,RX_POLL,-74,8.75,740,,655,,[RX] POLL:2 | RSSI: -74 dBm | SNR: 8.75 dB | RX#: 740
09:07:47.783,S2,TX_DATA,,,,740,,,[TX] S2:DATA:740
09:07:47.824,S1,IGNORE_REPLY,,,,,,S2:DATA:740,[IGNORE] S2:DATA:740
09:07:48.356,S2,IGNORE_POLL,,,,,,POLL:1,[IGNORE] POLL:1
09:07:48.359,S1,RX_POLL,-70,9.0,740,,655,,[RX] POLL:1 | RSSI: -70 dBm | SNR: 9.00 dB | RX#: 740
09:07:48.359,S1,TX_DATA,,,,740,,,[TX] S1:DATA:740
09:07:48.400,S2,IGNORE_REPLY,,,,,,S1:DATA:740,[IGNORE] S1:DATA:740
09:07:48.434,S1,IGNORE_POLL,,,,,,POLL:2,[IGNORE] POLL:2
09:07:48.437,S2,RX_POLL,-74,9.25,741,,659,,[RX] POLL:2 | RSSI: -74 dBm | SNR: 9.25 dB | RX#: 741
09:07:48.438,S2,TX_DATA,,,,741,,,[TX] S2:DATA:741
09:07:48.478,S1,IGNORE_REPLY,,,,,,S2:DATA:741,[IGNORE] S2:DATA:741
09:07:49.011,S2,IGNORE_POLL,,,,,,POLL:1,[IGNORE] POLL:1
09:07:49.015,S1,RX_POLL,-70,9.0,741,,655,,[RX] POLL:1 | RSSI: -70 dBm | SNR: 9.00 dB | RX#: 741
09:07:49.015,S1,TX_DATA,,,,741,,,[TX] S1:DATA:741
09:07:49.056,S2,IGNORE_REPLY,,,,,,S1:DATA:741,[IGNORE] S1:DATA:741
09:07:49.089,S1,IGNORE_POLL,,,,,,POLL:2,[IGNORE] POLL:2
09:07:49.093,S2,RX_POLL,-74,9.25,742,,655,,[RX] POLL:2 | RSSI: -74 dBm | SNR: 9.25 dB | RX#: 742
09:07:49.093,S2,TX_DATA,,,,742,,,[TX] S2:DATA:742
09:07:49.134,S1,IGNORE_REPLY,,,,,,S2:DATA:742,[IGNORE] S2:DATA:742
09:07:49.667,S2,IGNORE_POLL,,,,,,POLL:1,[IGNORE] POLL:1
09:07:49.670,S1,RX_POLL,-71,9.0,742,,655,,[RX] POLL:1 | RSSI: -71 dBm | SNR: 9.00 dB | RX#: 742
09:07:49.670,S1,TX_DATA,,,,742,,,[TX] S1:DATA:742
09:07:49.711,S2,IGNORE_REPLY,,,,,,S1:DATA:742,[IGNORE] S1:DATA:742
09:07:49.744,S1,IGNORE_POLL,,,,,,POLL:2,[IGNORE] POLL:2
09:07:49.748,S2,RX_POLL,-75,9.0,743,,655,,[RX] POLL:2 | RSSI: -75 dBm | SNR: 9.00 dB | RX#: 743
09:07:49.748,S2,TX_DATA,,,,743,,,[TX] S2:DATA:743
09:07:49.789,S1,IGNORE_REPLY,,,,,,S2:DATA:743,[IGNORE] S2:DATA:743
09:07:50.322,S2,IGNORE_POLL,,,,,,POLL:1,[IGNORE] POLL:1
09:07:50.325,S1,RX_POLL,-70,8.75,743,,655,,[RX] POLL:1 | RSSI: -70 dBm | SNR: 8.75 dB | RX#: 743
09:07:50.326,S1,TX_DATA,,,,743,,,[TX] S1:DATA:743
09:07:50.367,S2,IGNORE_REPLY,,,,,,S1:DATA:743,[IGNORE] S1:DATA:743
09:07:50.399,S1,IGNORE_POLL,,,,,,POLL:2,[IGNORE] POLL:2
09:07:50.403,S2,RX_POLL,-74,9.0,744,,655,,[RX] POLL:2 | RSSI: -74 dBm | SNR: 9.00 dB | RX#: 744
09:07:50.404,S2,TX_DATA,,,,744,,,[TX] S2:DATA:744
09:07:50.444,S1,IGNORE_REPLY,,,,,,S2:DATA:744,[IGNORE] S2:DATA:744
09:07:50.978,S2,IGNORE_POLL,,,,,,POLL:1,[IGNORE] POLL:1
09:07:50.981,S1,RX_POLL,-70,9.0,744,,655,,[RX] POLL:1 | RSSI: -70 dBm | SNR: 9.00 dB | RX#: 744
09:07:50.981,S1,TX_DATA,,,,744,,,[TX] S1:DATA:744
09:07:51.022,S2,IGNORE_REPLY,,,,,,S1:DATA:744,[IGNORE] S1:DATA:744
09:07:51.054,S1,IGNORE_POLL,,,,,,POLL:2,[IGNORE] POLL:2
09:07:51.059,S2,RX_POLL,-75,8.75,745,,655,,[RX] POLL:2 | RSSI: -75 dBm | SNR: 8.75 dB | RX#: 745
09:07:51.059,S2,TX_DATA,,,,745,,,[TX] S2:DATA:745
09:07:51.100,S1,IGNORE_REPLY,,,,,,S2:DATA:745,[IGNORE] S2:DATA:745
09:07:51.633,S2,IGNORE_POLL,,,,,,POLL:1,[IGNORE] POLL:1
09:07:51.636,S1,RX_POLL,-70,8.5,745,,655,,[RX] POLL:1 | RSSI: -70 dBm | SNR: 8.50 dB | RX#: 745
09:07:51.636,S1,TX_DATA,,,,745,,,[TX] S1:DATA:745
09:07:51.677,S2,IGNORE_REPLY,,,,,,S1:DATA:745,[IGNORE] S1:DATA:745
09:07:51.710,S1,IGNORE_POLL,,,,,,POLL:2,[IGNORE] POLL:2
09:07:51.714,S2,RX_POLL,-75,8.5,746,,656,,[RX] POLL:2 | RSSI: -75 dBm | SNR: 8.50 dB | RX#: 746
09:07:51.715,S2,TX_DATA,,,,746,,,[TX] S2:DATA:746
09:07:51.755,S1,IGNORE_REPLY,,,,,,S2:DATA:746,[IGNORE] S2:DATA:746
09:07:52.288,S2,IGNORE_POLL,,,,,,POLL:1,[IGNORE] POLL:1
09:07:52.291,S1,RX_POLL,-70,8.75,746,,655,,[RX] POLL:1 | RSSI: -70 dBm | SNR: 8.75 dB | RX#: 746
09:07:52.292,S1,TX_DATA,,,,746,,,[TX] S1:DATA:746
09:07:52.332,S2,IGNORE_REPLY,,,,,,S1:DATA:746,[IGNORE] S1:DATA:746
09:07:52.366,S1,IGNORE_POLL,,,,,,POLL:2,[IGNORE] POLL:2
09:07:52.370,S2,RX_POLL,-74,8.75,747,,656,,[RX] POLL:2 | RSSI: -74 dBm | SNR: 8.75 dB | RX#: 747
09:07:52.370,S2,TX_DATA,,,,747,,,[TX] S2:DATA:747
09:07:52.410,S1,IGNORE_REPLY,,,,,,S2:DATA:747,[IGNORE] S2:DATA:747
09:07:52.943,S2,IGNORE_POLL,,,,,,POLL:1,[IGNORE] POLL:1
09:07:52.947,S1,RX_POLL,-70,8.5,747,,656,,[RX] POLL:1 | RSSI: -70 dBm | SNR: 8.50 dB | RX#: 747
09:07:52.947,S1,TX_DATA,,,,747,,,[TX] S1:DATA:747
09:07:52.988,S2,IGNORE_REPLY,,,,,,S1:DATA:747,[IGNORE] S1:DATA:747
09:07:53.021,S1,IGNORE_POLL,,,,,,POLL:2,[IGNORE] POLL:2
09:07:53.025,S2,RX_POLL,-74,8.5,748,,655,,[RX] POLL:2 | RSSI: -74 dBm | SNR: 8.50 dB | RX#: 748
09:07:53.025,S2,TX_DATA,,,,748,,,[TX] S2:DATA:748
09:07:53.069,S1,IGNORE_REPLY,,,,,,S2:DATA:748,[IGNORE] S2:DATA:748
09:07:53.598,S2,IGNORE_POLL,,,,,,POLL:1,[IGNORE] POLL:1
09:07:53.602,S1,RX_POLL,-70,8.75,748,,655,,[RX] POLL:1 | RSSI: -70 dBm | SNR: 8.75 dB | RX#: 748
09:07:53.602,S1,TX_DATA,,,,748,,,[TX] S1:DATA:748
09:07:53.643,S2,IGNORE_REPLY,,,,,,S1:DATA:748,[IGNORE] S1:DATA:748
09:07:53.676,S1,IGNORE_POLL,,,,,,POLL:2,[IGNORE] POLL:2
09:07:53.680,S2,RX_POLL,-74,9.0,749,,655,,[RX] POLL:2 | RSSI: -74 dBm | SNR: 9.00 dB | RX#: 749
09:07:53.680,S2,TX_DATA,,,,749,,,[TX] S2:DATA:749
09:07:53.721,S1,IGNORE_REPLY,,,,,,S2:DATA:749,[IGNORE] S2:DATA:749
09:07:54.254,S2,IGNORE_POLL,,,,,,POLL:1,[IGNORE] POLL:1
09:07:54.257,S1,RX_POLL,-70,9.0,749,,655,,[RX] POLL:1 | RSSI: -70 dBm | SNR: 9.00 dB | RX#: 749
09:07:54.261,S1,TX_DATA,,,,749,,,[TX] S1:DATA:749
09:07:54.298,S2,IGNORE_REPLY,,,,,,S1:DATA:749,[IGNORE] S1:DATA:749
09:07:54.331,S1,IGNORE_POLL,,,,,,POLL:2,[IGNORE] POLL:2
09:07:54.336,S2,RX_POLL,-74,8.5,750,,655,,[RX] POLL:2 | RSSI: -74 dBm | SNR: 8.50 dB | RX#: 750
09:07:54.336,S2,TX_DATA,,,,750,,,[TX] S2:DATA:750
09:07:54.376,S1,IGNORE_REPLY,,,,,,S2:DATA:750,[IGNORE] S2:DATA:750
09:07:54.909,S2,IGNORE_POLL,,,,,,POLL:1,[IGNORE] POLL:1
09:07:54.913,S1,RX_POLL,-70,8.75,750,,656,,[RX] POLL:1 | RSSI: -70 dBm | SNR: 8.75 dB | RX#: 750
09:07:54.917,S1,TX_DATA,,,,750,,,[TX] S1:DATA:750
09:07:54.954,S2,IGNORE_REPLY,,,,,,S1:DATA:750,[IGNORE] S1:DATA:750
09:07:54.987,S1,IGNORE_POLL,,,,,,POLL:2,[IGNORE] POLL:2
09:07:54.991,S2,RX_POLL,-75,8.5,751,,656,,[RX] POLL:2 | RSSI: -75 dBm | SNR: 8.50 dB | RX#: 751
09:07:54.995,S2,TX_DATA,,,,751,,,[TX] S2:DATA:751
09:07:55.035,S1,IGNORE_REPLY,,,,,,S2:DATA:751,[IGNORE] S2:DATA:751
09:07:55.564,S2,IGNORE_POLL,,,,,,POLL:1,[IGNORE] POLL:1
09:07:55.568,S1,RX_POLL,-70,9.0,751,,655,,[RX] POLL:1 | RSSI: -70 dBm | SNR: 9.00 dB | RX#: 751
09:07:55.572,S1,TX_DATA,,,,751,,,[TX] S1:DATA:751
09:07:55.613,S2,IGNORE_REPLY,,,,,,S1:DATA:751,[IGNORE] S1:DATA:751
09:07:55.646,S1,IGNORE_POLL,,,,,,POLL:2,[IGNORE] POLL:2
09:07:55.646,S2,RX_POLL,-75,9.0,752,,655,,[RX] POLL:2 | RSSI: -75 dBm | SNR: 9.00 dB | RX#: 752
09:07:55.650,S2,TX_DATA,,,,752,,,[TX] S2:DATA:752
09:07:55.691,S1,IGNORE_REPLY,,,,,,S2:DATA:752,[IGNORE] S2:DATA:752
09:07:56.224,S2,IGNORE_POLL,,,,,,POLL:1,[IGNORE] POLL:1
09:07:56.224,S1,RX_POLL,-70,8.75,752,,656,,[RX] POLL:1 | RSSI: -70 dBm | SNR: 8.75 dB | RX#: 752
09:07:56.227,S1,TX_DATA,,,,752,,,[TX] S1:DATA:752
09:07:56.268,S2,IGNORE_REPLY,,,,,,S1:DATA:752,[IGNORE] S1:DATA:752
09:07:56.301,S1,IGNORE_POLL,,,,,,POLL:2,[IGNORE] POLL:2
09:07:56.302,S2,RX_POLL,-74,8.75,753,,656,,[RX] POLL:2 | RSSI: -74 dBm | SNR: 8.75 dB | RX#: 753
09:07:56.305,S2,TX_DATA,,,,753,,,[TX] S2:DATA:753
09:07:56.346,S1,IGNORE_REPLY,,,,,,S2:DATA:753,[IGNORE] S2:DATA:753
09:07:56.879,S2,IGNORE_POLL,,,,,,POLL:1,[IGNORE] POLL:1
09:07:56.879,S1,RX_POLL,-70,9.0,753,,655,,[RX] POLL:1 | RSSI: -70 dBm | SNR: 9.00 dB | RX#: 753
09:07:56.882,S1,TX_DATA,,,,753,,,[TX] S1:DATA:753
09:07:56.924,S2,IGNORE_REPLY,,,,,,S1:DATA:753,[IGNORE] S1:DATA:753
09:07:56.956,S1,IGNORE_POLL,,,,,,POLL:2,[IGNORE] POLL:2
09:07:56.957,S2,RX_POLL,-75,8.5,754,,655,,[RX] POLL:2 | RSSI: -75 dBm | SNR: 8.50 dB | RX#: 754
09:07:56.961,S2,TX_DATA,,,,754,,,[TX] S2:DATA:754
09:07:57.001,S1,IGNORE_REPLY,,,,,,S2:DATA:754,[IGNORE] S2:DATA:754
09:07:57.534,S2,IGNORE_POLL,,,,,,POLL:1,[IGNORE] POLL:1
09:07:57.534,S1,RX_POLL,-70,9.0,754,,655,,[RX] POLL:1 | RSSI: -70 dBm | SNR: 9.00 dB | RX#: 754
09:07:57.538,S1,TX_DATA,,,,754,,,[TX] S1:DATA:754
09:07:57.579,S2,IGNORE_REPLY,,,,,,S1:DATA:754,[IGNORE] S1:DATA:754
09:07:57.612,S1,IGNORE_POLL,,,,,,POLL:2,[IGNORE] POLL:2
09:07:57.612,S2,RX_POLL,-74,8.25,755,,655,,[RX] POLL:2 | RSSI: -74 dBm | SNR: 8.25 dB | RX#: 755
09:07:57.616,S2,TX_DATA,,,,755,,,[TX] S2:DATA:755
09:07:57.657,S1,IGNORE_REPLY,,,,,,S2:DATA:755,[IGNORE] S2:DATA:755
09:07:58.189,S2,IGNORE_POLL,,,,,,POLL:1,[IGNORE] POLL:1
09:07:58.193,S1,RX_POLL,-70,8.75,755,,659,,[RX] POLL:1 | RSSI: -70 dBm | SNR: 8.75 dB | RX#: 755
09:07:58.193,S1,TX_DATA,,,,755,,,[TX] S1:DATA:755
09:07:58.234,S2,IGNORE_REPLY,,,,,,S1:DATA:755,[IGNORE] S1:DATA:755
09:07:58.268,S1,IGNORE_POLL,,,,,,POLL:2,[IGNORE] POLL:2
09:07:58.268,S2,RX_POLL,-75,8.5,756,,656,,[RX] POLL:2 | RSSI: -75 dBm | SNR: 8.50 dB | RX#: 756
09:07:58.271,S2,TX_DATA,,,,756,,,[TX] S2:DATA:756
09:07:58.312,S1,IGNORE_REPLY,,,,,,S2:DATA:756,[IGNORE] S2:DATA:756
09:07:58.845,S2,IGNORE_POLL,,,,,,POLL:1,[IGNORE] POLL:1
09:07:58.849,S1,RX_POLL,-70,9.0,756,,656,,[RX] POLL:1 | RSSI: -70 dBm | SNR: 9.00 dB | RX#: 756
09:07:58.849,S1,TX_DATA,,,,756,,,[TX] S1:DATA:756
09:07:58.890,S2,IGNORE_REPLY,,,,,,S1:DATA:756,[IGNORE] S1:DATA:756
09:07:58.922,S1,IGNORE_POLL,,,,,,POLL:2,[IGNORE] POLL:2
09:07:58.923,S2,RX_POLL,-75,8.75,757,,655,,[RX] POLL:2 | RSSI: -75 dBm | SNR: 8.75 dB | RX#: 757
09:07:58.927,S2,TX_DATA,,,,757,,,[TX] S2:DATA:757
09:07:58.967,S1,IGNORE_REPLY,,,,,,S2:DATA:757,[IGNORE] S2:DATA:757
09:07:59.500,S2,IGNORE_POLL,,,,,,POLL:1,[IGNORE] POLL:1
09:07:59.504,S1,RX_POLL,-70,8.75,757,,655,,[RX] POLL:1 | RSSI: -70 dBm | SNR: 8.75 dB | RX#: 757
09:07:59.504,S1,TX_DATA,,,,757,,,[TX] S1:DATA:757
09:07:59.545,S2,IGNORE_REPLY,,,,,,S1:DATA:757,[IGNORE] S1:DATA:757
09:07:59.578,S1,IGNORE_POLL,,,,,,POLL:2,[IGNORE] POLL:2
09:07:59.582,S2,RX_POLL,-74,8.25,758,,659,,[RX] POLL:2 | RSSI: -74 dBm | SNR: 8.25 dB | RX#: 758
09:07:59.582,S2,TX_DATA,,,,758,,,[TX] S2:DATA:758
09:07:59.623,S1,IGNORE_REPLY,,,,,,S2:DATA:758,[IGNORE] S2:DATA:758
09:08:00.156,S2,IGNORE_POLL,,,,,,POLL:1,[IGNORE] POLL:1
09:08:00.159,S1,RX_POLL,-70,9.25,758,,655,,[RX] POLL:1 | RSSI: -70 dBm | SNR: 9.25 dB | RX#: 758
09:08:00.160,S1,TX_DATA,,,,758,,,[TX] S1:DATA:758
09:08:00.200,S2,IGNORE_REPLY,,,,,,S1:DATA:758,[IGNORE] S1:DATA:758
09:08:00.234,S1,IGNORE_POLL,,,,,,POLL:2,[IGNORE] POLL:2
09:08:00.238,S2,RX_POLL,-74,8.5,759,,656,,[RX] POLL:2 | RSSI: -74 dBm | SNR: 8.50 dB | RX#: 759
09:08:00.238,S2,TX_DATA,,,,759,,,[TX] S2:DATA:759
09:08:00.278,S1,IGNORE_REPLY,,,,,,S2:DATA:759,[IGNORE] S2:DATA:759
09:08:00.811,S2,IGNORE_POLL,,,,,,POLL:1,[IGNORE] POLL:1
09:08:00.815,S1,RX_POLL,-71,8.75,759,,655,,[RX] POLL:1 | RSSI: -71 dBm | SNR: 8.75 dB | RX#: 759
09:08:00.815,S1,TX_DATA,,,,759,,,[TX] S1:DATA:759
09:08:00.856,S2,IGNORE_REPLY,,,,,,S1:DATA:759,[IGNORE] S1:DATA:759
09:08:00.888,S1,IGNORE_POLL,,,,,,POLL:2,[IGNORE] POLL:2
09:08:00.893,S2,RX_POLL,-74,8.5,760,,655,,[RX] POLL:2 | RSSI: -74 dBm | SNR: 8.50 dB | RX#: 760
09:08:00.893,S2,TX_DATA,,,,760,,,[TX] S2:DATA:760
09:08:00.934,S1,IGNORE_REPLY,,,,,,S2:DATA:760,[IGNORE] S2:DATA:760
09:08:01.466,S2,IGNORE_POLL,,,,,,POLL:1,[IGNORE] POLL:1
09:08:01.470,S1,RX_POLL,-70,9.0,760,,655,,[RX] POLL:1 | RSSI: -70 dBm | SNR: 9.00 dB | RX#: 760
09:08:01.470,S1,TX_DATA,,,,760,,,[TX] S1:DATA:760
09:08:01.511,S2,IGNORE_REPLY,,,,,,S1:DATA:760,[IGNORE] S1:DATA:760
09:08:01.544,S1,IGNORE_POLL,,,,,,POLL:2,[IGNORE] POLL:2
09:08:01.548,S2,RX_POLL,-74,8.75,761,,655,,[RX] POLL:2 | RSSI: -74 dBm | SNR: 8.75 dB | RX#: 761
09:08:01.548,S2,TX_DATA,,,,761,,,[TX] S2:DATA:761
09:08:01.589,S1,IGNORE_REPLY,,,,,,S2:DATA:761,[IGNORE] S2:DATA:761
09:08:02.122,S2,IGNORE_POLL,,,,,,POLL:1,[IGNORE] POLL:1
09:08:02.125,S1,RX_POLL,-70,8.75,761,,655,,[RX] POLL:1 | RSSI: -70 dBm | SNR: 8.75 dB | RX#: 761
09:08:02.125,S1,TX_DATA,,,,761,,,[TX] S1:DATA:761
09:08:02.167,S2,IGNORE_REPLY,,,,,,S1:DATA:761,[IGNORE] S1:DATA:761
09:08:02.199,S1,IGNORE_POLL,,,,,,POLL:2,[IGNORE] POLL:2
09:08:02.203,S2,RX_POLL,-74,8.75,762,,655,,[RX] POLL:2 | RSSI: -74 dBm | SNR: 8.75 dB | RX#: 762
09:08:02.203,S2,TX_DATA,,,,762,,,[TX] S2:DATA:762
09:08:02.244,S1,IGNORE_REPLY,,,,,,S2:DATA:762,[IGNORE] S2:DATA:762
09:08:02.777,S2,IGNORE_POLL,,,,,,POLL:1,[IGNORE] POLL:1
09:08:02.781,S1,RX_POLL,-70,9.0,762,,655,,[RX] POLL:1 | RSSI: -70 dBm | SNR: 9.00 dB | RX#: 762
09:08:02.781,S1,TX_DATA,,,,762,,,[TX] S1:DATA:762
09:08:02.822,S2,IGNORE_REPLY,,,,,,S1:DATA:762,[IGNORE] S1:DATA:762
09:08:02.855,S1,IGNORE_POLL,,,,,,POLL:2,[IGNORE] POLL:2
09:08:02.859,S2,RX_POLL,-74,9.0,763,,655,,[RX] POLL:2 | RSSI: -74 dBm | SNR: 9.00 dB | RX#: 763
09:08:02.859,S2,TX_DATA,,,,763,,,[TX] S2:DATA:763
09:08:02.899,S1,IGNORE_REPLY,,,,,,S2:DATA:763,[IGNORE] S2:DATA:763
09:08:03.432,S2,IGNORE_POLL,,,,,,POLL:1,[IGNORE] POLL:1
09:08:03.436,S1,RX_POLL,-71,9.0,763,,655,,[RX] POLL:1 | RSSI: -71 dBm | SNR: 9.00 dB | RX#: 763
09:08:03.436,S1,TX_DATA,,,,763,,,[TX] S1:DATA:763
09:08:03.478,S2,IGNORE_REPLY,,,,,,S1:DATA:763,[IGNORE] S1:DATA:763
09:08:03.510,S1,IGNORE_POLL,,,,,,POLL:2,[IGNORE] POLL:2
09:08:03.514,S2,RX_POLL,-74,8.75,764,,655,,[RX] POLL:2 | RSSI: -74 dBm | SNR: 8.75 dB | RX#: 764
09:08:03.514,S2,TX_DATA,,,,764,,,[TX] S2:DATA:764
09:08:03.555,S1,IGNORE_REPLY,,,,,,S2:DATA:764,[IGNORE] S2:DATA:764
09:08:04.087,S2,IGNORE_POLL,,,,,,POLL:1,[IGNORE] POLL:1
09:08:04.091,S1,RX_POLL,-70,9.0,764,,655,,[RX] POLL:1 | RSSI: -70 dBm | SNR: 9.00 dB | RX#: 764
09:08:04.091,S1,TX_DATA,,,,764,,,[TX] S1:DATA:764
09:08:04.133,S2,IGNORE_REPLY,,,,,,S1:DATA:764,[IGNORE] S1:DATA:764
09:08:04.165,S1,IGNORE_POLL,,,,,,POLL:2,[IGNORE] POLL:2
09:08:04.169,S2,RX_POLL,-74,9.0,765,,655,,[RX] POLL:2 | RSSI: -74 dBm | SNR: 9.00 dB | RX#: 765
09:08:04.170,S2,TX_DATA,,,,765,,,[TX] S2:DATA:765
09:08:04.210,S1,IGNORE_REPLY,,,,,,S2:DATA:765,[IGNORE] S2:DATA:765
09:08:04.743,S2,IGNORE_POLL,,,,,,POLL:1,[IGNORE] POLL:1
09:08:04.747,S1,RX_POLL,-70,8.75,765,,655,,[RX] POLL:1 | RSSI: -70 dBm | SNR: 8.75 dB | RX#: 765
09:08:04.747,S1,TX_DATA,,,,765,,,[TX] S1:DATA:765
09:08:04.788,S2,IGNORE_REPLY,,,,,,S1:DATA:765,[IGNORE] S1:DATA:765
09:08:04.821,S1,IGNORE_POLL,,,,,,POLL:2,[IGNORE] POLL:2
09:08:04.825,S2,RX_POLL,-74,9.0,766,,656,,[RX] POLL:2 | RSSI: -74 dBm | SNR: 9.00 dB | RX#: 766
09:08:04.826,S2,TX_DATA,,,,766,,,[TX] S2:DATA:766
09:08:04.865,S1,IGNORE_REPLY,,,,,,S2:DATA:766,[IGNORE] S2:DATA:766
09:08:05.399,S2,IGNORE_POLL,,,,,,POLL:1,[IGNORE] POLL:1
09:08:05.402,S1,RX_POLL,-70,9.0,766,,655,,[RX] POLL:1 | RSSI: -70 dBm | SNR: 9.00 dB | RX#: 766
09:08:05.406,S1,TX_DATA,,,,766,,,[TX] S1:DATA:766
09:08:05.443,S2,IGNORE_REPLY,,,,,,S1:DATA:766,[IGNORE] S1:DATA:766
09:08:05.476,S1,IGNORE_POLL,,,,,,POLL:2,[IGNORE] POLL:2
09:08:05.480,S2,RX_POLL,-74,8.75,767,,655,,[RX] POLL:2 | RSSI: -74 dBm | SNR: 8.75 dB | RX#: 767
09:08:05.480,S2,TX_DATA,,,,767,,,[TX] S2:DATA:767
09:08:05.521,S1,IGNORE_REPLY,,,,,,S2:DATA:767,[IGNORE] S2:DATA:767
09:08:06.053,S2,IGNORE_POLL,,,,,,POLL:1,[IGNORE] POLL:1
09:08:06.058,S1,RX_POLL,-70,9.0,767,,656,,[RX] POLL:1 | RSSI: -70 dBm | SNR: 9.00 dB | RX#: 767
09:08:06.061,S1,TX_DATA,,,,767,,,[TX] S1:DATA:767
09:08:06.099,S2,IGNORE_REPLY,,,,,,S1:DATA:767,[IGNORE] S1:DATA:767
09:08:06.131,S1,IGNORE_POLL,,,,,,POLL:2,[IGNORE] POLL:2
09:08:06.136,S2,RX_POLL,-74,9.0,768,,656,,[RX] POLL:2 | RSSI: -74 dBm | SNR: 9.00 dB | RX#: 768
09:08:06.139,S2,TX_DATA,,,,768,,,[TX] S2:DATA:768
09:08:06.176,S1,IGNORE_REPLY,,,,,,S2:DATA:768,[IGNORE] S2:DATA:768
09:08:06.709,S2,IGNORE_POLL,,,,,,POLL:1,[IGNORE] POLL:1
09:08:06.713,S1,RX_POLL,-70,8.75,768,,655,,[RX] POLL:1 | RSSI: -70 dBm | SNR: 8.75 dB | RX#: 768
09:08:06.716,S1,TX_DATA,,,,768,,,[TX] S1:DATA:768
09:08:06.758,S2,IGNORE_REPLY,,,,,,S1:DATA:768,[IGNORE] S1:DATA:768
09:08:06.790,S1,IGNORE_POLL,,,,,,POLL:2,[IGNORE] POLL:2
09:08:06.791,S2,RX_POLL,-74,8.75,769,,655,,[RX] POLL:2 | RSSI: -74 dBm | SNR: 8.75 dB | RX#: 769
09:08:06.794,S2,TX_DATA,,,,769,,,[TX] S2:DATA:769
09:08:06.835,S1,IGNORE_REPLY,,,,,,S2:DATA:769,[IGNORE] S2:DATA:769
09:08:07.368,S2,IGNORE_POLL,,,,,,POLL:1,[IGNORE] POLL:1
09:08:07.368,S1,RX_POLL,-70,9.0,769,,656,,[RX] POLL:1 | RSSI: -70 dBm | SNR: 9.00 dB | RX#: 769
09:08:07.372,S1,TX_DATA,,,,769,,,[TX] S1:DATA:769
09:08:07.413,S2,IGNORE_REPLY,,,,,,S1:DATA:769,[IGNORE] S1:DATA:769
09:08:07.445,S1,IGNORE_POLL,,,,,,POLL:2,[IGNORE] POLL:2
09:08:07.446,S2,RX_POLL,-74,8.75,770,,655,,[RX] POLL:2 | RSSI: -74 dBm | SNR: 8.75 dB | RX#: 770
09:08:07.450,S2,TX_DATA,,,,770,,,[TX] S2:DATA:770
09:08:07.490,S1,IGNORE_REPLY,,,,,,S2:DATA:770,[IGNORE] S2:DATA:770
09:08:08.023,S2,IGNORE_POLL,,,,,,POLL:1,[IGNORE] POLL:1
09:08:08.024,S1,RX_POLL,-70,9.0,770,,656,,[RX] POLL:1 | RSSI: -70 dBm | SNR: 9.00 dB | RX#: 770
09:08:08.027,S1,TX_DATA,,,,770,,,[TX] S1:DATA:770
09:08:08.068,S2,IGNORE_REPLY,,,,,,S1:DATA:770,[IGNORE] S1:DATA:770
09:08:08.101,S1,IGNORE_POLL,,,,,,POLL:2,[IGNORE] POLL:2
09:08:08.106,S2,RX_POLL,-74,8.75,771,,660,,[RX] POLL:2 | RSSI: -74 dBm | SNR: 8.75 dB | RX#: 771
09:08:08.106,S2,TX_DATA,,,,771,,,[TX] S2:DATA:771
09:08:08.146,S1,IGNORE_REPLY,,,,,,S2:DATA:771,[IGNORE] S2:DATA:771
09:08:08.679,S2,IGNORE_POLL,,,,,,POLL:1,[IGNORE] POLL:1
09:08:08.679,S1,RX_POLL,-70,8.75,771,,655,,[RX] POLL:1 | RSSI: -70 dBm | SNR: 8.75 dB | RX#: 771
09:08:08.682,S1,TX_DATA,,,,771,,,[TX] S1:DATA:771
09:08:08.724,S2,IGNORE_REPLY,,,,,,S1:DATA:771,[IGNORE] S1:DATA:771
09:08:08.756,S1,IGNORE_POLL,,,,,,POLL:2,[IGNORE] POLL:2
09:08:08.757,S2,RX_POLL,-74,9.25,772,,651,,[RX] POLL:2 | RSSI: -74 dBm | SNR: 9.25 dB | RX#: 772
09:08:08.760,S2,TX_DATA,,,,772,,,[TX] S2:DATA:772
09:08:08.801,S1,IGNORE_REPLY,,,,,,S2:DATA:772,[IGNORE] S2:DATA:772
09:08:09.334,S2,IGNORE_POLL,,,,,,POLL:1,[IGNORE] POLL:1
09:08:09.338,S1,RX_POLL,-70,9.0,772,,659,,[RX] POLL:1 | RSSI: -70 dBm | SNR: 9.00 dB | RX#: 772
09:08:09.338,S1,TX_DATA,,,,772,,,[TX] S1:DATA:772
09:08:09.379,S2,IGNORE_REPLY,,,,,,S1:DATA:772,[IGNORE] S1:DATA:772
09:08:09.412,S1,IGNORE_POLL,,,,,,POLL:2,[IGNORE] POLL:2
09:08:09.413,S2,RX_POLL,-74,8.5,773,,656,,[RX] POLL:2 | RSSI: -74 dBm | SNR: 8.50 dB | RX#: 773
09:08:09.416,S2,TX_DATA,,,,773,,,[TX] S2:DATA:773
09:08:09.457,S1,IGNORE_REPLY,,,,,,S2:DATA:773,[IGNORE] S2:DATA:773
09:08:09.989,S2,IGNORE_POLL,,,,,,POLL:1,[IGNORE] POLL:1
09:08:09.994,S1,RX_POLL,-71,9.0,773,,656,,[RX] POLL:1 | RSSI: -71 dBm | SNR: 9.00 dB | RX#: 773
09:08:09.994,S1,TX_DATA,,,,773,,,[TX] S1:DATA:773
09:08:10.034,S2,IGNORE_REPLY,,,,,,S1:DATA:773,[IGNORE] S1:DATA:773
09:08:10.067,S1,IGNORE_POLL,,,,,,POLL:2,[IGNORE] POLL:2
09:08:10.068,S2,RX_POLL,-74,8.75,774,,655,,[RX] POLL:2 | RSSI: -74 dBm | SNR: 8.75 dB | RX#: 774
09:08:10.071,S2,TX_DATA,,,,774,,,[TX] S2:DATA:774
09:08:10.112,S1,IGNORE_REPLY,,,,,,S2:DATA:774,[IGNORE] S2:DATA:774
09:08:10.647,S2,IGNORE_POLL,,,,,,POLL:1,[IGNORE] POLL:1
09:08:10.648,S1,RX_POLL,-70,9.0,774,,655,,[RX] POLL:1 | RSSI: -70 dBm | SNR: 9.00 dB | RX#: 774
09:08:10.649,S1,TX_DATA,,,,774,,,[TX] S1:DATA:774
09:08:10.690,S2,IGNORE_REPLY,,,,,,S1:DATA:774,[IGNORE] S1:DATA:774
09:08:10.723,S1,IGNORE_POLL,,,,,,POLL:2,[IGNORE] POLL:2
09:08:10.727,S2,RX_POLL,-74,8.25,775,,659,,[RX] POLL:2 | RSSI: -74 dBm | SNR: 8.25 dB | RX#: 775
09:08:10.727,S2,TX_DATA,,,,775,,,[TX] S2:DATA:775
09:08:10.767,S1,IGNORE_REPLY,,,,,,S2:DATA:775,[IGNORE] S2:DATA:775
09:08:11.300,S2,IGNORE_POLL,,,,,,POLL:1,[IGNORE] POLL:1
09:08:11.304,S1,RX_POLL,-70,8.75,775,,655,,[RX] POLL:1 | RSSI: -70 dBm | SNR: 8.75 dB | RX#: 775
09:08:11.304,S1,TX_DATA,,,,775,,,[TX] S1:DATA:775
09:08:11.345,S2,IGNORE_REPLY,,,,,,S1:DATA:775,[IGNORE] S1:DATA:775
09:08:11.378,S1,IGNORE_POLL,,,,,,POLL:2,[IGNORE] POLL:2
09:08:11.382,S2,RX_POLL,-74,9.0,776,,656,,[RX] POLL:2 | RSSI: -74 dBm | SNR: 9.00 dB | RX#: 776
09:08:11.383,S2,TX_DATA,,,,776,,,[TX] S2:DATA:776
09:08:11.423,S1,IGNORE_REPLY,,,,,,S2:DATA:776,[IGNORE] S2:DATA:776
09:08:11.956,S2,IGNORE_POLL,,,,,,POLL:1,[IGNORE] POLL:1
09:08:11.959,S1,RX_POLL,-70,8.75,776,,655,,[RX] POLL:1 | RSSI: -70 dBm | SNR: 8.75 dB | RX#: 776
09:08:11.959,S1,TX_DATA,,,,776,,,[TX] S1:DATA:776
09:08:12.000,S2,IGNORE_REPLY,,,,,,S1:DATA:776,[IGNORE] S1:DATA:776
09:08:12.033,S1,IGNORE_POLL,,,,,,POLL:2,[IGNORE] POLL:2
09:08:12.037,S2,RX_POLL,-74,9.0,777,,655,,[RX] POLL:2 | RSSI: -74 dBm | SNR: 9.00 dB | RX#: 777
09:08:12.037,S2,TX_DATA,,,,777,,,[TX] S2:DATA:777
09:08:12.078,S1,IGNORE_REPLY,,,,,,S2:DATA:777,[IGNORE] S2:DATA:777
09:08:12.611,S2,IGNORE_POLL,,,,,,POLL:1,[IGNORE] POLL:1
09:08:12.614,S1,RX_POLL,-70,8.75,777,,655,,[RX] POLL:1 | RSSI: -70 dBm | SNR: 8.75 dB | RX#: 777
09:08:12.615,S1,TX_DATA,,,,777,,,[TX] S1:DATA:777
09:08:12.656,S2,IGNORE_REPLY,,,,,,S1:DATA:777,[IGNORE] S1:DATA:777
09:08:12.688,S1,IGNORE_POLL,,,,,,POLL:2,[IGNORE] POLL:2
09:08:12.693,S2,RX_POLL,-74,8.75,778,,655,,[RX] POLL:2 | RSSI: -74 dBm | SNR: 8.75 dB | RX#: 778
09:08:12.693,S2,TX_DATA,,,,778,,,[TX] S2:DATA:778
09:08:12.734,S1,IGNORE_REPLY,,,,,,S2:DATA:778,[IGNORE] S2:DATA:778
09:08:13.266,S2,IGNORE_POLL,,,,,,POLL:1,[IGNORE] POLL:1
09:08:13.270,S1,RX_POLL,-70,8.75,778,,655,,[RX] POLL:1 | RSSI: -70 dBm | SNR: 8.75 dB | RX#: 778
09:08:13.270,S1,TX_DATA,,,,778,,,[TX] S1:DATA:778
09:08:13.311,S2,IGNORE_REPLY,,,,,,S1:DATA:778,[IGNORE] S1:DATA:778
09:08:13.343,S1,IGNORE_POLL,,,,,,POLL:2,[IGNORE] POLL:2
09:08:13.348,S2,RX_POLL,-74,9.0,779,,655,,[RX] POLL:2 | RSSI: -74 dBm | SNR: 9.00 dB | RX#: 779
09:08:13.348,S2,TX_DATA,,,,779,,,[TX] S2:DATA:779
09:08:13.389,S1,IGNORE_REPLY,,,,,,S2:DATA:779,[IGNORE] S2:DATA:779
09:08:13.921,S2,IGNORE_POLL,,,,,,POLL:1,[IGNORE] POLL:1
09:08:13.925,S1,RX_POLL,-70,8.75,779,,656,,[RX] POLL:1 | RSSI: -70 dBm | SNR: 8.75 dB | RX#: 779
09:08:13.926,S1,TX_DATA,,,,779,,,[TX] S1:DATA:779
09:08:13.966,S2,IGNORE_REPLY,,,,,,S1:DATA:779,[IGNORE] S1:DATA:779
09:08:13.999,S1,IGNORE_POLL,,,,,,POLL:2,[IGNORE] POLL:2
09:08:14.003,S2,RX_POLL,-74,8.75,780,,655,,[RX] POLL:2 | RSSI: -74 dBm | SNR: 8.75 dB | RX#: 780
09:08:14.004,S2,TX_DATA,,,,780,,,[TX] S2:DATA:780
09:08:14.044,S1,IGNORE_REPLY,,,,,,S2:DATA:780,[IGNORE] S2:DATA:780
09:08:14.577,S2,IGNORE_POLL,,,,,,POLL:1,[IGNORE] POLL:1
09:08:14.581,S1,RX_POLL,-70,8.75,780,,655,,[RX] POLL:1 | RSSI: -70 dBm | SNR: 8.75 dB | RX#: 780
09:08:14.581,S1,TX_DATA,,,,780,,,[TX] S1:DATA:780
09:08:14.622,S2,IGNORE_REPLY,,,,,,S1:DATA:780,[IGNORE] S1:DATA:780
09:08:14.654,S1,IGNORE_POLL,,,,,,POLL:2,[IGNORE] POLL:2
09:08:14.659,S2,RX_POLL,-74,9.25,781,,655,,[RX] POLL:2 | RSSI: -74 dBm | SNR: 9.25 dB | RX#: 781
09:08:14.659,S2,TX_DATA,,,,781,,,[TX] S2:DATA:781
09:08:14.700,S1,IGNORE_REPLY,,,,,,S2:DATA:781,[IGNORE] S2:DATA:781
09:08:15.232,S2,IGNORE_POLL,,,,,,POLL:1,[IGNORE] POLL:1
09:08:15.236,S1,RX_POLL,-70,9.0,781,,655,,[RX] POLL:1 | RSSI: -70 dBm | SNR: 9.00 dB | RX#: 781
09:08:15.236,S1,TX_DATA,,,,781,,,[TX] S1:DATA:781
09:08:15.277,S2,IGNORE_REPLY,,,,,,S1:DATA:781,[IGNORE] S1:DATA:781
09:08:15.309,S1,IGNORE_POLL,,,,,,POLL:2,[IGNORE] POLL:2
09:08:15.314,S2,RX_POLL,-74,9.0,782,,655,,[RX] POLL:2 | RSSI: -74 dBm | SNR: 9.00 dB | RX#: 782
09:08:15.314,S2,TX_DATA,,,,782,,,[TX] S2:DATA:782
09:08:15.354,S1,IGNORE_REPLY,,,,,,S2:DATA:782,[IGNORE] S2:DATA:782
09:08:15.887,S2,IGNORE_POLL,,,,,,POLL:1,[IGNORE] POLL:1
09:08:15.891,S1,RX_POLL,-70,8.75,782,,655,,[RX] POLL:1 | RSSI: -70 dBm | SNR: 8.75 dB | RX#: 782
09:08:15.891,S1,TX_DATA,,,,782,,,[TX] S1:DATA:782
09:08:15.932,S2,IGNORE_REPLY,,,,,,S1:DATA:782,[IGNORE] S1:DATA:782
09:08:15.965,S1,IGNORE_POLL,,,,,,POLL:2,[IGNORE] POLL:2
09:08:15.969,S2,RX_POLL,-74,9.0,783,,655,,[RX] POLL:2 | RSSI: -74 dBm | SNR: 9.00 dB | RX#: 783
09:08:15.970,S2,TX_DATA,,,,783,,,[TX] S2:DATA:783
09:08:16.010,S1,IGNORE_REPLY,,,,,,S2:DATA:783,[IGNORE] S2:DATA:783
09:08:16.543,S2,IGNORE_POLL,,,,,,POLL:1,[IGNORE] POLL:1
09:08:16.547,S1,RX_POLL,-70,9.0,783,,655,,[RX] POLL:1 | RSSI: -70 dBm | SNR: 9.00 dB | RX#: 783
09:08:16.547,S1,TX_DATA,,,,783,,,[TX] S1:DATA:783
09:08:16.588,S2,IGNORE_REPLY,,,,,,S1:DATA:783,[IGNORE] S1:DATA:783
09:08:16.620,S1,IGNORE_POLL,,,,,,POLL:2,[IGNORE] POLL:2
09:08:16.625,S2,RX_POLL,-74,9.25,784,,656,,[RX] POLL:2 | RSSI: -74 dBm | SNR: 9.25 dB | RX#: 784
09:08:16.625,S2,TX_DATA,,,,784,,,[TX] S2:DATA:784
09:08:16.665,S1,IGNORE_REPLY,,,,,,S2:DATA:784,[IGNORE] S2:DATA:784
09:08:17.198,S2,IGNORE_POLL,,,,,,POLL:1,[IGNORE] POLL:1
09:08:17.202,S1,RX_POLL,-70,9.25,784,,655,,[RX] POLL:1 | RSSI: -70 dBm | SNR: 9.25 dB | RX#: 784
09:08:17.205,S1,TX_DATA,,,,784,,,[TX] S1:DATA:784
09:08:17.243,S2,IGNORE_REPLY,,,,,,S1:DATA:784,[IGNORE] S1:DATA:784
09:08:17.275,S1,IGNORE_POLL,,,,,,POLL:2,[IGNORE] POLL:2
09:08:17.280,S2,RX_POLL,-74,9.0,785,,655,,[RX] POLL:2 | RSSI: -74 dBm | SNR: 9.00 dB | RX#: 785
09:08:17.280,S2,TX_DATA,,,,785,,,[TX] S2:DATA:785
09:08:17.321,S1,IGNORE_REPLY,,,,,,S2:DATA:785,[IGNORE] S2:DATA:785
09:08:17.853,S2,IGNORE_POLL,,,,,,POLL:1,[IGNORE] POLL:1
09:08:17.857,S1,RX_POLL,-70,9.0,785,,656,,[RX] POLL:1 | RSSI: -70 dBm | SNR: 9.00 dB | RX#: 785
09:08:17.861,S1,TX_DATA,,,,785,,,[TX] S1:DATA:785
09:08:17.898,S2,IGNORE_REPLY,,,,,,S1:DATA:785,[IGNORE] S1:DATA:785
09:08:17.931,S1,IGNORE_POLL,,,,,,POLL:2,[IGNORE] POLL:2
09:08:17.935,S2,RX_POLL,-74,9.0,786,,655,,[RX] POLL:2 | RSSI: -74 dBm | SNR: 9.00 dB | RX#: 786
09:08:17.936,S2,TX_DATA,,,,786,,,[TX] S2:DATA:786
09:08:17.976,S1,IGNORE_REPLY,,,,,,S2:DATA:786,[IGNORE] S2:DATA:786
09:08:18.509,S2,IGNORE_POLL,,,,,,POLL:1,[IGNORE] POLL:1
09:08:18.513,S1,RX_POLL,-70,9.0,786,,655,,[RX] POLL:1 | RSSI: -70 dBm | SNR: 9.00 dB | RX#: 786
09:08:18.516,S1,TX_DATA,,,,786,,,[TX] S1:DATA:786
09:08:18.554,S2,IGNORE_REPLY,,,,,,S1:DATA:786,[IGNORE] S1:DATA:786
09:08:18.586,S1,IGNORE_POLL,,,,,,POLL:2,[IGNORE] POLL:2
09:08:18.591,S2,RX_POLL,-74,9.0,787,,655,,[RX] POLL:2 | RSSI: -74 dBm | SNR: 9.00 dB | RX#: 787
09:08:18.595,S2,TX_DATA,,,,787,,,[TX] S2:DATA:787
09:08:18.632,S1,IGNORE_REPLY,,,,,,S2:DATA:787,[IGNORE] S2:DATA:787
09:08:19.164,S2,IGNORE_POLL,,,,,,POLL:1,[IGNORE] POLL:1
09:08:19.168,S1,RX_POLL,-70,9.0,787,,655,,[RX] POLL:1 | RSSI: -70 dBm | SNR: 9.00 dB | RX#: 787
09:08:19.172,S1,TX_DATA,,,,787,,,[TX] S1:DATA:787
09:08:19.209,S2,IGNORE_REPLY,,,,,,S1:DATA:787,[IGNORE] S1:DATA:787
09:08:19.242,S1,IGNORE_POLL,,,,,,POLL:2,[IGNORE] POLL:2
09:08:19.246,S2,RX_POLL,-74,9.0,788,,655,,[RX] POLL:2 | RSSI: -74 dBm | SNR: 9.00 dB | RX#: 788
09:08:19.250,S2,TX_DATA,,,,788,,,[TX] S2:DATA:788
09:08:19.290,S1,IGNORE_REPLY,,,,,,S2:DATA:788,[IGNORE] S2:DATA:788
09:08:19.819,S2,IGNORE_POLL,,,,,,POLL:1,[IGNORE] POLL:1
09:08:19.823,S1,RX_POLL,-71,8.75,788,,655,,[RX] POLL:1 | RSSI: -71 dBm | SNR: 8.75 dB | RX#: 788
09:08:19.827,S1,TX_DATA,,,,788,,,[TX] S1:DATA:788
09:08:19.868,S2,IGNORE_REPLY,,,,,,S1:DATA:788,[IGNORE] S1:DATA:788
09:08:19.901,S1,IGNORE_POLL,,,,,,POLL:2,[IGNORE] POLL:2
09:08:19.902,S2,RX_POLL,-74,8.5,789,,656,,[RX] POLL:2 | RSSI: -74 dBm | SNR: 8.50 dB | RX#: 789
09:08:19.905,S2,TX_DATA,,,,789,,,[TX] S2:DATA:789
09:08:19.946,S1,IGNORE_REPLY,,,,,,S2:DATA:789,[IGNORE] S2:DATA:789
09:08:20.475,S2,IGNORE_POLL,,,,,,POLL:1,[IGNORE] POLL:1
09:08:20.479,S1,RX_POLL,-70,8.75,789,,656,,[RX] POLL:1 | RSSI: -70 dBm | SNR: 8.75 dB | RX#: 789
09:08:20.483,S1,TX_DATA,,,,789,,,[TX] S1:DATA:789
09:08:20.524,S2,IGNORE_REPLY,,,,,,S1:DATA:789,[IGNORE] S1:DATA:789
09:08:20.556,S1,IGNORE_POLL,,,,,,POLL:2,[IGNORE] POLL:2
09:08:20.557,S2,RX_POLL,-74,9.0,790,,655,,[RX] POLL:2 | RSSI: -74 dBm | SNR: 9.00 dB | RX#: 790
09:08:20.560,S2,TX_DATA,,,,790,,,[TX] S2:DATA:790
09:08:20.601,S1,IGNORE_REPLY,,,,,,S2:DATA:790,[IGNORE] S2:DATA:790
09:08:21.134,S2,IGNORE_POLL,,,,,,POLL:1,[IGNORE] POLL:1
09:08:21.135,S1,RX_POLL,-70,9.0,790,,655,,[RX] POLL:1 | RSSI: -70 dBm | SNR: 9.00 dB | RX#: 790
09:08:21.138,S1,TX_DATA,,,,790,,,[TX] S1:DATA:790
09:08:21.179,S2,IGNORE_REPLY,,,,,,S1:DATA:790,[IGNORE] S1:DATA:790
09:08:21.211,S1,IGNORE_POLL,,,,,,POLL:2,[IGNORE] POLL:2
09:08:21.212,S2,RX_POLL,-74,9.0,791,,655,,[RX] POLL:2 | RSSI: -74 dBm | SNR: 9.00 dB | RX#: 791
09:08:21.216,S2,TX_DATA,,,,791,,,[TX] S2:DATA:791
09:08:21.256,S1,IGNORE_REPLY,,,,,,S2:DATA:791,[IGNORE] S2:DATA:791
09:08:21.790,S2,IGNORE_POLL,,,,,,POLL:1,[IGNORE] POLL:1
09:08:21.794,S1,RX_POLL,-70,8.75,791,,659,,[RX] POLL:1 | RSSI: -70 dBm | SNR: 8.75 dB | RX#: 791
09:08:21.794,S1,TX_DATA,,,,791,,,[TX] S1:DATA:791
09:08:21.834,S2,IGNORE_REPLY,,,,,,S1:DATA:791,[IGNORE] S1:DATA:791
09:08:21.867,S1,IGNORE_POLL,,,,,,POLL:2,[IGNORE] POLL:2
09:08:21.868,S2,RX_POLL,-74,8.75,792,,655,,[RX] POLL:2 | RSSI: -74 dBm | SNR: 8.75 dB | RX#: 792
09:08:21.871,S2,TX_DATA,,,,792,,,[TX] S2:DATA:792
09:08:21.912,S1,IGNORE_REPLY,,,,,,S2:DATA:792,[IGNORE] S2:DATA:792
09:08:22.445,S2,IGNORE_POLL,,,,,,POLL:1,[IGNORE] POLL:1
09:08:22.448,S1,RX_POLL,-70,8.5,792,,655,,[RX] POLL:1 | RSSI: -70 dBm | SNR: 8.50 dB | RX#: 792
09:08:22.449,S1,TX_DATA,,,,792,,,[TX] S1:DATA:792
09:08:22.490,S2,IGNORE_REPLY,,,,,,S1:DATA:792,[IGNORE] S1:DATA:792
09:08:22.522,S1,IGNORE_POLL,,,,,,POLL:2,[IGNORE] POLL:2
09:08:22.523,S2,RX_POLL,-74,9.25,793,,655,,[RX] POLL:2 | RSSI: -74 dBm | SNR: 9.25 dB | RX#: 793
09:08:22.526,S2,TX_DATA,,,,793,,,[TX] S2:DATA:793
09:08:22.567,S1,IGNORE_REPLY,,,,,,S2:DATA:793,[IGNORE] S2:DATA:793
09:08:23.100,S2,IGNORE_POLL,,,,,,POLL:1,[IGNORE] POLL:1
09:08:23.104,S1,RX_POLL,-70,8.75,793,,655,,[RX] POLL:1 | RSSI: -70 dBm | SNR: 8.75 dB | RX#: 793
09:08:23.104,S1,TX_DATA,,,,793,,,[TX] S1:DATA:793
09:08:23.145,S2,IGNORE_REPLY,,,,,,S1:DATA:793,[IGNORE] S1:DATA:793
09:08:23.177,S1,IGNORE_POLL,,,,,,POLL:2,[IGNORE] POLL:2
09:08:23.182,S2,RX_POLL,-74,9.0,794,,659,,[RX] POLL:2 | RSSI: -74 dBm | SNR: 9.00 dB | RX#: 794
09:08:23.182,S2,TX_DATA,,,,794,,,[TX] S2:DATA:794
09:08:23.222,S1,IGNORE_REPLY,,,,,,S2:DATA:794,[IGNORE] S2:DATA:794
09:08:23.756,S2,IGNORE_POLL,,,,,,POLL:1,[IGNORE] POLL:1
09:08:23.759,S1,RX_POLL,-71,8.75,794,,655,,[RX] POLL:1 | RSSI: -71 dBm | SNR: 8.75 dB | RX#: 794
09:08:23.759,S1,TX_DATA,,,,794,,,[TX] S1:DATA:794
09:08:23.801,S2,IGNORE_REPLY,,,,,,S1:DATA:794,[IGNORE] S1:DATA:794
09:08:23.833,S1,IGNORE_POLL,,,,,,POLL:2,[IGNORE] POLL:2
09:08:23.837,S2,RX_POLL,-74,8.5,795,,655,,[RX] POLL:2 | RSSI: -74 dBm | SNR: 8.50 dB | RX#: 795
09:08:23.837,S2,TX_DATA,,,,795,,,[TX] S2:DATA:795
09:08:23.879,S1,IGNORE_REPLY,,,,,,S2:DATA:795,[IGNORE] S2:DATA:795
